105;110;117;114;108;113;117;115;101;114;112;97;115;115;119;111;114;100;0;0;0;0;0;0;0;0;0;0;0;0;0;0;0;0;0;0;0;0;0;0;0;0;0;0;0;0;0;0;0;0;0;0;0;0;0;0;0;0;0;0;0;0;0;0;0;0;0;0;0;0;0;0;0;0;0;0;0;0;0;0
105;110;117;114;108;117;115;101;114;114;101;103;105;115;116;101;114;80;111;119;101;114;101;100;98;121;68;114;117;112;97;108;67;65;80;84;67;72;65;65;99;99;101;115;115;100;101;110;105;101;100;0;0;0;0;0;0;0;0;0;0;0;0;0;0;0;0;0;0;0;0;0;0;0;0;0;0;0;0;0
105;110;117;114;108;105;110;100;101;120;112;104;112;111;112;116;105;111;110;99;111;109;106;111;111;109;97;110;97;103;101;114;0;0;0;0;0;0;0;0;0;0;0;0;0;0;0;0;0;0;0;0;0;0;0;0;0;0;0;0;0;0;0;0;0;0;0;0;0;0;0;0;0;0;0;0;0;0;0;0
105;110;117;114;108;112;114;111;99;115;101;108;102;99;119;100;0;0;0;0;0;0;0;0;0;0;0;0;0;0;0;0;0;0;0;0;0;0;0;0;0;0;0;0;0;0;0;0;0;0;0;0;0;0;0;0;0;0;0;0;0;0;0;0;0;0;0;0;0;0;0;0;0;0;0;0;0;0;0;0
100;105;114;76;73;83;84;80;72;80;68;105;114;101;99;116;111;114;121;76;105;115;116;101;114;66;97;110;110;101;100;102;105;108;101;115;112;104;112;105;110;100;101;120;111;102;101;120;116;112;104;112;0;0;0;0;0;0;0;0;0;0;0;0;0;0;0;0;0;0;0;0;0;0;0;0;0;0;0;0
100;105;114;76;73;83;84;80;72;80;68;105;114;101;99;116;111;114;121;76;105;115;116;101;114;66;97;110;110;101;100;102;105;108;101;115;112;104;112;51;105;110;100;101;120;111;102;101;120;116;112;104;112;0;0;0;0;0;0;0;0;0;0;0;0;0;0;0;0;0;0;0;0;0;0;0;0;0;0;0
100;105;114;76;73;83;84;80;72;80;68;105;114;101;99;116;111;114;121;76;105;115;116;101;114;66;97;110;110;101;100;102;105;108;101;115;112;104;112;52;105;110;100;101;120;111;102;101;120;116;112;104;112;0;0;0;0;0;0;0;0;0;0;0;0;0;0;0;0;0;0;0;0;0;0;0;0;0;0;0
100;105;114;76;73;83;84;80;72;80;68;105;114;101;99;116;111;114;121;76;105;115;116;101;114;66;97;110;110;101;100;102;105;108;101;115;112;104;112;53;105;110;100;101;120;111;102;101;120;116;112;104;112;0;0;0;0;0;0;0;0;0;0;0;0;0;0;0;0;0;0;0;0;0;0;0;0;0;0;0
100;105;114;76;73;83;84;80;72;80;68;105;114;101;99;116;111;114;121;76;105;115;116;101;114;66;97;110;110;101;100;102;105;108;101;115;104;116;97;99;99;101;115;115;105;110;100;101;120;111;102;101;120;116;112;104;112;0;0;0;0;0;0;0;0;0;0;0;0;0;0;0;0;0;0;0;0;0;0;0
100;105;114;76;73;83;84;80;72;80;68;105;114;101;99;116;111;114;121;76;105;115;116;101;114;66;97;110;110;101;100;102;105;108;101;115;104;116;112;97;115;115;119;100;105;110;100;101;120;111;102;101;120;116;112;104;112;0;0;0;0;0;0;0;0;0;0;0;0;0;0;0;0;0;0;0;0;0;0;0
100;105;114;76;73;83;84;80;72;80;68;105;114;101;99;116;111;114;121;76;105;115;116;101;114;66;97;110;110;101;100;102;105;108;101;115;97;115;112;105;110;100;101;120;111;102;101;120;116;112;104;112;0;0;0;0;0;0;0;0;0;0;0;0;0;0;0;0;0;0;0;0;0;0;0;0;0;0;0;0
100;105;114;76;73;83;84;80;72;80;68;105;114;101;99;116;111;114;121;76;105;115;116;101;114;66;97;110;110;101;100;102;105;108;101;115;97;115;112;120;105;110;100;101;120;111;102;101;120;116;112;104;112;0;0;0;0;0;0;0;0;0;0;0;0;0;0;0;0;0;0;0;0;0;0;0;0;0;0;0
97;108;108;105;110;116;101;120;116;67;111;112;121;114;105;103;104;116;83;109;97;114;116;80;72;80;80;111;108;108;65;108;108;82;105;103;104;116;115;82;101;115;101;114;118;101;100;101;120;112;108;111;105;116;0;0;0;0;0;0;0;0;0;0;0;0;0;0;0;0;0;0;0;0;0;0;0;0;0;0
97;108;108;105;110;117;114;108;109;111;97;100;109;105;110;112;104;112;103;111;111;103;108;101;103;105;116;104;117;98;0;0;0;0;0;0;0;0;0;0;0;0;0;0;0;0;0;0;0;0;0;0;0;0;0;0;0;0;0;0;0;0;0;0;0;0;0;0;0;0;0;0;0;0;0;0;0;0;0;0
105;110;117;114;108;101;108;102;105;110;100;101;114;101;108;102;105;110;100;101;114;104;116;109;108;105;110;116;105;116;108;101;101;108;70;105;110;100;101;114;50;48;0;0;0;0;0;0;0;0;0;0;0;0;0;0;0;0;0;0;0;0;0;0;0;0;0;0;0;0;0;0;0;0;0;0;0;0;0;0
105;110;117;114;108;67;72;65;78;71;69;76;79;71;116;120;116;105;110;116;101;120;116;100;114;117;112;97;108;105;110;116;101;120;116;83;65;67;79;82;69;105;110;116;101;120;116;55;51;50;0;0;0;0;0;0;0;0;0;0;0;0;0;0;0;0;0;0;0;0;0;0;0;0;0;0;0;0;0;0
105;110;117;114;108;67;72;65;78;71;69;76;79;71;116;120;116;105;110;116;101;120;116;100;114;117;112;97;108;105;110;116;101;120;116;83;65;67;79;82;69;115;105;116;101;103;105;116;104;117;98;99;111;109;0;0;0;0;0;0;0;0;0;0;0;0;0;0;0;0;0;0;0;0;0;0;0;0;0;0
105;110;117;114;108;67;72;65;78;71;69;76;79;71;116;120;116;105;110;116;101;120;116;100;114;117;112;97;108;105;110;116;101;120;116;83;65;67;79;82;69;115;105;116;101;100;114;117;112;97;108;111;114;103;0;0;0;0;0;0;0;0;0;0;0;0;0;0;0;0;0;0;0;0;0;0;0;0;0;0
105;110;117;114;108;114;111;98;111;116;115;116;120;116;105;110;116;101;120;116;67;72;65;78;71;69;76;79;71;116;120;116;105;110;116;101;120;116;100;105;115;97;108;108;111;119;101;120;116;116;120;116;115;105;116;101;103;105;116;104;117;98;99;111;109;0;0;0;0;0;0;0;0;0;0;0;0;0;0;0
101;120;116;99;103;105;105;110;117;114;108;99;103;105;98;105;110;105;110;116;101;120;116;98;105;110;98;97;115;104;0;0;0;0;0;0;0;0;0;0;0;0;0;0;0;0;0;0;0;0;0;0;0;0;0;0;0;0;0;0;0;0;0;0;0;0;0;0;0;0;0;0;0;0;0;0;0;0;0;0
79;112;101;110;83;83;76;65;78;68;49;48;49;83;101;114;118;101;114;97;116;0;0;0;0;0;0;0;0;0;0;0;0;0;0;0;0;0;0;0;0;0;0;0;0;0;0;0;0;0;0;0;0;0;0;0;0;0;0;0;0;0;0;0;0;0;0;0;0;0;0;0;0;0;0;0;0;0;0;0
79;112;101;110;83;83;76;65;78;68;49;48;49;97;83;101;114;118;101;114;97;116;0;0;0;0;0;0;0;0;0;0;0;0;0;0;0;0;0;0;0;0;0;0;0;0;0;0;0;0;0;0;0;0;0;0;0;0;0;0;0;0;0;0;0;0;0;0;0;0;0;0;0;0;0;0;0;0;0;0
79;112;101;110;83;83;76;65;78;68;49;48;49;98;83;101;114;118;101;114;97;116;0;0;0;0;0;0;0;0;0;0;0;0;0;0;0;0;0;0;0;0;0;0;0;0;0;0;0;0;0;0;0;0;0;0;0;0;0;0;0;0;0;0;0;0;0;0;0;0;0;0;0;0;0;0;0;0;0;0
79;112;101;110;83;83;76;65;78;68;49;48;49;99;83;101;114;118;101;114;97;116;0;0;0;0;0;0;0;0;0;0;0;0;0;0;0;0;0;0;0;0;0;0;0;0;0;0;0;0;0;0;0;0;0;0;0;0;0;0;0;0;0;0;0;0;0;0;0;0;0;0;0;0;0;0;0;0;0;0
79;112;101;110;83;83;76;65;78;68;49;48;49;100;83;101;114;118;101;114;97;116;0;0;0;0;0;0;0;0;0;0;0;0;0;0;0;0;0;0;0;0;0;0;0;0;0;0;0;0;0;0;0;0;0;0;0;0;0;0;0;0;0;0;0;0;0;0;0;0;0;0;0;0;0;0;0;0;0;0
79;112;101;110;83;83;76;65;78;68;49;48;49;101;83;101;114;118;101;114;97;116;0;0;0;0;0;0;0;0;0;0;0;0;0;0;0;0;0;0;0;0;0;0;0;0;0;0;0;0;0;0;0;0;0;0;0;0;0;0;0;0;0;0;0;0;0;0;0;0;0;0;0;0;0;0;0;0;0;0
79;112;101;110;83;83;76;65;78;68;49;48;49;102;83;101;114;118;101;114;97;116;0;0;0;0;0;0;0;0;0;0;0;0;0;0;0;0;0;0;0;0;0;0;0;0;0;0;0;0;0;0;0;0;0;0;0;0;0;0;0;0;0;0;0;0;0;0;0;0;0;0;0;0;0;0;0;0;0;0
105;110;117;114;108;114;101;112;111;114;116;115;114;119;115;101;114;118;108;101;116;105;110;116;101;120;116;79;114;97;99;108;101;0;0;0;0;0;0;0;0;0;0;0;0;0;0;0;0;0;0;0;0;0;0;0;0;0;0;0;0;0;0;0;0;0;0;0;0;0;0;0;0;0;0;0;0;0;0;0
105;110;117;114;108;115;116;114;117;116;115;102;105;108;101;116;121;112;101;97;99;116;105;111;110;0;0;0;0;0;0;0;0;0;0;0;0;0;0;0;0;0;0;0;0;0;0;0;0;0;0;0;0;0;0;0;0;0;0;0;0;0;0;0;0;0;0;0;0;0;0;0;0;0;0;0;0;0;0;0
105;110;117;114;108;112;104;112;105;110;116;101;120;116;67;72;65;82;65;67;84;69;82;83;69;84;83;67;79;76;76;65;84;73;79;78;83;105;110;116;105;116;108;101;112;104;112;109;121;97;100;109;105;110;0;0;0;0;0;0;0;0;0;0;0;0;0;0;0;0;0;0;0;0;0;0;0;0;0;0
105;110;116;101;120;116;83;81;76;115;121;110;116;97;120;105;110;117;114;108;105;110;100;101;120;112;104;112;105;100;105;110;117;114;108;103;111;118;105;110;117;114;108;103;111;118;0;0;0;0;0;0;0;0;0;0;0;0;0;0;0;0;0;0;0;0;0;0;0;0;0;0;0;0;0;0;0;0;0;0
105;110;117;114;108;119;112;99;111;110;116;101;110;116;119;51;116;99;100;98;99;97;99;104;101;0;0;0;0;0;0;0;0;0;0;0;0;0;0;0;0;0;0;0;0;0;0;0;0;0;0;0;0;0;0;0;0;0;0;0;0;0;0;0;0;0;0;0;0;0;0;0;0;0;0;0;0;0;0;0
105;110;116;101;120;116;105;110;116;101;120;116;105;110;116;101;120;116;105;110;116;101;120;116;105;110;116;101;120;116;0;0;0;0;0;0;0;0;0;0;0;0;0;0;0;0;0;0;0;0;0;0;0;0;0;0;0;0;0;0;0;0;0;0;0;0;0;0;0;0;0;0;0;0;0;0;0;0;0;0
105;110;116;105;116;108;101;78;51;116;102;105;108;101;116;121;112;101;112;104;112;117;110;100;101;116;101;99;116;97;98;108;101;0;0;0;0;0;0;0;0;0;0;0;0;0;0;0;0;0;0;0;0;0;0;0;0;0;0;0;0;0;0;0;0;0;0;0;0;0;0;0;0;0;0;0;0;0;0;0
105;110;116;105;116;108;101;97;119;101;110;105;110;116;105;116;108;101;97;115;112;110;101;116;0;0;0;0;0;0;0;0;0;0;0;0;0;0;0;0;0;0;0;0;0;0;0;0;0;0;0;0;0;0;0;0;0;0;0;0;0;0;0;0;0;0;0;0;0;0;0;0;0;0;0;0;0;0;0;0
105;110;117;114;108;112;104;112;105;110;116;105;116;108;101;66;79;70;70;49;48;105;110;116;101;120;116;83;101;99;73;110;102;111;0;0;0;0;0;0;0;0;0;0;0;0;0;0;0;0;0;0;0;0;0;0;0;0;0;0;0;0;0;0;0;0;0;0;0;0;0;0;0;0;0;0;0;0;0;0
102;105;108;101;116;121;112;101;112;104;112;105;110;117;114;108;116;105;107;105;105;110;100;101;120;112;104;112;115;105;114;105;117;115;49;57;0;0;0;0;0;0;0;0;0;0;0;0;0;0;0;0;0;0;0;0;0;0;0;0;0;0;0;0;0;0;0;0;0;0;0;0;0;0;0;0;0;0;0;0
102;105;108;101;116;121;112;101;112;104;112;105;110;97;110;99;104;111;114;99;57;57;105;110;117;114;108;99;57;57;105;110;116;105;116;108;101;99;57;57;115;104;101;108;108;115;101;101;100;115;109;97;114;105;106;117;97;110;97;0;0;0;0;0;0;0;0;0;0;0;0;0;0;0;0;0;0;0;0;0
105;110;117;114;108;112;104;112;105;110;116;105;116;108;101;67;112;97;110;101;108;70;84;80;67;114;97;67;107;101;82;0;0;0;0;0;0;0;0;0;0;0;0;0;0;0;0;0;0;0;0;0;0;0;0;0;0;0;0;0;0;0;0;0;0;0;0;0;0;0;0;0;0;0;0;0;0;0;0;0
105;110;116;105;116;108;101;107;52;114;97;101;76;115;104;51;76;76;0;0;0;0;0;0;0;0;0;0;0;0;0;0;0;0;0;0;0;0;0;0;0;0;0;0;0;0;0;0;0;0;0;0;0;0;0;0;0;0;0;0;0;0;0;0;0;0;0;0;0;0;0;0;0;0;0;0;0;0;0;0
105;110;117;114;108;118;105;101;119;112;104;112;98;111;97;114;100;49;115;110;0;0;0;0;0;0;0;0;0;0;0;0;0;0;0;0;0;0;0;0;0;0;0;0;0;0;0;0;0;0;0;0;0;0;0;0;0;0;0;0;0;0;0;0;0;0;0;0;0;0;0;0;0;0;0;0;0;0;0;0
105;110;116;105;116;108;101;109;49;110;49;49;48;49;0;0;0;0;0;0;0;0;0;0;0;0;0;0;0;0;0;0;0;0;0;0;0;0;0;0;0;0;0;0;0;0;0;0;0;0;0;0;0;0;0;0;0;0;0;0;0;0;0;0;0;0;0;0;0;0;0;0;0;0;0;0;0;0;0;0
105;110;116;105;116;108;101;76;111;99;117;115;55;115;104;101;108;108;105;110;116;101;120;116;83;111;102;116;119;97;114;101;0;0;0;0;0;0;0;0;0;0;0;0;0;0;0;0;0;0;0;0;0;0;0;0;0;0;0;0;0;0;0;0;0;0;0;0;0;0;0;0;0;0;0;0;0;0;0;0
105;110;116;105;116;108;101;69;97;115;121;80;72;80;65;100;109;105;110;105;115;116;114;97;116;105;111;110;0;0;0;0;0;0;0;0;0;0;0;0;0;0;0;0;0;0;0;0;0;0;0;0;0;0;0;0;0;0;0;0;0;0;0;0;0;0;0;0;0;0;0;0;0;0;0;0;0;0;0;0
77;121;83;81;76;79;78;77;83;83;81;76;79;70;70;79;114;97;99;108;101;79;70;70;77;83;83;81;76;79;70;70;0;0;0;0;0;0;0;0;0;0;0;0;0;0;0;0;0;0;0;0;0;0;0;0;0;0;0;0;0;0;0;0;0;0;0;0;0;0;0;0;0;0;0;0;0;0;0;0
80;111;115;116;103;114;101;83;81;76;79;70;70;99;85;82;76;79;78;0;0;0;0;0;0;0;0;0;0;0;0;0;0;0;0;0;0;0;0;0;0;0;0;0;0;0;0;0;0;0;0;0;0;0;0;0;0;0;0;0;0;0;0;0;0;0;0;0;0;0;0;0;0;0;0;0;0;0;0;0
87;71;101;116;79;78;70;101;116;99;104;79;70;70;80;101;114;108;79;78;0;0;0;0;0;0;0;0;0;0;0;0;0;0;0;0;0;0;0;0;0;0;0;0;0;0;0;0;0;0;0;0;0;0;0;0;0;0;0;0;0;0;0;0;0;0;0;0;0;0;0;0;0;0;0;0;0;0;0;0
105;110;116;105;116;108;101;99;121;98;101;114;97;110;97;114;99;104;121;115;104;101;108;108;0;0;0;0;0;0;0;0;0;0;0;0;0;0;0;0;0;0;0;0;0;0;0;0;0;0;0;0;0;0;0;0;0;0;0;0;0;0;0;0;0;0;0;0;0;0;0;0;0;0;0;0;0;0;0;0
105;110;117;114;108;118;98;105;110;115;116;97;108;108;117;112;103;114;97;100;101;112;104;112;0;0;0;0;0;0;0;0;0;0;0;0;0;0;0;0;0;0;0;0;0;0;0;0;0;0;0;0;0;0;0;0;0;0;0;0;0;0;0;0;0;0;0;0;0;0;0;0;0;0;0;0;0;0;0;0
105;110;117;114;108;118;98;105;110;115;116;97;108;108;105;110;115;116;97;108;108;112;104;112;0;0;0;0;0;0;0;0;0;0;0;0;0;0;0;0;0;0;0;0;0;0;0;0;0;0;0;0;0;0;0;0;0;0;0;0;0;0;0;0;0;0;0;0;0;0;0;0;0;0;0;0;0;0;0;0
67;71;73;84;101;108;110;101;116;85;110;105;116;120;84;101;97;109;67;111;110;110;101;99;116;101;100;116;111;99;111;109;79;82;67;71;73;84;101;108;110;101;116;85;110;105;116;120;84;101;97;109;67;111;110;110;101;99;116;101;100;116;111;0;0;0;0;0;0;0;0;0;0;0;0;0;0;0;0;0
119;119;119;99;111;109;99;57;57;115;104;101;108;108;79;82;119;119;119;110;101;116;99;57;57;115;104;101;108;108;79;82;119;119;119;111;114;103;99;57;57;115;104;101;108;108;0;0;0;0;0;0;0;0;0;0;0;0;0;0;0;0;0;0;0;0;0;0;0;0;0;0;0;0;0;0;0;0;0;0
114;53;55;115;104;101;108;108;49;52;0;0;0;0;0;0;0;0;0;0;0;0;0;0;0;0;0;0;0;0;0;0;0;0;0;0;0;0;0;0;0;0;0;0;0;0;0;0;0;0;0;0;0;0;0;0;0;0;0;0;0;0;0;0;0;0;0;0;0;0;0;0;0;0;0;0;0;0;0;0
115;97;102;101;109;111;100;101;80;72;80;118;101;114;115;105;111;110;99;85;82;76;77;121;83;81;76;77;83;83;81;76;80;111;115;116;103;114;101;83;81;76;79;114;97;99;108;101;0;0;0;0;0;0;0;0;0;0;0;0;0;0;0;0;0;0;0;0;0;0;0;0;0;0;0;0;0;0;0;0
112;104;112;105;110;102;111;112;104;112;105;110;105;99;112;117;109;101;109;117;115;101;114;115;116;109;112;100;101;108;101;116;101;0;0;0;0;0;0;0;0;0;0;0;0;0;0;0;0;0;0;0;0;0;0;0;0;0;0;0;0;0;0;0;0;0;0;0;0;0;0;0;0;0;0;0;0;0;0;0
114;53;55;115;104;101;108;108;0;0;0;0;0;0;0;0;0;0;0;0;0;0;0;0;0;0;0;0;0;0;0;0;0;0;0;0;0;0;0;0;0;0;0;0;0;0;0;0;0;0;0;0;0;0;0;0;0;0;0;0;0;0;0;0;0;0;0;0;0;0;0;0;0;0;0;0;0;0;0;0
105;110;117;114;108;114;101;97;100;112;104;112;100;97;116;101;115;112;97;110;0;0;0;0;0;0;0;0;0;0;0;0;0;0;0;0;0;0;0;0;0;0;0;0;0;0;0;0;0;0;0;0;0;0;0;0;0;0;0;0;0;0;0;0;0;0;0;0;0;0;0;0;0;0;0;0;0;0;0;0
105;110;116;105;116;108;101;65;66;101;116;116;101;114;65;83;80;85;115;101;114;71;97;108;108;101;114;121;0;0;0;0;0;0;0;0;0;0;0;0;0;0;0;0;0;0;0;0;0;0;0;0;0;0;0;0;0;0;0;0;0;0;0;0;0;0;0;0;0;0;0;0;0;0;0;0;0;0;0;0
97;108;108;105;110;117;114;108;73;110;89;111;85;114;68;114;101;97;109;76;97;109;101;114;122;0;0;0;0;0;0;0;0;0;0;0;0;0;0;0;0;0;0;0;0;0;0;0;0;0;0;0;0;0;0;0;0;0;0;0;0;0;0;0;0;0;0;0;0;0;0;0;0;0;0;0;0;0;0;0
97;108;108;105;110;117;114;108;111;112;118;105;101;119;115;108;105;110;107;115;105;100;0;0;0;0;0;0;0;0;0;0;0;0;0;0;0;0;0;0;0;0;0;0;0;0;0;0;0;0;0;0;0;0;0;0;0;0;0;0;0;0;0;0;0;0;0;0;0;0;0;0;0;0;0;0;0;0;0;0
105;110;116;105;116;108;101;116;51;97;108;115;104;109;101;104;0;0;0;0;0;0;0;0;0;0;0;0;0;0;0;0;0;0;0;0;0;0;0;0;0;0;0;0;0;0;0;0;0;0;0;0;0;0;0;0;0;0;0;0;0;0;0;0;0;0;0;0;0;0;0;0;0;0;0;0;0;0;0;0
105;110;117;114;108;108;102;111;110;116;62;123;86;101;114;100;97;110;97;125;56;98;111;108;100;62;112;97;99;107;115;105;100;101;62;116;111;112;97;110;99;104;111;114;62;101;0;0;0;0;0;0;0;0;0;0;0;0;0;0;0;0;0;0;0;0;0;0;0;0;0;0;0;0;0;0;0;0;0;0
104;116;116;112;119;119;119;103;111;111;103;108;101;99;111;109;115;101;97;114;99;104;113;105;110;117;114;108;51;65;105;110;100;101;120;112;104;112;51;70;112;97;103;101;100;98;51;68;114;115;115;0;0;0;0;0;0;0;0;0;0;0;0;0;0;0;0;0;0;0;0;0;0;0;0;0;0;0;0;0
105;110;116;105;116;108;101;85;112;108;111;97;100;101;114;85;112;108;111;97;100;101;114;118;54;112;105;120;108;111;97;100;115;99;111;109;0;0;0;0;0;0;0;0;0;0;0;0;0;0;0;0;0;0;0;0;0;0;0;0;0;0;0;0;0;0;0;0;0;0;0;0;0;0;0;0;0;0;0;0
105;110;116;105;116;108;101;77;118;66;108;111;103;112;111;119;101;114;101;100;0;0;0;0;0;0;0;0;0;0;0;0;0;0;0;0;0;0;0;0;0;0;0;0;0;0;0;0;0;0;0;0;0;0;0;0;0;0;0;0;0;0;0;0;0;0;0;0;0;0;0;0;0;0;0;0;0;0;0;0
105;110;116;105;116;108;101;72;111;114;100;101;77;121;80;111;114;116;97;108;84;105;99;107;101;116;115;0;0;0;0;0;0;0;0;0;0;0;0;0;0;0;0;0;0;0;0;0;0;0;0;0;0;0;0;0;0;0;0;0;0;0;0;0;0;0;0;0;0;0;0;0;0;0;0;0;0;0;0;0
105;110;117;114;108;114;112;83;121;115;104;116;109;108;0;0;0;0;0;0;0;0;0;0;0;0;0;0;0;0;0;0;0;0;0;0;0;0;0;0;0;0;0;0;0;0;0;0;0;0;0;0;0;0;0;0;0;0;0;0;0;0;0;0;0;0;0;0;0;0;0;0;0;0;0;0;0;0;0;0
102;105;108;101;116;121;112;101;112;108;105;110;116;105;116;108;101;85;108;116;114;97;98;111;97;114;100;83;101;116;117;112;0;0;0;0;0;0;0;0;0;0;0;0;0;0;0;0;0;0;0;0;0;0;0;0;0;0;0;0;0;0;0;0;0;0;0;0;0;0;0;0;0;0;0;0;0;0;0;0
87;101;108;99;111;109;101;116;111;65;100;109;105;110;105;115;116;114;97;116;105;111;110;71;101;110;101;114;97;108;76;111;99;97;108;68;111;109;97;105;110;115;83;77;84;80;65;117;116;104;101;110;116;105;99;97;116;105;111;110;105;110;117;114;108;97;100;109;105;110;0;0;0;0;0;0;0;0;0;0
88;79;79;80;83;67;117;115;116;111;109;73;110;115;116;97;108;108;97;116;105;111;110;0;0;0;0;0;0;0;0;0;0;0;0;0;0;0;0;0;0;0;0;0;0;0;0;0;0;0;0;0;0;0;0;0;0;0;0;0;0;0;0;0;0;0;0;0;0;0;0;0;0;0;0;0;0;0;0;0
121;111;117;99;97;110;110;111;119;112;97;115;115;119;111;114;100;116;104;105;115;105;115;97;115;112;101;99;105;97;108;112;97;103;101;111;110;108;121;115;101;101;110;98;121;121;111;117;121;111;117;114;112;114;111;102;105;108;101;118;105;115;105;116;111;114;115;105;110;117;114;108;105;109;99;104;97;111;115;0
115;101;116;117;112;116;104;101;97;100;109;105;110;105;115;116;114;97;116;111;114;117;115;101;114;105;110;117;114;108;112;105;118;111;116;0;0;0;0;0;0;0;0;0;0;0;0;0;0;0;0;0;0;0;0;0;0;0;0;0;0;0;0;0;0;0;0;0;0;0;0;0;0;0;0;0;0;0;0;0
104;116;109;108;97;108;108;111;119;101;100;103;117;101;115;116;98;111;111;107;0;0;0;0;0;0;0;0;0;0;0;0;0;0;0;0;0;0;0;0;0;0;0;0;0;0;0;0;0;0;0;0;0;0;0;0;0;0;0;0;0;0;0;0;0;0;0;0;0;0;0;0;0;0;0;0;0;0;0;0
80;111;119;101;114;101;100;98;121;118;66;117;108;108;101;116;105;110;86;101;114;115;105;111;110;49;49;53;0;0;0;0;0;0;0;0;0;0;0;0;0;0;0;0;0;0;0;0;0;0;0;0;0;0;0;0;0;0;0;0;0;0;0;0;0;0;0;0;0;0;0;0;0;0;0;0;0;0;0;0
105;110;117;114;108;78;83;101;97;114;99;104;65;100;109;105;110;83;101;114;118;108;101;116;0;0;0;0;0;0;0;0;0;0;0;0;0;0;0;0;0;0;0;0;0;0;0;0;0;0;0;0;0;0;0;0;0;0;0;0;0;0;0;0;0;0;0;0;0;0;0;0;0;0;0;0;0;0;0;0
105;110;117;114;108;115;101;114;118;108;101;116;119;101;98;97;99;99;0;0;0;0;0;0;0;0;0;0;0;0;0;0;0;0;0;0;0;0;0;0;0;0;0;0;0;0;0;0;0;0;0;0;0;0;0;0;0;0;0;0;0;0;0;0;0;0;0;0;0;0;0;0;0;0;0;0;0;0;0;0
84;104;101;114;101;97;114;101;110;111;65;100;109;105;110;105;115;116;114;97;116;111;114;115;65;99;99;111;117;110;116;115;105;110;117;114;108;97;100;109;105;110;112;104;112;109;121;115;113;108;102;101;116;99;104;114;111;119;0;0;0;0;0;0;0;0;0;0;0;0;0;0;0;0;0;0;0;0;0;0
105;110;116;105;116;108;101;77;97;105;108;83;101;114;118;101;114;67;77;97;105;108;83;101;114;118;101;114;87;101;98;109;97;105;108;53;50;0;0;0;0;0;0;0;0;0;0;0;0;0;0;0;0;0;0;0;0;0;0;0;0;0;0;0;0;0;0;0;0;0;0;0;0;0;0;0;0;0;0;0
105;110;117;114;108;110;101;119;115;100;101;115;107;99;103;105;105;110;117;114;108;116;0;0;0;0;0;0;0;0;0;0;0;0;0;0;0;0;0;0;0;0;0;0;0;0;0;0;0;0;0;0;0;0;0;0;0;0;0;0;0;0;0;0;0;0;0;0;0;0;0;0;0;0;0;0;0;0;0;0
105;110;117;114;108;115;104;111;112;99;103;105;112;97;103;101;105;110;117;114;108;115;104;111;112;112;108;112;97;103;101;0;0;0;0;0;0;0;0;0;0;0;0;0;0;0;0;0;0;0;0;0;0;0;0;0;0;0;0;0;0;0;0;0;0;0;0;0;0;0;0;0;0;0;0;0;0;0;0;0
105;110;117;114;108;97;111;108;100;111;114;115;115;112;111;112;117;112;98;108;111;103;73;68;0;0;0;0;0;0;0;0;0;0;0;0;0;0;0;0;0;0;0;0;0;0;0;0;0;0;0;0;0;0;0;0;0;0;0;0;0;0;0;0;0;0;0;0;0;0;0;0;0;0;0;0;0;0;0;0
110;97;116;116;101;114;99;104;97;116;105;110;117;114;108;104;111;109;101;97;115;112;115;105;116;101;110;97;116;116;101;114;99;104;97;116;99;111;117;107;0;0;0;0;0;0;0;0;0;0;0;0;0;0;0;0;0;0;0;0;0;0;0;0;0;0;0;0;0;0;0;0;0;0;0;0;0;0;0;0
105;110;116;105;116;108;101;112;104;112;77;121;65;100;109;105;110;87;101;108;99;111;109;101;116;111;112;104;112;77;121;65;100;109;105;110;114;117;110;110;105;110;103;111;110;97;115;114;111;111;116;0;0;0;0;0;0;0;0;0;0;0;0;0;0;0;0;0;0;0;0;0;0;0;0;0;0;0;0;0
105;110;116;105;116;108;101;112;104;112;77;121;65;100;109;105;110;87;101;108;99;111;109;101;116;111;112;104;112;77;121;65;100;109;105;110;114;117;110;110;105;110;103;111;110;97;115;114;111;111;116;0;0;0;0;0;0;0;0;0;0;0;0;0;0;0;0;0;0;0;0;0;0;0;0;0;0;0;0;0
102;116;112;119;119;119;101;97;115;116;103;97;109;101;110;101;116;0;0;0;0;0;0;0;0;0;0;0;0;0;0;0;0;0;0;0;0;0;0;0;0;0;0;0;0;0;0;0;0;0;0;0;0;0;0;0;0;0;0;0;0;0;0;0;0;0;0;0;0;0;0;0;0;0;0;0;0;0;0;0
105;110;116;101;120;116;87;97;114;110;105;110;103;97;109;97;98;108;101;119;114;105;116;101;99;111;110;102;105;103;117;114;97;116;105;111;110;102;105;108;101;105;110;99;108;117;100;101;115;99;111;110;102;105;103;117;114;101;112;104;112;70;111;114;117;109;115;0;0;0;0;0;0;0;0;0;0;0;0;0
97;108;108;105;110;117;114;108;105;110;100;101;120;112;104;112;115;105;116;101;115;103;108;105;110;107;115;0;0;0;0;0;0;0;0;0;0;0;0;0;0;0;0;0;0;0;0;0;0;0;0;0;0;0;0;0;0;0;0;0;0;0;0;0;0;0;0;0;0;0;0;0;0;0;0;0;0;0;0;0
105;110;117;114;108;105;110;100;101;120;112;104;112;109;111;100;117;108;101;101;119;102;105;108;101;109;97;110;97;103;101;114;0;0;0;0;0;0;0;0;0;0;0;0;0;0;0;0;0;0;0;0;0;0;0;0;0;0;0;0;0;0;0;0;0;0;0;0;0;0;0;0;0;0;0;0;0;0;0;0
73;110;100;101;120;101;100;66;121;77;111;110;105;116;111;114;101;100;66;121;104;65;99;120;70;116;112;83;99;97;110;0;0;0;0;0;0;0;0;0;0;0;0;0;0;0;0;0;0;0;0;0;0;0;0;0;0;0;0;0;0;0;0;0;0;0;0;0;0;0;0;0;0;0;0;0;0;0;0;0
102;105;108;101;116;121;112;101;99;103;105;105;110;117;114;108;87;101;98;83;116;111;114;101;99;103;105;0;0;0;0;0;0;0;0;0;0;0;0;0;0;0;0;0;0;0;0;0;0;0;0;0;0;0;0;0;0;0;0;0;0;0;0;0;0;0;0;0;0;0;0;0;0;0;0;0;0;0;0;0
102;105;108;101;116;121;112;101;99;103;105;105;110;117;114;108;102;105;108;101;109;97;110;99;103;105;0;0;0;0;0;0;0;0;0;0;0;0;0;0;0;0;0;0;0;0;0;0;0;0;0;0;0;0;0;0;0;0;0;0;0;0;0;0;0;0;0;0;0;0;0;0;0;0;0;0;0;0;0;0
87;101;108;99;111;109;101;116;111;116;104;101;80;114;101;115;116;105;103;101;87;101;98;66;97;115;101;100;67;111;110;102;105;103;117;114;97;116;111;114;0;0;0;0;0;0;0;0;0;0;0;0;0;0;0;0;0;0;0;0;0;0;0;0;0;0;0;0;0;0;0;0;0;0;0;0;0;0;0;0
102;105;108;101;116;121;112;101;112;104;112;105;110;117;114;108;118;65;117;116;104;101;110;116;105;99;97;116;101;0;0;0;0;0;0;0;0;0;0;0;0;0;0;0;0;0;0;0;0;0;0;0;0;0;0;0;0;0;0;0;0;0;0;0;0;0;0;0;0;0;0;0;0;0;0;0;0;0;0;0
105;110;116;105;116;108;101;83;97;109;98;97;87;101;98;65;100;109;105;110;105;115;116;114;97;116;105;111;110;84;111;111;108;105;110;116;101;120;116;72;101;108;112;87;111;114;107;103;114;111;117;112;0;0;0;0;0;0;0;0;0;0;0;0;0;0;0;0;0;0;0;0;0;0;0;0;0;0;0;0
105;110;117;114;108;112;108;115;97;100;109;105;110;103;97;116;101;119;97;121;104;116;109;0;0;0;0;0;0;0;0;0;0;0;0;0;0;0;0;0;0;0;0;0;0;0;0;0;0;0;0;0;0;0;0;0;0;0;0;0;0;0;0;0;0;0;0;0;0;0;0;0;0;0;0;0;0;0;0;0
105;110;116;105;116;108;101;71;97;116;101;119;97;121;67;111;110;102;105;103;117;114;97;116;105;111;110;77;101;110;117;0;0;0;0;0;0;0;0;0;0;0;0;0;0;0;0;0;0;0;0;0;0;0;0;0;0;0;0;0;0;0;0;0;0;0;0;0;0;0;0;0;0;0;0;0;0;0;0;0
97;108;108;105;110;117;114;108;105;110;115;116;97;108;108;105;110;115;116;97;108;108;112;104;112;0;0;0;0;0;0;0;0;0;0;0;0;0;0;0;0;0;0;0;0;0;0;0;0;0;0;0;0;0;0;0;0;0;0;0;0;0;0;0;0;0;0;0;0;0;0;0;0;0;0;0;0;0;0;0
83;101;108;101;99;116;97;100;97;116;97;98;97;115;101;116;111;118;105;101;119;105;110;116;105;116;108;101;102;105;108;101;109;97;107;101;114;112;114;111;0;0;0;0;0;0;0;0;0;0;0;0;0;0;0;0;0;0;0;0;0;0;0;0;0;0;0;0;0;0;0;0;0;0;0;0;0;0;0;0
97;108;108;105;110;117;114;108;105;110;116;114;97;110;101;116;97;100;109;105;110;0;0;0;0;0;0;0;0;0;0;0;0;0;0;0;0;0;0;0;0;0;0;0;0;0;0;0;0;0;0;0;0;0;0;0;0;0;0;0;0;0;0;0;0;0;0;0;0;0;0;0;0;0;0;0;0;0;0;0
87;101;108;99;111;109;101;116;111;80;72;80;78;117;107;101;99;111;110;103;114;97;116;117;108;97;116;105;111;110;115;0;0;0;0;0;0;0;0;0;0;0;0;0;0;0;0;0;0;0;0;0;0;0;0;0;0;0;0;0;0;0;0;0;0;0;0;0;0;0;0;0;0;0;0;0;0;0;0;0
105;110;117;114;108;102;111;111;116;101;114;105;110;99;112;104;112;0;0;0;0;0;0;0;0;0;0;0;0;0;0;0;0;0;0;0;0;0;0;0;0;0;0;0;0;0;0;0;0;0;0;0;0;0;0;0;0;0;0;0;0;0;0;0;0;0;0;0;0;0;0;0;0;0;0;0;0;0;0;0
105;110;117;114;108;105;110;102;111;105;110;99;112;104;112;0;0;0;0;0;0;0;0;0;0;0;0;0;0;0;0;0;0;0;0;0;0;0;0;0;0;0;0;0;0;0;0;0;0;0;0;0;0;0;0;0;0;0;0;0;0;0;0;0;0;0;0;0;0;0;0;0;0;0;0;0;0;0;0;0
105;110;116;105;116;108;101;111;115;67;111;109;109;101;114;99;101;105;110;117;114;108;97;100;109;105;110;105;110;116;101;120;116;114;101;100;105;115;116;114;105;98;117;116;97;98;108;101;117;110;100;101;114;116;104;101;71;78;85;100;101;109;111;115;105;116;101;111;115;99;111;109;109;101;114;99;101;99;111;109
105;110;116;105;116;108;101;111;115;67;111;109;109;101;114;99;101;105;110;117;114;108;97;100;109;105;110;105;110;116;101;120;116;79;110;108;105;110;101;67;97;116;97;108;111;103;100;101;109;111;115;105;116;101;111;115;99;111;109;109;101;114;99;101;99;111;109;0;0;0;0;0;0;0;0;0;0;0;0;0
105;110;117;114;108;77;97;110;121;83;101;114;118;101;114;115;104;116;109;0;0;0;0;0;0;0;0;0;0;0;0;0;0;0;0;0;0;0;0;0;0;0;0;0;0;0;0;0;0;0;0;0;0;0;0;0;0;0;0;0;0;0;0;0;0;0;0;0;0;0;0;0;0;0;0;0;0;0;0;0
105;110;116;105;116;108;101;71;97;108;108;101;114;121;105;110;67;111;110;102;105;103;117;114;97;116;105;111;110;109;111;100;101;0;0;0;0;0;0;0;0;0;0;0;0;0;0;0;0;0;0;0;0;0;0;0;0;0;0;0;0;0;0;0;0;0;0;0;0;0;0;0;0;0;0;0;0;0;0;0
105;110;116;105;116;108;101;84;101;114;109;105;110;97;108;83;101;114;118;105;99;101;115;87;101;98;67;111;110;110;101;99;116;105;111;110;0;0;0;0;0;0;0;0;0;0;0;0;0;0;0;0;0;0;0;0;0;0;0;0;0;0;0;0;0;0;0;0;0;0;0;0;0;0;0;0;0;0;0;0
89;97;66;66;83;69;68;101;118;84;101;97;109;0;0;0;0;0;0;0;0;0;0;0;0;0;0;0;0;0;0;0;0;0;0;0;0;0;0;0;0;0;0;0;0;0;0;0;0;0;0;0;0;0;0;0;0;0;0;0;0;0;0;0;0;0;0;0;0;0;0;0;0;0;0;0;0;0;0;0
105;110;117;114;108;115;101;97;114;99;104;112;104;112;118;98;117;108;108;101;116;105;110;0;0;0;0;0;0;0;0;0;0;0;0;0;0;0;0;0;0;0;0;0;0;0;0;0;0;0;0;0;0;0;0;0;0;0;0;0;0;0;0;0;0;0;0;0;0;0;0;0;0;0;0;0;0;0;0;0
105;110;116;105;116;108;101;82;101;109;111;116;101;68;101;115;107;116;111;112;87;101;98;67;111;110;110;101;99;116;105;111;110;0;0;0;0;0;0;0;0;0;0;0;0;0;0;0;0;0;0;0;0;0;0;0;0;0;0;0;0;0;0;0;0;0;0;0;0;0;0;0;0;0;0;0;0;0;0;0
87;101;108;99;111;109;101;116;111;73;110;116;114;97;110;101;116;0;0;0;0;0;0;0;0;0;0;0;0;0;0;0;0;0;0;0;0;0;0;0;0;0;0;0;0;0;0;0;0;0;0;0;0;0;0;0;0;0;0;0;0;0;0;0;0;0;0;0;0;0;0;0;0;0;0;0;0;0;0;0
105;110;117;114;108;115;104;111;112;72;97;115;115;97;110;67;111;110;115;117;108;116;105;110;103;115;83;104;111;112;112;105;110;103;67;97;114;116;86;101;114;115;105;111;110;49;49;56;0;0;0;0;0;0;0;0;0;0;0;0;0;0;0;0;0;0;0;0;0;0;0;0;0;0;0;0;0;0;0;0
