105;110;116;101;120;116;99;111;110;110;101;99;116;105;111;110;83;116;114;105;110;103;105;110;117;114;108;119;101;98;101;120;116;99;111;110;102;105;103;0;0;0;0;0;0;0;0;0;0;0;0;0;0;0;0;0;0;0;0;0;0;0;0;0;0;0;0;0;0;0;0;0;0;0;0;0;0;0;0;0;0;0;0;9
105;110;116;105;116;108;101;73;110;100;101;120;79;102;105;110;116;101;120;116;102;116;112;99;111;110;102;105;103;0;0;0;0;0;0;0;0;0;0;0;0;0;0;0;0;0;0;0;0;0;0;0;0;0;0;0;0;0;0;0;0;0;0;0;0;0;0;0;0;0;0;0;0;0;0;0;0;0;0;0;0;0;0;9
105;110;117;114;108;118;116;105;112;118;116;97;100;109;105;110;105;115;116;114;97;116;111;114;115;112;119;100;0;0;0;0;0;0;0;0;0;0;0;0;0;0;0;0;0;0;0;0;0;0;0;0;0;0;0;0;0;0;0;0;0;0;0;0;0;0;0;0;0;0;0;0;0;0;0;0;0;0;0;0;0;0;0;9
105;110;117;114;108;115;105;116;101;109;97;110;97;103;101;114;120;109;108;101;120;116;120;109;108;103;105;116;0;0;0;0;0;0;0;0;0;0;0;0;0;0;0;0;0;0;0;0;0;0;0;0;0;0;0;0;0;0;0;0;0;0;0;0;0;0;0;0;0;0;0;0;0;0;0;0;0;0;0;0;0;0;0;9
105;110;116;101;120;116;68;66;80;65;83;83;87;79;82;68;105;110;116;101;120;116;77;121;83;81;76;104;111;115;116;110;97;109;101;101;120;116;116;120;116;0;0;0;0;0;0;0;0;0;0;0;0;0;0;0;0;0;0;0;0;0;0;0;0;0;0;0;0;0;0;0;0;0;0;0;0;0;0;0;0;0;0;9
114;101;115;111;117;114;99;101;115;100;98;112;97;114;97;109;115;112;97;115;115;119;111;114;100;101;120;116;105;110;105;103;105;116;0;0;0;0;0;0;0;0;0;0;0;0;0;0;0;0;0;0;0;0;0;0;0;0;0;0;0;0;0;0;0;0;0;0;0;0;0;0;0;0;0;0;0;0;0;0;0;0;0;9
101;120;116;114;101;103;72;75;69;89;67;85;82;82;69;78;84;85;83;69;82;83;111;102;116;119;97;114;101;79;82;76;87;105;110;86;78;67;51;103;105;116;0;0;0;0;0;0;0;0;0;0;0;0;0;0;0;0;0;0;0;0;0;0;0;0;0;0;0;0;0;0;0;0;0;0;0;0;0;0;0;0;0;9
105;83;112;121;75;101;121;108;111;103;103;101;114;80;97;115;115;119;111;114;100;115;76;111;103;101;120;116;116;120;116;0;0;0;0;0;0;0;0;0;0;0;0;0;0;0;0;0;0;0;0;0;0;0;0;0;0;0;0;0;0;0;0;0;0;0;0;0;0;0;0;0;0;0;0;0;0;0;0;0;0;0;0;9
109;121;115;113;108;105;99;111;110;110;101;99;116;101;120;116;105;110;99;0;0;0;0;0;0;0;0;0;0;0;0;0;0;0;0;0;0;0;0;0;0;0;0;0;0;0;0;0;0;0;0;0;0;0;0;0;0;0;0;0;0;0;0;0;0;0;0;0;0;0;0;0;0;0;0;0;0;0;0;0;0;0;0;9
69;110;100;83;116;101;97;108;101;114;101;120;116;116;120;116;0;0;0;0;0;0;0;0;0;0;0;0;0;0;0;0;0;0;0;0;0;0;0;0;0;0;0;0;0;0;0;0;0;0;0;0;0;0;0;0;0;0;0;0;0;0;0;0;0;0;0;0;0;0;0;0;0;0;0;0;0;0;0;0;0;0;0;9
70;105;108;101;90;105;108;108;97;105;110;117;114;108;114;101;99;101;110;116;115;101;114;118;101;114;115;120;109;108;103;105;116;0;0;0;0;0;0;0;0;0;0;0;0;0;0;0;0;0;0;0;0;0;0;0;0;0;0;0;0;0;0;0;0;0;0;0;0;0;0;0;0;0;0;0;0;0;0;0;0;0;0;9
83;116;101;97;108;101;114;98;121;87;51;51;68;89;101;120;116;116;120;116;0;0;0;0;0;0;0;0;0;0;0;0;0;0;0;0;0;0;0;0;0;0;0;0;0;0;0;0;0;0;0;0;0;0;0;0;0;0;0;0;0;0;0;0;0;0;0;0;0;0;0;0;0;0;0;0;0;0;0;0;0;0;0;9
105;110;117;114;108;122;101;98;114;97;99;111;110;102;101;120;116;99;111;110;102;103;105;116;0;0;0;0;0;0;0;0;0;0;0;0;0;0;0;0;0;0;0;0;0;0;0;0;0;0;0;0;0;0;0;0;0;0;0;0;0;0;0;0;0;0;0;0;0;0;0;0;0;0;0;0;0;0;0;0;0;0;0;9
101;120;116;102;101;116;99;104;109;97;105;108;114;99;0;0;0;0;0;0;0;0;0;0;0;0;0;0;0;0;0;0;0;0;0;0;0;0;0;0;0;0;0;0;0;0;0;0;0;0;0;0;0;0;0;0;0;0;0;0;0;0;0;0;0;0;0;0;0;0;0;0;0;0;0;0;0;0;0;0;0;0;0;9
102;105;108;101;116;121;112;101;98;97;107;105;110;117;114;108;112;104;112;109;121;115;113;108;99;111;110;110;101;99;116;0;0;0;0;0;0;0;0;0;0;0;0;0;0;0;0;0;0;0;0;0;0;0;0;0;0;0;0;0;0;0;0;0;0;0;0;0;0;0;0;0;0;0;0;0;0;0;0;0;0;0;0;9
121;111;117;114;100;101;102;97;117;108;116;112;97;115;115;119;111;114;100;105;115;102;105;108;101;116;121;112;101;112;100;102;0;0;0;0;0;0;0;0;0;0;0;0;0;0;0;0;0;0;0;0;0;0;0;0;0;0;0;0;0;0;0;0;0;0;0;0;0;0;0;0;0;0;0;0;0;0;0;0;0;0;0;9
105;110;116;105;116;108;101;105;110;100;101;120;111;102;67;67;67;97;109;99;102;103;0;0;0;0;0;0;0;0;0;0;0;0;0;0;0;0;0;0;0;0;0;0;0;0;0;0;0;0;0;0;0;0;0;0;0;0;0;0;0;0;0;0;0;0;0;0;0;0;0;0;0;0;0;0;0;0;0;0;0;0;0;9
105;110;117;114;108;103;105;116;104;117;98;99;111;109;105;110;116;105;116;108;101;99;111;110;102;105;103;105;110;116;101;120;116;109;115;103;110;105;99;107;115;101;114;118;105;100;101;110;116;105;102;121;0;0;0;0;0;0;0;0;0;0;0;0;0;0;0;0;0;0;0;0;0;0;0;0;0;0;0;0;0;0;0;9
105;110;117;114;108;112;114;111;102;116;112;100;112;97;115;115;119;100;0;0;0;0;0;0;0;0;0;0;0;0;0;0;0;0;0;0;0;0;0;0;0;0;0;0;0;0;0;0;0;0;0;0;0;0;0;0;0;0;0;0;0;0;0;0;0;0;0;0;0;0;0;0;0;0;0;0;0;0;0;0;0;0;0;9
105;110;117;114;108;119;112;99;111;110;116;101;110;116;119;112;99;108;111;110;101;116;101;109;112;119;112;99;108;111;110;101;98;97;99;107;117;112;0;0;0;0;0;0;0;0;0;0;0;0;0;0;0;0;0;0;0;0;0;0;0;0;0;0;0;0;0;0;0;0;0;0;0;0;0;0;0;0;0;0;0;0;0;9
105;110;116;101;120;116;101;97;118;102;105;108;101;116;121;112;101;116;120;116;0;0;0;0;0;0;0;0;0;0;0;0;0;0;0;0;0;0;0;0;0;0;0;0;0;0;0;0;0;0;0;0;0;0;0;0;0;0;0;0;0;0;0;0;0;0;0;0;0;0;0;0;0;0;0;0;0;0;0;0;0;0;0;9
102;105;108;101;116;121;112;101;112;99;102;99;105;115;99;111;71;114;111;117;112;80;119;100;0;0;0;0;0;0;0;0;0;0;0;0;0;0;0;0;0;0;0;0;0;0;0;0;0;0;0;0;0;0;0;0;0;0;0;0;0;0;0;0;0;0;0;0;0;0;0;0;0;0;0;0;0;0;0;0;0;0;0;9
105;110;116;101;120;116;69;78;68;70;73;76;69;101;120;116;108;111;103;0;0;0;0;0;0;0;0;0;0;0;0;0;0;0;0;0;0;0;0;0;0;0;0;0;0;0;0;0;0;0;0;0;0;0;0;0;0;0;0;0;0;0;0;0;0;0;0;0;0;0;0;0;0;0;0;0;0;0;0;0;0;0;0;9
105;110;117;114;108;119;112;99;111;110;102;105;103;105;110;116;101;120;116;119;112;99;111;110;102;105;103;68;66;80;65;83;83;87;79;82;68;0;0;0;0;0;0;0;0;0;0;0;0;0;0;0;0;0;0;0;0;0;0;0;0;0;0;0;0;0;0;0;0;0;0;0;0;0;0;0;0;0;0;0;0;0;0;9
80;97;115;115;119;111;114;100;105;110;117;114;108;119;101;98;99;111;110;102;105;103;105;110;116;101;120;116;119;101;98;99;111;110;102;105;103;101;120;116;99;111;110;102;105;103;0;0;0;0;0;0;0;0;0;0;0;0;0;0;0;0;0;0;0;0;0;0;0;0;0;0;0;0;0;0;0;0;0;0;0;0;0;9
105;110;117;114;108;119;112;99;111;110;116;101;110;116;117;112;108;111;97;100;115;102;105;108;101;116;121;112;101;120;108;115;102;105;108;101;116;121;112;101;120;108;115;120;112;97;115;115;119;111;114;100;0;0;0;0;0;0;0;0;0;0;0;0;0;0;0;0;0;0;0;0;0;0;0;0;0;0;0;0;0;0;0;9
105;110;116;101;120;116;71;69;84;104;116;116;112;101;120;116;116;120;116;105;110;116;101;120;116;112;97;115;115;119;111;114;100;105;110;117;114;108;108;111;103;0;0;0;0;0;0;0;0;0;0;0;0;0;0;0;0;0;0;0;0;0;0;0;0;0;0;0;0;0;0;0;0;0;0;0;0;0;0;0;0;0;0;9
101;120;116;115;113;108;105;110;116;101;120;116;117;115;101;114;110;97;109;101;105;110;116;101;120;116;112;97;115;115;119;111;114;100;0;0;0;0;0;0;0;0;0;0;0;0;0;0;0;0;0;0;0;0;0;0;0;0;0;0;0;0;0;0;0;0;0;0;0;0;0;0;0;0;0;0;0;0;0;0;0;0;0;9
105;110;116;101;120;116;115;109;116;112;0;0;0;0;0;0;0;0;0;0;0;0;0;0;0;0;0;0;0;0;0;0;0;0;0;0;0;0;0;0;0;0;0;0;0;0;0;0;0;0;0;0;0;0;0;0;0;0;0;0;0;0;0;0;0;0;0;0;0;0;0;0;0;0;0;0;0;0;0;0;0;0;0;9
112;111;112;51;105;110;116;101;120;116;108;111;103;105;110;0;0;0;0;0;0;0;0;0;0;0;0;0;0;0;0;0;0;0;0;0;0;0;0;0;0;0;0;0;0;0;0;0;0;0;0;0;0;0;0;0;0;0;0;0;0;0;0;0;0;0;0;0;0;0;0;0;0;0;0;0;0;0;0;0;0;0;0;9
108;111;103;111;110;105;110;116;101;120;116;112;97;115;115;119;111;114;100;0;0;0;0;0;0;0;0;0;0;0;0;0;0;0;0;0;0;0;0;0;0;0;0;0;0;0;0;0;0;0;0;0;0;0;0;0;0;0;0;0;0;0;0;0;0;0;0;0;0;0;0;0;0;0;0;0;0;0;0;0;0;0;0;9
112;97;115;115;99;111;100;101;102;105;108;101;116;121;112;101;120;108;115;0;0;0;0;0;0;0;0;0;0;0;0;0;0;0;0;0;0;0;0;0;0;0;0;0;0;0;0;0;0;0;0;0;0;0;0;0;0;0;0;0;0;0;0;0;0;0;0;0;0;0;0;0;0;0;0;0;0;0;0;0;0;0;0;9
112;97;115;115;99;111;100;101;102;105;108;101;116;121;112;101;120;108;115;120;0;0;0;0;0;0;0;0;0;0;0;0;0;0;0;0;0;0;0;0;0;0;0;0;0;0;0;0;0;0;0;0;0;0;0;0;0;0;0;0;0;0;0;0;0;0;0;0;0;0;0;0;0;0;0;0;0;0;0;0;0;0;0;9
108;111;103;105;110;105;110;116;101;120;116;112;97;115;115;119;111;114;100;0;0;0;0;0;0;0;0;0;0;0;0;0;0;0;0;0;0;0;0;0;0;0;0;0;0;0;0;0;0;0;0;0;0;0;0;0;0;0;0;0;0;0;0;0;0;0;0;0;0;0;0;0;0;0;0;0;0;0;0;0;0;0;0;9
105;110;117;114;108;102;116;112;105;110;116;101;120;116;117;115;101;114;105;110;116;101;120;116;112;97;115;115;119;111;114;100;0;0;0;0;0;0;0;0;0;0;0;0;0;0;0;0;0;0;0;0;0;0;0;0;0;0;0;0;0;0;0;0;0;0;0;0;0;0;0;0;0;0;0;0;0;0;0;0;0;0;0;9
105;110;117;114;108;102;116;112;105;110;116;101;120;116;117;115;101;114;105;110;116;101;120;116;112;97;115;115;99;111;100;101;102;105;108;101;116;121;112;101;120;108;115;0;0;0;0;0;0;0;0;0;0;0;0;0;0;0;0;0;0;0;0;0;0;0;0;0;0;0;0;0;0;0;0;0;0;0;0;0;0;0;0;9
105;110;117;114;108;102;116;112;105;110;116;101;120;116;117;115;101;114;105;110;116;101;120;116;112;97;115;115;99;111;100;101;102;105;108;101;116;121;112;101;120;108;115;120;0;0;0;0;0;0;0;0;0;0;0;0;0;0;0;0;0;0;0;0;0;0;0;0;0;0;0;0;0;0;0;0;0;0;0;0;0;0;0;9
105;110;117;114;108;102;116;112;105;110;116;101;120;116;117;115;101;114;110;97;109;101;105;110;116;101;120;116;112;97;115;115;119;111;114;100;0;0;0;0;0;0;0;0;0;0;0;0;0;0;0;0;0;0;0;0;0;0;0;0;0;0;0;0;0;0;0;0;0;0;0;0;0;0;0;0;0;0;0;0;0;0;0;9
105;110;117;114;108;102;116;112;105;110;116;101;120;116;117;115;101;114;110;97;109;101;105;110;116;101;120;116;112;97;115;115;99;111;100;101;102;105;108;101;116;121;112;101;120;108;115;0;0;0;0;0;0;0;0;0;0;0;0;0;0;0;0;0;0;0;0;0;0;0;0;0;0;0;0;0;0;0;0;0;0;0;0;9
105;110;117;114;108;102;116;112;105;110;116;101;120;116;117;115;101;114;110;97;109;101;105;110;116;101;120;116;112;97;115;115;99;111;100;101;102;105;108;101;116;121;112;101;120;108;115;120;0;0;0;0;0;0;0;0;0;0;0;0;0;0;0;0;0;0;0;0;0;0;0;0;0;0;0;0;0;0;0;0;0;0;0;9
105;110;117;114;108;102;116;112;105;110;116;101;120;116;117;115;101;114;73;68;105;110;116;101;120;116;112;97;115;115;119;111;114;100;0;0;0;0;0;0;0;0;0;0;0;0;0;0;0;0;0;0;0;0;0;0;0;0;0;0;0;0;0;0;0;0;0;0;0;0;0;0;0;0;0;0;0;0;0;0;0;0;0;9
105;110;117;114;108;102;116;112;105;110;116;101;120;116;117;115;101;114;73;68;105;110;116;101;120;116;112;97;115;115;99;111;100;101;102;105;108;101;116;121;112;101;120;108;115;0;0;0;0;0;0;0;0;0;0;0;0;0;0;0;0;0;0;0;0;0;0;0;0;0;0;0;0;0;0;0;0;0;0;0;0;0;0;9
105;110;117;114;108;102;116;112;105;110;116;101;120;116;117;115;101;114;73;68;105;110;116;101;120;116;112;97;115;115;99;111;100;101;102;105;108;101;116;121;112;101;120;108;115;120;0;0;0;0;0;0;0;0;0;0;0;0;0;0;0;0;0;0;0;0;0;0;0;0;0;0;0;0;0;0;0;0;0;0;0;0;0;9
105;110;117;114;108;102;116;112;105;110;116;101;120;116;76;111;103;111;110;105;110;116;101;120;116;112;97;115;115;119;111;114;100;0;0;0;0;0;0;0;0;0;0;0;0;0;0;0;0;0;0;0;0;0;0;0;0;0;0;0;0;0;0;0;0;0;0;0;0;0;0;0;0;0;0;0;0;0;0;0;0;0;0;9
105;110;117;114;108;102;116;112;105;110;116;101;120;116;76;111;103;111;110;105;110;116;101;120;116;112;97;115;115;99;111;100;101;102;105;108;101;116;121;112;101;120;108;115;0;0;0;0;0;0;0;0;0;0;0;0;0;0;0;0;0;0;0;0;0;0;0;0;0;0;0;0;0;0;0;0;0;0;0;0;0;0;0;9
105;110;117;114;108;102;116;112;105;110;116;101;120;116;76;111;103;111;110;105;110;116;101;120;116;112;97;115;115;99;111;100;101;102;105;108;101;116;121;112;101;120;108;115;120;0;0;0;0;0;0;0;0;0;0;0;0;0;0;0;0;0;0;0;0;0;0;0;0;0;0;0;0;0;0;0;0;0;0;0;0;0;0;9
105;110;117;114;108;102;116;112;105;110;116;101;120;116;76;111;103;105;110;105;110;116;101;120;116;112;97;115;115;119;111;114;100;0;0;0;0;0;0;0;0;0;0;0;0;0;0;0;0;0;0;0;0;0;0;0;0;0;0;0;0;0;0;0;0;0;0;0;0;0;0;0;0;0;0;0;0;0;0;0;0;0;0;9
105;110;117;114;108;102;116;112;105;110;116;101;120;116;76;111;103;105;110;105;110;116;101;120;116;112;97;115;115;99;111;100;101;102;105;108;101;116;121;112;101;120;108;115;0;0;0;0;0;0;0;0;0;0;0;0;0;0;0;0;0;0;0;0;0;0;0;0;0;0;0;0;0;0;0;0;0;0;0;0;0;0;0;9
105;110;117;114;108;102;116;112;105;110;116;101;120;116;76;111;103;105;110;105;110;116;101;120;116;112;97;115;115;99;111;100;101;102;105;108;101;116;121;112;101;120;108;115;120;0;0;0;0;0;0;0;0;0;0;0;0;0;0;0;0;0;0;0;0;0;0;0;0;0;0;0;0;0;0;0;0;0;0;0;0;0;0;9
101;120;116;120;108;115;105;110;116;101;120;116;78;65;77;69;105;110;116;101;120;116;84;69;76;105;110;116;101;120;116;69;77;65;73;76;105;110;116;101;120;116;80;65;83;83;87;79;82;68;0;0;0;0;0;0;0;0;0;0;0;0;0;0;0;0;0;0;0;0;0;0;0;0;0;0;0;0;0;0;0;0;0;9
105;110;117;114;108;101;116;99;105;110;116;101;120;116;101;116;99;101;120;116;112;97;115;115;119;100;0;0;0;0;0;0;0;0;0;0;0;0;0;0;0;0;0;0;0;0;0;0;0;0;0;0;0;0;0;0;0;0;0;0;0;0;0;0;0;0;0;0;0;0;0;0;0;0;0;0;0;0;0;0;0;0;0;9
102;105;108;101;116;121;112;101;108;111;103;105;110;116;101;120;116;112;97;115;115;119;111;114;100;112;97;115;115;112;119;0;0;0;0;0;0;0;0;0;0;0;0;0;0;0;0;0;0;0;0;0;0;0;0;0;0;0;0;0;0;0;0;0;0;0;0;0;0;0;0;0;0;0;0;0;0;0;0;0;0;0;0;9
105;110;116;101;120;116;112;119;99;97;99;104;101;112;97;114;101;110;116;100;105;114;101;99;116;111;114;121;0;0;0;0;0;0;0;0;0;0;0;0;0;0;0;0;0;0;0;0;0;0;0;0;0;0;0;0;0;0;0;0;0;0;0;0;0;0;0;0;0;0;0;0;0;0;0;0;0;0;0;0;0;0;0;9
105;110;116;101;120;116;68;66;80;65;83;83;87;79;82;68;101;120;116;101;110;118;0;0;0;0;0;0;0;0;0;0;0;0;0;0;0;0;0;0;0;0;0;0;0;0;0;0;0;0;0;0;0;0;0;0;0;0;0;0;0;0;0;0;0;0;0;0;0;0;0;0;0;0;0;0;0;0;0;0;0;0;0;9
101;120;116;99;115;118;105;110;116;101;120;116;112;97;115;115;119;111;114;100;0;0;0;0;0;0;0;0;0;0;0;0;0;0;0;0;0;0;0;0;0;0;0;0;0;0;0;0;0;0;0;0;0;0;0;0;0;0;0;0;0;0;0;0;0;0;0;0;0;0;0;0;0;0;0;0;0;0;0;0;0;0;0;9
101;120;116;115;113;108;105;110;116;101;120;116;97;108;116;101;114;117;115;101;114;105;110;116;101;120;116;105;100;101;110;116;105;102;105;101;100;98;121;0;0;0;0;0;0;0;0;0;0;0;0;0;0;0;0;0;0;0;0;0;0;0;0;0;0;0;0;0;0;0;0;0;0;0;0;0;0;0;0;0;0;0;0;9
105;110;117;114;108;115;101;99;117;114;105;116;121;120;97;109;112;112;100;105;114;112;97;115;115;119;100;116;120;116;0;0;0;0;0;0;0;0;0;0;0;0;0;0;0;0;0;0;0;0;0;0;0;0;0;0;0;0;0;0;0;0;0;0;0;0;0;0;0;0;0;0;0;0;0;0;0;0;0;0;0;0;0;9
105;110;117;114;108;121;97;104;111;111;115;105;116;101;97;100;109;105;110;99;114;101;100;101;110;116;105;97;108;115;0;0;0;0;0;0;0;0;0;0;0;0;0;0;0;0;0;0;0;0;0;0;0;0;0;0;0;0;0;0;0;0;0;0;0;0;0;0;0;0;0;0;0;0;0;0;0;0;0;0;0;0;0;9
97;117;116;111;109;97;116;105;99;116;101;108;108;101;114;111;112;101;114;97;116;111;114;109;97;110;117;97;108;112;97;115;115;119;111;114;100;102;105;108;101;116;121;112;101;112;100;102;0;0;0;0;0;0;0;0;0;0;0;0;0;0;0;0;0;0;0;0;0;0;0;0;0;0;0;0;0;0;0;0;0;0;0;9
105;110;117;114;108;119;115;102;116;112;105;110;105;87;83;70;84;80;102;105;108;101;116;121;112;101;105;110;105;0;0;0;0;0;0;0;0;0;0;0;0;0;0;0;0;0;0;0;0;0;0;0;0;0;0;0;0;0;0;0;0;0;0;0;0;0;0;0;0;0;0;0;0;0;0;0;0;0;0;0;0;0;0;9
120;97;109;112;112;100;105;114;112;97;115;115;119;100;116;120;116;102;105;108;101;116;121;112;101;116;120;116;0;0;0;0;0;0;0;0;0;0;0;0;0;0;0;0;0;0;0;0;0;0;0;0;0;0;0;0;0;0;0;0;0;0;0;0;0;0;0;0;0;0;0;0;0;0;0;0;0;0;0;0;0;0;0;9
105;110;117;114;108;116;121;112;111;51;99;111;110;102;108;111;99;97;108;99;111;110;102;112;104;112;0;0;0;0;0;0;0;0;0;0;0;0;0;0;0;0;0;0;0;0;0;0;0;0;0;0;0;0;0;0;0;0;0;0;0;0;0;0;0;0;0;0;0;0;0;0;0;0;0;0;0;0;0;0;0;0;0;9
105;110;117;114;108;98;97;99;107;117;112;105;110;116;105;116;108;101;105;110;100;101;120;111;102;98;97;99;107;117;112;105;110;116;101;120;116;115;113;108;0;0;0;0;0;0;0;0;0;0;0;0;0;0;0;0;0;0;0;0;0;0;0;0;0;0;0;0;0;0;0;0;0;0;0;0;0;0;0;0;0;0;0;9
102;105;108;101;116;121;112;101;112;97;115;115;119;111;114;100;106;109;120;114;101;109;111;116;101;0;0;0;0;0;0;0;0;0;0;0;0;0;0;0;0;0;0;0;0;0;0;0;0;0;0;0;0;0;0;0;0;0;0;0;0;0;0;0;0;0;0;0;0;0;0;0;0;0;0;0;0;0;0;0;0;0;0;9
101;120;116;115;113;108;105;110;116;101;120;116;103;109;97;105;108;99;111;109;105;110;116;101;120;116;112;97;115;115;119;111;114;100;0;0;0;0;0;0;0;0;0;0;0;0;0;0;0;0;0;0;0;0;0;0;0;0;0;0;0;0;0;0;0;0;0;0;0;0;0;0;0;0;0;0;0;0;0;0;0;0;0;9
66;69;71;73;78;82;83;65;80;82;73;86;65;84;69;75;69;89;102;105;108;101;116;121;112;101;107;101;121;103;105;116;104;117;98;0;0;0;0;0;0;0;0;0;0;0;0;0;0;0;0;0;0;0;0;0;0;0;0;0;0;0;0;0;0;0;0;0;0;0;0;0;0;0;0;0;0;0;0;0;0;0;0;9
102;105;108;101;116;121;112;101;115;113;108;105;110;115;105;116;101;112;97;115;115;117;115;101;114;0;0;0;0;0;0;0;0;0;0;0;0;0;0;0;0;0;0;0;0;0;0;0;0;0;0;0;0;0;0;0;0;0;0;0;0;0;0;0;0;0;0;0;0;0;0;0;0;0;0;0;0;0;0;0;0;0;0;9
102;105;108;101;116;121;112;101;99;111;110;102;105;103;105;110;117;114;108;119;101;98;99;111;110;102;105;103;105;110;117;114;108;102;116;112;0;0;0;0;0;0;0;0;0;0;0;0;0;0;0;0;0;0;0;0;0;0;0;0;0;0;0;0;0;0;0;0;0;0;0;0;0;0;0;0;0;0;0;0;0;0;0;9
101;120;116;115;113;108;105;110;116;101;120;116;104;111;116;109;97;105;108;99;111;109;105;110;116;101;120;116;112;97;115;115;119;111;114;100;0;0;0;0;0;0;0;0;0;0;0;0;0;0;0;0;0;0;0;0;0;0;0;0;0;0;0;0;0;0;0;0;0;0;0;0;0;0;0;0;0;0;0;0;0;0;0;9
102;105;108;101;116;121;112;101;105;110;99;79;82;102;105;108;101;116;121;112;101;98;97;107;79;82;102;105;108;101;116;121;112;101;111;108;100;109;121;115;113;108;99;111;110;110;101;99;116;79;82;109;121;115;113;108;112;99;111;110;110;101;99;116;0;0;0;0;0;0;0;0;0;0;0;0;0;0;0;0;0;0;0;9
101;120;116;120;109;108;112;114;111;116;111;112;114;112;108;112;114;112;108;121;97;104;111;111;112;114;112;108;115;105;108;99;112;114;112;108;105;99;113;0;0;0;0;0;0;0;0;0;0;0;0;0;0;0;0;0;0;0;0;0;0;0;0;0;0;0;0;0;0;0;0;0;0;0;0;0;0;0;0;0;0;0;0;9
97;108;108;105;110;117;114;108;85;115;101;114;105;110;102;111;97;117;116;104;117;115;101;114;102;105;108;101;116;120;116;0;0;0;0;0;0;0;0;0;0;0;0;0;0;0;0;0;0;0;0;0;0;0;0;0;0;0;0;0;0;0;0;0;0;0;0;0;0;0;0;0;0;0;0;0;0;0;0;0;0;0;0;9
101;120;116;120;109;108;109;111;100;101;112;97;115;115;105;118;101;109;111;100;101;100;101;102;97;117;108;116;0;0;0;0;0;0;0;0;0;0;0;0;0;0;0;0;0;0;0;0;0;0;0;0;0;0;0;0;0;0;0;0;0;0;0;0;0;0;0;0;0;0;0;0;0;0;0;0;0;0;0;0;0;0;0;9
112;97;114;101;110;116;100;105;114;101;99;116;111;114;121;112;114;111;102;116;112;100;112;97;115;115;119;100;105;110;116;105;116;108;101;105;110;100;101;120;111;102;103;111;111;103;108;101;0;0;0;0;0;0;0;0;0;0;0;0;0;0;0;0;0;0;0;0;0;0;0;0;0;0;0;0;0;0;0;0;0;0;0;9
102;105;108;101;116;121;112;101;120;108;115;117;115;101;114;110;97;109;101;112;97;115;115;119;111;114;100;0;0;0;0;0;0;0;0;0;0;0;0;0;0;0;0;0;0;0;0;0;0;0;0;0;0;0;0;0;0;0;0;0;0;0;0;0;0;0;0;0;0;0;0;0;0;0;0;0;0;0;0;0;0;0;0;9
105;110;117;114;108;99;114;101;100;101;110;116;105;97;108;115;102;105;108;101;116;121;112;101;116;120;116;121;97;104;111;111;99;111;109;79;82;103;109;97;105;108;79;82;104;111;116;109;97;105;108;79;82;114;101;100;105;102;102;0;0;0;0;0;0;0;0;0;0;0;0;0;0;0;0;0;0;0;0;0;0;0;0;9
105;110;117;114;108;112;97;115;115;119;111;114;100;115;102;105;108;101;116;121;112;101;116;120;116;121;97;104;111;111;99;111;109;79;82;103;109;97;105;108;79;82;104;111;116;109;97;105;108;79;82;114;101;100;105;102;102;0;0;0;0;0;0;0;0;0;0;0;0;0;0;0;0;0;0;0;0;0;0;0;0;0;0;9
105;110;117;114;108;112;97;115;115;101;115;102;105;108;101;116;121;112;101;116;120;116;121;97;104;111;111;99;111;109;79;82;103;109;97;105;108;79;82;104;111;116;109;97;105;108;79;82;114;101;100;105;102;102;0;0;0;0;0;0;0;0;0;0;0;0;0;0;0;0;0;0;0;0;0;0;0;0;0;0;0;0;0;9
105;110;116;101;120;116;99;104;97;114;115;101;116;116;101;115;116;101;109;97;105;108;100;101;102;97;117;108;116;112;101;114;115;105;115;116;101;110;116;0;0;0;0;0;0;0;0;0;0;0;0;0;0;0;0;0;0;0;0;0;0;0;0;0;0;0;0;0;0;0;0;0;0;0;0;0;0;0;0;0;0;0;0;9
102;105;108;101;116;121;112;101;99;102;103;114;97;100;105;117;115;112;97;115;115;112;97;115;115;119;100;112;97;115;115;119;111;114;100;0;0;0;0;0;0;0;0;0;0;0;0;0;0;0;0;0;0;0;0;0;0;0;0;0;0;0;0;0;0;0;0;0;0;0;0;0;0;0;0;0;0;0;0;0;0;0;0;9
117;115;101;114;110;97;109;101;117;115;101;114;110;97;109;101;102;105;108;101;116;121;112;101;108;111;103;0;0;0;0;0;0;0;0;0;0;0;0;0;0;0;0;0;0;0;0;0;0;0;0;0;0;0;0;0;0;0;0;0;0;0;0;0;0;0;0;0;0;0;0;0;0;0;0;0;0;0;0;0;0;0;0;9
112;97;115;115;119;111;114;100;112;97;115;115;119;111;114;100;102;105;108;101;116;121;112;101;108;111;103;0;0;0;0;0;0;0;0;0;0;0;0;0;0;0;0;0;0;0;0;0;0;0;0;0;0;0;0;0;0;0;0;0;0;0;0;0;0;0;0;0;0;0;0;0;0;0;0;0;0;0;0;0;0;0;0;9
112;97;115;115;119;100;112;97;115;115;119;100;102;105;108;101;116;121;112;101;108;111;103;0;0;0;0;0;0;0;0;0;0;0;0;0;0;0;0;0;0;0;0;0;0;0;0;0;0;0;0;0;0;0;0;0;0;0;0;0;0;0;0;0;0;0;0;0;0;0;0;0;0;0;0;0;0;0;0;0;0;0;0;9
99;114;101;100;101;110;116;105;97;108;115;99;114;101;100;101;110;116;105;97;108;115;102;105;108;101;116;121;112;101;108;111;103;0;0;0;0;0;0;0;0;0;0;0;0;0;0;0;0;0;0;0;0;0;0;0;0;0;0;0;0;0;0;0;0;0;0;0;0;0;0;0;0;0;0;0;0;0;0;0;0;0;0;9
104;97;115;104;104;97;115;104;102;105;108;101;116;121;112;101;108;111;103;0;0;0;0;0;0;0;0;0;0;0;0;0;0;0;0;0;0;0;0;0;0;0;0;0;0;0;0;0;0;0;0;0;0;0;0;0;0;0;0;0;0;0;0;0;0;0;0;0;0;0;0;0;0;0;0;0;0;0;0;0;0;0;0;9
109;100;53;109;100;53;102;105;108;101;116;121;112;101;108;111;103;0;0;0;0;0;0;0;0;0;0;0;0;0;0;0;0;0;0;0;0;0;0;0;0;0;0;0;0;0;0;0;0;0;0;0;0;0;0;0;0;0;0;0;0;0;0;0;0;0;0;0;0;0;0;0;0;0;0;0;0;0;0;0;0;0;0;9
105;110;117;114;108;97;117;116;104;105;110;117;114;108;112;97;115;115;119;100;105;110;117;114;108;112;97;115;115;102;105;108;101;116;121;112;101;108;111;103;0;0;0;0;0;0;0;0;0;0;0;0;0;0;0;0;0;0;0;0;0;0;0;0;0;0;0;0;0;0;0;0;0;0;0;0;0;0;0;0;0;0;0;9
102;105;108;101;116;121;112;101;115;113;108;105;110;117;114;108;119;112;99;111;110;116;101;110;116;98;97;99;107;117;112;0;0;0;0;0;0;0;0;0;0;0;0;0;0;0;0;0;0;0;0;0;0;0;0;0;0;0;0;0;0;0;0;0;0;0;0;0;0;0;0;0;0;0;0;0;0;0;0;0;0;0;0;9
77;121;82;111;98;111;70;111;114;109;68;97;116;97;105;110;100;101;120;111;102;0;0;0;0;0;0;0;0;0;0;0;0;0;0;0;0;0;0;0;0;0;0;0;0;0;0;0;0;0;0;0;0;0;0;0;0;0;0;0;0;0;0;0;0;0;0;0;0;0;0;0;0;0;0;0;0;0;0;0;0;0;0;9
105;110;117;114;108;65;112;112;108;105;99;97;116;105;111;110;68;97;116;97;70;105;108;101;122;105;108;108;97;79;82;105;110;117;114;108;65;112;112;68;97;116;97;70;105;108;101;122;105;108;108;97;102;105;108;101;116;121;112;101;120;109;108;0;0;0;0;0;0;0;0;0;0;0;0;0;0;0;0;0;0;0;0;9
102;105;108;101;116;121;112;101;112;104;112;112;97;115;115;112;97;115;115;119;100;112;97;115;115;119;111;114;100;100;98;112;97;115;115;100;98;112;97;115;115;112;119;100;0;0;0;0;0;0;0;0;0;0;0;0;0;0;0;0;0;0;0;0;0;0;0;0;0;0;0;0;0;0;0;0;0;0;0;0;0;0;0;9
105;110;117;114;108;102;116;112;112;97;115;115;119;111;114;100;102;105;108;101;116;121;112;101;120;108;115;0;0;0;0;0;0;0;0;0;0;0;0;0;0;0;0;0;0;0;0;0;0;0;0;0;0;0;0;0;0;0;0;0;0;0;0;0;0;0;0;0;0;0;0;0;0;0;0;0;0;0;0;0;0;0;0;9
102;105;108;101;116;121;112;101;115;113;108;112;104;112;109;121;65;100;109;105;110;83;81;76;68;117;109;112;112;97;115;115;112;97;115;115;119;111;114;100;112;97;115;115;119;100;112;119;100;0;0;0;0;0;0;0;0;0;0;0;0;0;0;0;0;0;0;0;0;0;0;0;0;0;0;0;0;0;0;0;0;0;0;9
102;105;108;101;116;121;112;101;115;113;108;77;121;83;81;76;100;117;109;112;112;97;115;115;112;97;115;115;119;111;114;100;112;97;115;115;119;100;112;119;100;0;0;0;0;0;0;0;0;0;0;0;0;0;0;0;0;0;0;0;0;0;0;0;0;0;0;0;0;0;0;0;0;0;0;0;0;0;0;0;0;0;0;9
102;105;108;101;116;121;112;101;115;113;108;80;111;115;116;103;114;101;83;81;76;100;97;116;97;98;97;115;101;100;117;109;112;112;97;115;115;112;97;115;115;119;111;114;100;112;97;115;115;119;100;112;119;100;0;0;0;0;0;0;0;0;0;0;0;0;0;0;0;0;0;0;0;0;0;0;0;0;0;0;0;0;0;9
102;105;108;101;116;121;112;101;105;110;105;70;116;112;73;110;66;97;99;107;103;114;111;117;110;100;112;97;115;115;112;97;115;115;119;100;112;97;115;115;119;111;114;100;112;119;100;0;0;0;0;0;0;0;0;0;0;0;0;0;0;0;0;0;0;0;0;0;0;0;0;0;0;0;0;0;0;0;0;0;0;0;0;9
102;105;108;101;116;121;112;101;105;110;105;112;100;111;109;121;115;113;108;112;97;115;115;112;97;115;115;119;100;112;97;115;115;119;111;114;100;112;119;100;0;0;0;0;0;0;0;0;0;0;0;0;0;0;0;0;0;0;0;0;0;0;0;0;0;0;0;0;0;0;0;0;0;0;0;0;0;0;0;0;0;0;0;9
102;105;108;101;116;121;112;101;105;110;105;83;97;118;101;100;80;97;115;115;119;111;114;100;115;112;97;115;115;112;97;115;115;119;100;112;97;115;115;119;111;114;100;112;119;100;0;0;0;0;0;0;0;0;0;0;0;0;0;0;0;0;0;0;0;0;0;0;0;0;0;0;0;0;0;0;0;0;0;0;0;0;0;9
102;105;108;101;116;121;112;101;105;110;105;112;114;101;99;117;114;105;111;112;97;115;115;112;97;115;115;119;100;112;97;115;115;119;111;114;100;112;119;100;0;0;0;0;0;0;0;0;0;0;0;0;0;0;0;0;0;0;0;0;0;0;0;0;0;0;0;0;0;0;0;0;0;0;0;0;0;0;0;0;0;0;0;9
102;105;108;101;116;121;112;101;105;110;105;70;70;70;84;80;112;97;115;115;112;97;115;115;119;100;112;97;115;115;119;111;114;100;112;119;100;0;0;0;0;0;0;0;0;0;0;0;0;0;0;0;0;0;0;0;0;0;0;0;0;0;0;0;0;0;0;0;0;0;0;0;0;0;0;0;0;0;0;0;0;0;0;9
105;110;117;114;108;99;111;110;102;105;103;100;97;116;97;98;97;115;101;115;121;109;108;116;114;97;99;116;114;117;110;107;71;111;111;103;108;101;67;111;100;101;115;111;117;114;99;101;114;101;112;111;115;105;116;111;114;121;0;0;0;0;0;0;0;0;0;0;0;0;0;0;0;0;0;0;0;0;0;0;0;0;0;9
105;110;117;114;108;119;101;98;102;114;111;110;116;101;110;100;100;101;118;112;104;112;116;114;117;110;107;0;0;0;0;0;0;0;0;0;0;0;0;0;0;0;0;0;0;0;0;0;0;0;0;0;0;0;0;0;0;0;0;0;0;0;0;0;0;0;0;0;0;0;0;0;0;0;0;0;0;0;0;0;0;0;0;9
105;110;117;114;108;99;102;103;105;110;116;101;120;116;101;110;97;98;108;101;112;97;115;115;119;111;114;100;0;0;0;0;0;0;0;0;0;0;0;0;0;0;0;0;0;0;0;0;0;0;0;0;0;0;0;0;0;0;0;0;0;0;0;0;0;0;0;0;0;0;0;0;0;0;0;0;0;0;0;0;0;0;0;9
108;111;103;105;110;112;97;115;115;119;111;114;100;102;105;108;101;116;121;112;101;120;108;115;0;0;0;0;0;0;0;0;0;0;0;0;0;0;0;0;0;0;0;0;0;0;0;0;0;0;0;0;0;0;0;0;0;0;0;0;0;0;0;0;0;0;0;0;0;0;0;0;0;0;0;0;0;0;0;0;0;0;0;9
101;120;116;112;104;112;105;110;116;101;120;116;100;98;109;115;0;0;0;0;0;0;0;0;0;0;0;0;0;0;0;0;0;0;0;0;0;0;0;0;0;0;0;0;0;0;0;0;0;0;0;0;0;0;0;0;0;0;0;0;0;0;0;0;0;0;0;0;0;0;0;0;0;0;0;0;0;0;0;0;0;0;0;9
101;120;116;112;104;112;105;110;116;101;120;116;100;98;104;111;115;116;0;0;0;0;0;0;0;0;0;0;0;0;0;0;0;0;0;0;0;0;0;0;0;0;0;0;0;0;0;0;0;0;0;0;0;0;0;0;0;0;0;0;0;0;0;0;0;0;0;0;0;0;0;0;0;0;0;0;0;0;0;0;0;0;0;9
101;120;116;112;104;112;105;110;116;101;120;116;100;98;117;115;101;114;0;0;0;0;0;0;0;0;0;0;0;0;0;0;0;0;0;0;0;0;0;0;0;0;0;0;0;0;0;0;0;0;0;0;0;0;0;0;0;0;0;0;0;0;0;0;0;0;0;0;0;0;0;0;0;0;0;0;0;0;0;0;0;0;0;9
101;120;116;112;104;112;105;110;116;101;120;116;100;98;112;97;115;115;119;100;0;0;0;0;0;0;0;0;0;0;0;0;0;0;0;0;0;0;0;0;0;0;0;0;0;0;0;0;0;0;0;0;0;0;0;0;0;0;0;0;0;0;0;0;0;0;0;0;0;0;0;0;0;0;0;0;0;0;0;0;0;0;0;9
101;120;116;112;104;112;105;110;116;101;120;116;116;97;98;108;101;112;114;101;102;105;120;0;0;0;0;0;0;0;0;0;0;0;0;0;0;0;0;0;0;0;0;0;0;0;0;0;0;0;0;0;0;0;0;0;0;0;0;0;0;0;0;0;0;0;0;0;0;0;0;0;0;0;0;0;0;0;0;0;0;0;0;9
101;120;116;112;104;112;105;110;116;101;120;116;112;104;112;98;98;105;110;115;116;97;108;108;101;100;0;0;0;0;0;0;0;0;0;0;0;0;0;0;0;0;0;0;0;0;0;0;0;0;0;0;0;0;0;0;0;0;0;0;0;0;0;0;0;0;0;0;0;0;0;0;0;0;0;0;0;0;0;0;0;0;0;9
105;110;117;114;108;99;97;108;101;110;100;97;114;115;99;114;105;112;116;117;115;101;114;115;116;120;116;0;0;0;0;0;0;0;0;0;0;0;0;0;0;0;0;0;0;0;0;0;0;0;0;0;0;0;0;0;0;0;0;0;0;0;0;0;0;0;0;0;0;0;0;0;0;0;0;0;0;0;0;0;0;0;0;9
102;105;108;101;116;121;112;101;115;113;108;105;110;115;101;114;116;105;110;116;111;112;97;115;115;112;97;115;115;119;100;112;97;115;115;119;111;114;100;0;0;0;0;0;0;0;0;0;0;0;0;0;0;0;0;0;0;0;0;0;0;0;0;0;0;0;0;0;0;0;0;0;0;0;0;0;0;0;0;0;0;0;0;9
102;105;108;101;116;121;112;101;114;101;103;114;101;103;105;110;116;101;120;116;195;402;194;162;195;162;226;8364;353;194;195;8218;194;65533;87;73;78;86;78;67;51;195;402;194;162;195;162;226;8364;353;194;195;8218;194;65533;0;0;0;0;0;0;0;0;0;0;0;0;0;0;0;0;0;0;0;0;0;0;0;0;0;0;0;0;9
101;120;116;112;97;115;115;119;100;105;110;116;101;120;116;116;104;101;115;97;109;112;108;101;101;120;97;109;112;108;101;0;0;0;0;0;0;0;0;0;0;0;0;0;0;0;0;0;0;0;0;0;0;0;0;0;0;0;0;0;0;0;0;0;0;0;0;0;0;0;0;0;0;0;0;0;0;0;0;0;0;0;0;9
105;110;117;114;108;101;100;105;116;111;114;108;105;115;116;97;115;112;105;110;117;114;108;100;97;116;97;98;97;115;101;101;100;105;116;111;114;97;115;112;105;110;117;114;108;108;111;103;105;110;97;115;97;97;114;101;115;101;116;0;0;0;0;0;0;0;0;0;0;0;0;0;0;0;0;0;0;0;0;0;0;0;0;9
101;110;97;98;108;101;112;97;115;115;119;111;114;100;115;101;99;114;101;116;99;117;114;114;101;110;116;99;111;110;102;105;103;117;114;97;116;105;111;110;105;110;116;101;120;116;116;104;101;0;0;0;0;0;0;0;0;0;0;0;0;0;0;0;0;0;0;0;0;0;0;0;0;0;0;0;0;0;0;0;0;0;0;9
101;120;116;97;115;97;101;120;116;98;97;107;105;110;116;101;120;116;117;105;100;105;110;116;101;120;116;112;119;100;117;105;100;112;119;100;100;97;116;97;98;97;115;101;115;101;114;118;101;114;100;115;110;0;0;0;0;0;0;0;0;0;0;0;0;0;0;0;0;0;0;0;0;0;0;0;0;0;0;0;0;0;0;9
102;105;108;101;116;121;112;101;98;97;107;99;114;101;97;116;101;111;98;106;101;99;116;115;97;0;0;0;0;0;0;0;0;0;0;0;0;0;0;0;0;0;0;0;0;0;0;0;0;0;0;0;0;0;0;0;0;0;0;0;0;0;0;0;0;0;0;0;0;0;0;0;0;0;0;0;0;0;0;0;0;0;0;9
105;110;117;114;108;118;101;110;116;114;105;108;111;115;114;118;105;110;105;97;100;109;105;110;112;97;115;115;119;111;114;100;0;0;0;0;0;0;0;0;0;0;0;0;0;0;0;0;0;0;0;0;0;0;0;0;0;0;0;0;0;0;0;0;0;0;0;0;0;0;0;0;0;0;0;0;0;0;0;0;0;0;0;9
112;97;114;101;110;116;100;105;114;101;99;116;111;114;121;112;114;111;102;116;112;100;112;97;115;115;119;100;0;0;0;0;0;0;0;0;0;0;0;0;0;0;0;0;0;0;0;0;0;0;0;0;0;0;0;0;0;0;0;0;0;0;0;0;0;0;0;0;0;0;0;0;0;0;0;0;0;0;0;0;0;0;0;9
101;120;116;121;109;108;100;97;116;97;98;97;115;101;105;110;117;114;108;99;111;110;102;105;103;0;0;0;0;0;0;0;0;0;0;0;0;0;0;0;0;0;0;0;0;0;0;0;0;0;0;0;0;0;0;0;0;0;0;0;0;0;0;0;0;0;0;0;0;0;0;0;0;0;0;0;0;0;0;0;0;0;0;9
105;110;117;114;108;83;105;116;101;115;100;97;116;80;65;83;83;0;0;0;0;0;0;0;0;0;0;0;0;0;0;0;0;0;0;0;0;0;0;0;0;0;0;0;0;0;0;0;0;0;0;0;0;0;0;0;0;0;0;0;0;0;0;0;0;0;0;0;0;0;0;0;0;0;0;0;0;0;0;0;0;0;0;9
115;101;114;118;101;114;100;98;115;105;110;116;105;116;108;101;105;110;100;101;120;111;102;0;0;0;0;0;0;0;0;0;0;0;0;0;0;0;0;0;0;0;0;0;0;0;0;0;0;0;0;0;0;0;0;0;0;0;0;0;0;0;0;0;0;0;0;0;0;0;0;0;0;0;0;0;0;0;0;0;0;0;0;9
105;110;117;114;108;121;97;98;98;77;101;109;98;101;114;115;65;100;109;105;110;100;97;116;0;0;0;0;0;0;0;0;0;0;0;0;0;0;0;0;0;0;0;0;0;0;0;0;0;0;0;0;0;0;0;0;0;0;0;0;0;0;0;0;0;0;0;0;0;0;0;0;0;0;0;0;0;0;0;0;0;0;0;9
97;100;109;105;110;97;99;99;111;117;110;116;105;110;102;111;102;105;108;101;116;121;112;101;108;111;103;0;0;0;0;0;0;0;0;0;0;0;0;0;0;0;0;0;0;0;0;0;0;0;0;0;0;0;0;0;0;0;0;0;0;0;0;0;0;0;0;0;0;0;0;0;0;0;0;0;0;0;0;0;0;0;0;9
121;111;117;114;112;97;115;115;119;111;114;100;105;115;102;105;108;101;116;121;112;101;108;111;103;0;0;0;0;0;0;0;0;0;0;0;0;0;0;0;0;0;0;0;0;0;0;0;0;0;0;0;0;0;0;0;0;0;0;0;0;0;0;0;0;0;0;0;0;0;0;0;0;0;0;0;0;0;0;0;0;0;0;9
105;110;116;105;116;108;101;114;97;112;105;100;115;104;97;114;101;105;110;116;101;120;116;108;111;103;105;110;0;0;0;0;0;0;0;0;0;0;0;0;0;0;0;0;0;0;0;0;0;0;0;0;0;0;0;0;0;0;0;0;0;0;0;0;0;0;0;0;0;0;0;0;0;0;0;0;0;0;0;0;0;0;0;9
102;105;108;101;116;121;112;101;100;97;116;105;110;117;114;108;83;105;116;101;115;100;97;116;0;0;0;0;0;0;0;0;0;0;0;0;0;0;0;0;0;0;0;0;0;0;0;0;0;0;0;0;0;0;0;0;0;0;0;0;0;0;0;0;0;0;0;0;0;0;0;0;0;0;0;0;0;0;0;0;0;0;0;9
105;110;116;101;120;116;101;110;97;98;108;101;112;97;115;115;119;111;114;100;55;0;0;0;0;0;0;0;0;0;0;0;0;0;0;0;0;0;0;0;0;0;0;0;0;0;0;0;0;0;0;0;0;0;0;0;0;0;0;0;0;0;0;0;0;0;0;0;0;0;0;0;0;0;0;0;0;0;0;0;0;0;0;9
101;120;116;105;110;99;112;119;100;85;73;68;0;0;0;0;0;0;0;0;0;0;0;0;0;0;0;0;0;0;0;0;0;0;0;0;0;0;0;0;0;0;0;0;0;0;0;0;0;0;0;0;0;0;0;0;0;0;0;0;0;0;0;0;0;0;0;0;0;0;0;0;0;0;0;0;0;0;0;0;0;0;0;9
87;70;67;108;105;101;110;116;80;97;115;115;119;111;114;100;102;105;108;101;116;121;112;101;105;99;97;0;0;0;0;0;0;0;0;0;0;0;0;0;0;0;0;0;0;0;0;0;0;0;0;0;0;0;0;0;0;0;0;0;0;0;0;0;0;0;0;0;0;0;0;0;0;0;0;0;0;0;0;0;0;0;0;9
105;110;117;114;108;99;103;105;98;105;110;105;110;117;114;108;99;97;108;101;110;100;97;114;99;102;103;0;0;0;0;0;0;0;0;0;0;0;0;0;0;0;0;0;0;0;0;0;0;0;0;0;0;0;0;0;0;0;0;0;0;0;0;0;0;0;0;0;0;0;0;0;0;0;0;0;0;0;0;0;0;0;0;9
105;110;117;114;108;112;101;114;102;111;114;109;105;110;105;102;105;108;101;116;121;112;101;105;110;105;0;0;0;0;0;0;0;0;0;0;0;0;0;0;0;0;0;0;0;0;0;0;0;0;0;0;0;0;0;0;0;0;0;0;0;0;0;0;0;0;0;0;0;0;0;0;0;0;0;0;0;0;0;0;0;0;0;9
105;110;116;105;116;108;101;112;104;112;105;110;102;111;109;121;115;113;108;100;101;102;97;117;108;116;112;97;115;115;119;111;114;100;90;101;110;100;83;99;114;105;112;116;105;110;103;76;97;110;103;117;97;103;101;69;110;103;105;110;101;0;0;0;0;0;0;0;0;0;0;0;0;0;0;0;0;0;0;0;0;0;0;9
102;105;108;101;116;121;112;101;100;97;116;105;110;117;114;108;112;97;115;115;100;97;116;0;0;0;0;0;0;0;0;0;0;0;0;0;0;0;0;0;0;0;0;0;0;0;0;0;0;0;0;0;0;0;0;0;0;0;0;0;0;0;0;0;0;0;0;0;0;0;0;0;0;0;0;0;0;0;0;0;0;0;0;9
105;110;116;101;120;116;112;111;119;101;114;101;100;98;121;69;90;71;117;101;115;116;98;111;111;107;0;0;0;0;0;0;0;0;0;0;0;0;0;0;0;0;0;0;0;0;0;0;0;0;0;0;0;0;0;0;0;0;0;0;0;0;0;0;0;0;0;0;0;0;0;0;0;0;0;0;0;0;0;0;0;0;0;9
105;110;117;114;108;115;101;114;118;101;114;99;102;103;114;99;111;110;112;97;115;115;119;111;114;100;0;0;0;0;0;0;0;0;0;0;0;0;0;0;0;0;0;0;0;0;0;0;0;0;0;0;0;0;0;0;0;0;0;0;0;0;0;0;0;0;0;0;0;0;0;0;0;0;0;0;0;0;0;0;0;0;0;9
72;111;115;116;105;110;116;101;120;116;101;110;99;85;115;101;114;80;97;115;115;119;111;114;100;101;120;116;112;99;102;0;0;0;0;0;0;0;0;0;0;0;0;0;0;0;0;0;0;0;0;0;0;0;0;0;0;0;0;0;0;0;0;0;0;0;0;0;0;0;0;0;0;0;0;0;0;0;0;0;0;0;0;9
119;119;119;98;111;97;114;100;87;101;98;65;100;109;105;110;105;110;117;114;108;112;97;115;115;119;100;116;120;116;119;119;119;98;111;97;114;100;119;101;98;97;100;109;105;110;0;0;0;0;0;0;0;0;0;0;0;0;0;0;0;0;0;0;0;0;0;0;0;0;0;0;0;0;0;0;0;0;0;0;0;0;0;9
102;105;108;101;116;121;112;101;105;110;102;115;121;115;112;114;101;112;0;0;0;0;0;0;0;0;0;0;0;0;0;0;0;0;0;0;0;0;0;0;0;0;0;0;0;0;0;0;0;0;0;0;0;0;0;0;0;0;0;0;0;0;0;0;0;0;0;0;0;0;0;0;0;0;0;0;0;0;0;0;0;0;0;9
101;120;116;116;120;116;105;110;117;114;108;117;110;97;116;116;101;110;100;116;120;116;0;0;0;0;0;0;0;0;0;0;0;0;0;0;0;0;0;0;0;0;0;0;0;0;0;0;0;0;0;0;0;0;0;0;0;0;0;0;0;0;0;0;0;0;0;0;0;0;0;0;0;0;0;0;0;0;0;0;0;0;0;9
102;105;108;101;116;121;112;101;115;113;108;112;97;115;115;119;100;118;97;108;117;101;115;112;97;115;115;119;111;114;100;118;97;108;117;101;115;112;97;115;115;118;97;108;117;101;115;0;0;0;0;0;0;0;0;0;0;0;0;0;0;0;0;0;0;0;0;0;0;0;0;0;0;0;0;0;0;0;0;0;0;0;0;9
102;105;108;101;116;121;112;101;115;113;108;118;97;108;117;101;115;77;68;53;118;97;108;117;101;115;112;97;115;115;119;111;114;100;118;97;108;117;101;115;101;110;99;114;121;112;116;0;0;0;0;0;0;0;0;0;0;0;0;0;0;0;0;0;0;0;0;0;0;0;0;0;0;0;0;0;0;0;0;0;0;0;0;9
80;111;119;101;114;101;100;98;121;76;105;110;107;68;101;112;97;114;116;109;101;110;116;0;0;0;0;0;0;0;0;0;0;0;0;0;0;0;0;0;0;0;0;0;0;0;0;0;0;0;0;0;0;0;0;0;0;0;0;0;0;0;0;0;0;0;0;0;0;0;0;0;0;0;0;0;0;0;0;0;0;0;0;9
105;110;116;105;116;108;101;73;110;100;101;120;111;102;115;99;115;101;114;118;99;111;110;102;115;99;115;101;114;118;99;111;110;116;101;110;116;0;0;0;0;0;0;0;0;0;0;0;0;0;0;0;0;0;0;0;0;0;0;0;0;0;0;0;0;0;0;0;0;0;0;0;0;0;0;0;0;0;0;0;0;0;0;9
102;105;108;101;116;121;112;101;105;110;99;109;121;115;113;108;99;111;110;110;101;99;116;79;82;109;121;115;113;108;112;99;111;110;110;101;99;116;0;0;0;0;0;0;0;0;0;0;0;0;0;0;0;0;0;0;0;0;0;0;0;0;0;0;0;0;0;0;0;0;0;0;0;0;0;0;0;0;0;0;0;0;0;9
80;111;119;101;114;101;100;98;121;68;85;112;97;121;112;97;108;115;105;116;101;100;117;119;97;114;101;99;111;109;0;0;0;0;0;0;0;0;0;0;0;0;0;0;0;0;0;0;0;0;0;0;0;0;0;0;0;0;0;0;0;0;0;0;0;0;0;0;0;0;0;0;0;0;0;0;0;0;0;0;0;0;0;9
101;120;116;105;110;105;86;101;114;115;105;111;110;52;48;48;52;112;97;115;115;119;111;114;100;0;0;0;0;0;0;0;0;0;0;0;0;0;0;0;0;0;0;0;0;0;0;0;0;0;0;0;0;0;0;0;0;0;0;0;0;0;0;0;0;0;0;0;0;0;0;0;0;0;0;0;0;0;0;0;0;0;0;9
101;120;116;105;110;105;101;117;100;111;114;97;105;110;105;0;0;0;0;0;0;0;0;0;0;0;0;0;0;0;0;0;0;0;0;0;0;0;0;0;0;0;0;0;0;0;0;0;0;0;0;0;0;0;0;0;0;0;0;0;0;0;0;0;0;0;0;0;0;0;0;0;0;0;0;0;0;0;0;0;0;0;0;9
105;110;116;101;120;116;112;111;119;101;114;101;100;98;121;87;101;98;87;105;122;74;111;117;114;110;97;108;0;0;0;0;0;0;0;0;0;0;0;0;0;0;0;0;0;0;0;0;0;0;0;0;0;0;0;0;0;0;0;0;0;0;0;0;0;0;0;0;0;0;0;0;0;0;0;0;0;0;0;0;0;0;0;9
105;110;117;114;108;102;105;108;101;122;105;108;108;97;120;109;108;99;118;115;0;0;0;0;0;0;0;0;0;0;0;0;0;0;0;0;0;0;0;0;0;0;0;0;0;0;0;0;0;0;0;0;0;0;0;0;0;0;0;0;0;0;0;0;0;0;0;0;0;0;0;0;0;0;0;0;0;0;0;0;0;0;0;9
105;110;117;114;108;71;82;67;68;65;84;105;110;116;101;120;116;112;97;115;115;119;111;114;100;0;0;0;0;0;0;0;0;0;0;0;0;0;0;0;0;0;0;0;0;0;0;0;0;0;0;0;0;0;0;0;0;0;0;0;0;0;0;0;0;0;0;0;0;0;0;0;0;0;0;0;0;0;0;0;0;0;0;9
102;105;108;101;116;121;112;101;108;111;103;83;101;101;105;112;115;101;99;99;111;112;121;114;105;103;104;116;0;0;0;0;0;0;0;0;0;0;0;0;0;0;0;0;0;0;0;0;0;0;0;0;0;0;0;0;0;0;0;0;0;0;0;0;0;0;0;0;0;0;0;0;0;0;0;0;0;0;0;0;0;0;0;9
112;111;119;101;114;101;100;98;121;100;117;100;111;119;110;108;111;97;100;115;105;116;101;100;117;119;97;114;101;99;111;109;0;0;0;0;0;0;0;0;0;0;0;0;0;0;0;0;0;0;0;0;0;0;0;0;0;0;0;0;0;0;0;0;0;0;0;0;0;0;0;0;0;0;0;0;0;0;0;0;0;0;0;9
105;110;116;105;116;108;101;100;117;112;105;99;115;105;110;117;114;108;97;100;100;97;115;112;100;101;102;97;117;108;116;97;115;112;118;105;101;119;97;115;112;118;111;116;105;110;103;97;115;112;115;105;116;101;100;117;119;97;114;101;99;111;109;0;0;0;0;0;0;0;0;0;0;0;0;0;0;0;0;0;0;0;0;9
80;111;119;101;114;101;100;98;121;68;117;100;105;114;101;99;116;111;114;121;115;105;116;101;100;117;119;97;114;101;99;111;109;0;0;0;0;0;0;0;0;0;0;0;0;0;0;0;0;0;0;0;0;0;0;0;0;0;0;0;0;0;0;0;0;0;0;0;0;0;0;0;0;0;0;0;0;0;0;0;0;0;0;9
80;111;119;101;114;101;100;98;121;68;117;99;108;97;115;115;105;102;105;101;100;115;105;116;101;100;117;119;97;114;101;99;111;109;0;0;0;0;0;0;0;0;0;0;0;0;0;0;0;0;0;0;0;0;0;0;0;0;0;0;0;0;0;0;0;0;0;0;0;0;0;0;0;0;0;0;0;0;0;0;0;0;0;9
112;111;119;101;114;101;100;98;121;100;117;99;97;108;101;110;100;97;114;115;105;116;101;100;117;119;97;114;101;99;111;109;0;0;0;0;0;0;0;0;0;0;0;0;0;0;0;0;0;0;0;0;0;0;0;0;0;0;0;0;0;0;0;0;0;0;0;0;0;0;0;0;0;0;0;0;0;0;0;0;0;0;0;9
80;111;119;101;114;101;100;98;121;68;117;99;108;97;115;115;105;102;105;101;100;115;105;116;101;100;117;119;97;114;101;99;111;109;68;85;119;97;114;101;65;108;108;82;105;103;104;116;115;114;101;115;101;114;118;101;100;0;0;0;0;0;0;0;0;0;0;0;0;0;0;0;0;0;0;0;0;0;0;0;0;0;0;9
112;111;119;101;114;101;100;98;121;100;117;99;108;97;115;115;109;97;116;101;115;105;116;101;100;117;119;97;114;101;99;111;109;0;0;0;0;0;0;0;0;0;0;0;0;0;0;0;0;0;0;0;0;0;0;0;0;0;0;0;0;0;0;0;0;0;0;0;0;0;0;0;0;0;0;0;0;0;0;0;0;0;0;9
105;110;116;101;120;116;101;110;97;98;108;101;115;101;99;114;101;116;53;0;0;0;0;0;0;0;0;0;0;0;0;0;0;0;0;0;0;0;0;0;0;0;0;0;0;0;0;0;0;0;0;0;0;0;0;0;0;0;0;0;0;0;0;0;0;0;0;0;0;0;0;0;0;0;0;0;0;0;0;0;0;0;0;9
108;105;118;101;105;99;101;99;111;110;102;105;103;117;114;97;116;105;111;110;102;105;108;101;101;120;116;99;102;103;115;105;116;101;115;111;117;114;99;101;102;111;114;103;101;110;101;116;0;0;0;0;0;0;0;0;0;0;0;0;0;0;0;0;0;0;0;0;0;0;0;0;0;0;0;0;0;0;0;0;0;0;0;9
102;105;108;101;116;121;112;101;105;110;105;105;110;117;114;108;115;101;114;118;117;105;110;105;0;0;0;0;0;0;0;0;0;0;0;0;0;0;0;0;0;0;0;0;0;0;0;0;0;0;0;0;0;0;0;0;0;0;0;0;0;0;0;0;0;0;0;0;0;0;0;0;0;0;0;0;0;0;0;0;0;0;0;9
105;110;117;114;108;112;97;112;115;101;99;114;101;116;115;99;118;115;0;0;0;0;0;0;0;0;0;0;0;0;0;0;0;0;0;0;0;0;0;0;0;0;0;0;0;0;0;0;0;0;0;0;0;0;0;0;0;0;0;0;0;0;0;0;0;0;0;0;0;0;0;0;0;0;0;0;0;0;0;0;0;0;0;9
105;110;117;114;108;99;104;97;112;115;101;99;114;101;116;115;99;118;115;0;0;0;0;0;0;0;0;0;0;0;0;0;0;0;0;0;0;0;0;0;0;0;0;0;0;0;0;0;0;0;0;0;0;0;0;0;0;0;0;0;0;0;0;0;0;0;0;0;0;0;0;0;0;0;0;0;0;0;0;0;0;0;0;9
102;105;108;101;116;121;112;101;105;110;105;105;110;117;114;108;102;108;97;115;104;70;88;80;105;110;105;0;0;0;0;0;0;0;0;0;0;0;0;0;0;0;0;0;0;0;0;0;0;0;0;0;0;0;0;0;0;0;0;0;0;0;0;0;0;0;0;0;0;0;0;0;0;0;0;0;0;0;0;0;0;0;0;9
102;105;108;101;116;121;112;101;109;100;98;119;119;102;111;114;117;109;0;0;0;0;0;0;0;0;0;0;0;0;0;0;0;0;0;0;0;0;0;0;0;0;0;0;0;0;0;0;0;0;0;0;0;0;0;0;0;0;0;0;0;0;0;0;0;0;0;0;0;0;0;0;0;0;0;0;0;0;0;0;0;0;0;9
80;111;119;101;114;101;100;66;121;69;108;105;116;101;70;111;114;117;109;86;101;114;115;105;111;110;0;0;0;0;0;0;0;0;0;0;0;0;0;0;0;0;0;0;0;0;0;0;0;0;0;0;0;0;0;0;0;0;0;0;0;0;0;0;0;0;0;0;0;0;0;0;0;0;0;0;0;0;0;0;0;0;0;9
105;110;100;101;120;111;102;119;115;102;116;112;105;110;105;112;97;114;101;110;116;100;105;114;101;99;116;111;114;121;0;0;0;0;0;0;0;0;0;0;0;0;0;0;0;0;0;0;0;0;0;0;0;0;0;0;0;0;0;0;0;0;0;0;0;0;0;0;0;0;0;0;0;0;0;0;0;0;0;0;0;0;0;9
102;105;108;101;116;121;112;101;99;111;110;102;105;103;99;111;110;102;105;103;105;110;116;101;120;116;97;112;112;83;101;116;116;105;110;103;115;85;115;101;114;73;68;0;0;0;0;0;0;0;0;0;0;0;0;0;0;0;0;0;0;0;0;0;0;0;0;0;0;0;0;0;0;0;0;0;0;0;0;0;0;0;0;9
102;105;108;101;116;121;112;101;105;110;105;119;99;120;102;116;112;0;0;0;0;0;0;0;0;0;0;0;0;0;0;0;0;0;0;0;0;0;0;0;0;0;0;0;0;0;0;0;0;0;0;0;0;0;0;0;0;0;0;0;0;0;0;0;0;0;0;0;0;0;0;0;0;0;0;0;0;0;0;0;0;0;0;9
76;101;97;112;70;84;80;105;110;116;105;116;108;101;105;110;100;101;120;111;102;115;105;116;101;115;105;110;105;109;111;100;105;102;105;101;100;0;0;0;0;0;0;0;0;0;0;0;0;0;0;0;0;0;0;0;0;0;0;0;0;0;0;0;0;0;0;0;0;0;0;0;0;0;0;0;0;0;0;0;0;0;0;9
102;105;108;101;116;121;112;101;99;111;110;102;111;101;107;97;107;105;98;98;115;0;0;0;0;0;0;0;0;0;0;0;0;0;0;0;0;0;0;0;0;0;0;0;0;0;0;0;0;0;0;0;0;0;0;0;0;0;0;0;0;0;0;0;0;0;0;0;0;0;0;0;0;0;0;0;0;0;0;0;0;0;0;9
104;116;116;112;119;119;119;98;111;98;98;111;98;0;0;0;0;0;0;0;0;0;0;0;0;0;0;0;0;0;0;0;0;0;0;0;0;0;0;0;0;0;0;0;0;0;0;0;0;0;0;0;0;0;0;0;0;0;0;0;0;0;0;0;0;0;0;0;0;0;0;0;0;0;0;0;0;0;0;0;0;0;0;9
102;105;108;101;116;121;112;101;98;97;107;105;110;117;114;108;104;116;97;99;99;101;115;115;112;97;115;115;119;100;115;104;97;100;111;119;104;116;117;115;101;114;115;0;0;0;0;0;0;0;0;0;0;0;0;0;0;0;0;0;0;0;0;0;0;0;0;0;0;0;0;0;0;0;0;0;0;0;0;0;0;0;0;9
105;110;117;114;108;100;98;109;97;105;110;109;100;98;0;0;0;0;0;0;0;0;0;0;0;0;0;0;0;0;0;0;0;0;0;0;0;0;0;0;0;0;0;0;0;0;0;0;0;0;0;0;0;0;0;0;0;0;0;0;0;0;0;0;0;0;0;0;0;0;0;0;0;0;0;0;0;0;0;0;0;0;0;9
105;110;117;114;108;110;117;107;101;102;105;108;101;116;121;112;101;115;113;108;0;0;0;0;0;0;0;0;0;0;0;0;0;0;0;0;0;0;0;0;0;0;0;0;0;0;0;0;0;0;0;0;0;0;0;0;0;0;0;0;0;0;0;0;0;0;0;0;0;0;0;0;0;0;0;0;0;0;0;0;0;0;0;9
102;105;108;101;116;121;112;101;105;110;105;83;101;114;118;85;68;97;101;109;111;110;0;0;0;0;0;0;0;0;0;0;0;0;0;0;0;0;0;0;0;0;0;0;0;0;0;0;0;0;0;0;0;0;0;0;0;0;0;0;0;0;0;0;0;0;0;0;0;0;0;0;0;0;0;0;0;0;0;0;0;0;0;9
102;105;108;101;116;121;112;101;112;97;115;115;112;97;115;115;105;110;116;101;120;116;117;115;101;114;105;100;0;0;0;0;0;0;0;0;0;0;0;0;0;0;0;0;0;0;0;0;0;0;0;0;0;0;0;0;0;0;0;0;0;0;0;0;0;0;0;0;0;0;0;0;0;0;0;0;0;0;0;0;0;0;0;9
65;117;116;111;67;114;101;97;116;101;84;82;85;69;112;97;115;115;119;111;114;100;0;0;0;0;0;0;0;0;0;0;0;0;0;0;0;0;0;0;0;0;0;0;0;0;0;0;0;0;0;0;0;0;0;0;0;0;0;0;0;0;0;0;0;0;0;0;0;0;0;0;0;0;0;0;0;0;0;0;0;0;0;9
105;110;117;114;108;119;119;119;98;111;97;114;100;0;0;0;0;0;0;0;0;0;0;0;0;0;0;0;0;0;0;0;0;0;0;0;0;0;0;0;0;0;0;0;0;0;0;0;0;0;0;0;0;0;0;0;0;0;0;0;0;0;0;0;0;0;0;0;0;0;0;0;0;0;0;0;0;0;0;0;0;0;0;9
102;105;108;101;116;121;112;101;112;119;108;112;119;108;0;0;0;0;0;0;0;0;0;0;0;0;0;0;0;0;0;0;0;0;0;0;0;0;0;0;0;0;0;0;0;0;0;0;0;0;0;0;0;0;0;0;0;0;0;0;0;0;0;0;0;0;0;0;0;0;0;0;0;0;0;0;0;0;0;0;0;0;0;9
101;120;116;112;119;100;105;110;117;114;108;115;101;114;118;105;99;101;97;117;116;104;111;114;115;97;100;109;105;110;105;115;116;114;97;116;111;114;115;117;115;101;114;115;70;114;111;110;116;80;97;103;101;0;0;0;0;0;0;0;0;0;0;0;0;0;0;0;0;0;0;0;0;0;0;0;0;0;0;0;0;0;0;9
115;101;116;115;109;111;100;101;107;0;0;0;0;0;0;0;0;0;0;0;0;0;0;0;0;0;0;0;0;0;0;0;0;0;0;0;0;0;0;0;0;0;0;0;0;0;0;0;0;0;0;0;0;0;0;0;0;0;0;0;0;0;0;0;0;0;0;0;0;0;0;0;0;0;0;0;0;0;0;0;0;0;0;9
105;110;116;105;116;108;101;73;110;100;101;120;111;102;112;97;115;115;119;111;114;100;115;109;111;100;105;102;105;101;100;0;0;0;0;0;0;0;0;0;0;0;0;0;0;0;0;0;0;0;0;0;0;0;0;0;0;0;0;0;0;0;0;0;0;0;0;0;0;0;0;0;0;0;0;0;0;0;0;0;0;0;0;9
105;110;117;114;108;108;105;108;111;99;111;110;102;102;105;108;101;116;121;112;101;99;111;110;102;112;97;115;115;119;111;114;100;116;97;116;101;114;99;111;117;110;116;101;114;50;48;48;48;98;111;111;116;112;119;100;109;97;110;0;0;0;0;0;0;0;0;0;0;0;0;0;0;0;0;0;0;0;0;0;0;0;0;9
89;111;117;114;112;97;115;115;119;111;114;100;105;115;82;101;109;101;109;98;101;114;116;104;105;115;102;111;114;108;97;116;101;114;117;115;101;0;0;0;0;0;0;0;0;0;0;0;0;0;0;0;0;0;0;0;0;0;0;0;0;0;0;0;0;0;0;0;0;0;0;0;0;0;0;0;0;0;0;0;0;0;0;9
102;105;108;101;116;121;112;101;99;111;110;102;105;110;117;114;108;112;115;121;98;110;99;99;111;110;102;85;83;69;82;80;65;83;83;0;0;0;0;0;0;0;0;0;0;0;0;0;0;0;0;0;0;0;0;0;0;0;0;0;0;0;0;0;0;0;0;0;0;0;0;0;0;0;0;0;0;0;0;0;0;0;0;9
105;110;117;114;108;99;99;98;105;108;108;102;105;108;101;116;121;112;101;108;111;103;0;0;0;0;0;0;0;0;0;0;0;0;0;0;0;0;0;0;0;0;0;0;0;0;0;0;0;0;0;0;0;0;0;0;0;0;0;0;0;0;0;0;0;0;0;0;0;0;0;0;0;0;0;0;0;0;0;0;0;0;0;9
102;105;108;101;116;121;112;101;109;100;98;105;110;117;114;108;117;115;101;114;115;109;100;98;0;0;0;0;0;0;0;0;0;0;0;0;0;0;0;0;0;0;0;0;0;0;0;0;0;0;0;0;0;0;0;0;0;0;0;0;0;0;0;0;0;0;0;0;0;0;0;0;0;0;0;0;0;0;0;0;0;0;0;9
105;110;117;114;108;111;115;112;102;100;99;111;110;102;105;110;116;101;120;116;112;97;115;115;119;111;114;100;115;97;109;112;108;101;116;101;115;116;116;117;116;111;114;105;97;108;100;111;119;110;108;111;97;100;0;0;0;0;0;0;0;0;0;0;0;0;0;0;0;0;0;0;0;0;0;0;0;0;0;0;0;0;0;9
102;105;108;101;116;121;112;101;112;119;100;115;101;114;118;105;99;101;0;0;0;0;0;0;0;0;0;0;0;0;0;0;0;0;0;0;0;0;0;0;0;0;0;0;0;0;0;0;0;0;0;0;0;0;0;0;0;0;0;0;0;0;0;0;0;0;0;0;0;0;0;0;0;0;0;0;0;0;0;0;0;0;0;9
105;110;117;114;108;122;101;98;114;97;99;111;110;102;105;110;116;101;120;116;112;97;115;115;119;111;114;100;115;97;109;112;108;101;116;101;115;116;116;117;116;111;114;105;97;108;100;111;119;110;108;111;97;100;0;0;0;0;0;0;0;0;0;0;0;0;0;0;0;0;0;0;0;0;0;0;0;0;0;0;0;0;0;9
102;105;108;101;116;121;112;101;115;113;108;112;97;115;115;119;111;114;100;0;0;0;0;0;0;0;0;0;0;0;0;0;0;0;0;0;0;0;0;0;0;0;0;0;0;0;0;0;0;0;0;0;0;0;0;0;0;0;0;0;0;0;0;0;0;0;0;0;0;0;0;0;0;0;0;0;0;0;0;0;0;0;0;9
102;105;108;101;116;121;112;101;115;113;108;73;68;69;78;84;73;70;73;69;68;66;89;99;118;115;0;0;0;0;0;0;0;0;0;0;0;0;0;0;0;0;0;0;0;0;0;0;0;0;0;0;0;0;0;0;0;0;0;0;0;0;0;0;0;0;0;0;0;0;0;0;0;0;0;0;0;0;0;0;0;0;0;9
102;105;108;101;116;121;112;101;108;100;98;97;100;109;105;110;0;0;0;0;0;0;0;0;0;0;0;0;0;0;0;0;0;0;0;0;0;0;0;0;0;0;0;0;0;0;0;0;0;0;0;0;0;0;0;0;0;0;0;0;0;0;0;0;0;0;0;0;0;0;0;0;0;0;0;0;0;0;0;0;0;0;0;9
102;105;108;101;116;121;112;101;99;102;103;109;114;116;103;116;97;114;103;101;116;115;97;109;112;108;101;99;118;115;101;120;97;109;112;108;101;0;0;0;0;0;0;0;0;0;0;0;0;0;0;0;0;0;0;0;0;0;0;0;0;0;0;0;0;0;0;0;0;0;0;0;0;0;0;0;0;0;0;0;0;0;0;9
102;105;108;101;116;121;112;101;100;97;116;119;97;110;100;100;97;116;0;0;0;0;0;0;0;0;0;0;0;0;0;0;0;0;0;0;0;0;0;0;0;0;0;0;0;0;0;0;0;0;0;0;0;0;0;0;0;0;0;0;0;0;0;0;0;0;0;0;0;0;0;0;0;0;0;0;0;0;0;0;0;0;0;9
102;105;108;101;116;121;112;101;105;110;99;100;98;99;111;110;110;0;0;0;0;0;0;0;0;0;0;0;0;0;0;0;0;0;0;0;0;0;0;0;0;0;0;0;0;0;0;0;0;0;0;0;0;0;0;0;0;0;0;0;0;0;0;0;0;0;0;0;0;0;0;0;0;0;0;0;0;0;0;0;0;0;0;9
102;105;108;101;116;121;112;101;105;110;105;119;115;102;116;112;112;119;100;0;0;0;0;0;0;0;0;0;0;0;0;0;0;0;0;0;0;0;0;0;0;0;0;0;0;0;0;0;0;0;0;0;0;0;0;0;0;0;0;0;0;0;0;0;0;0;0;0;0;0;0;0;0;0;0;0;0;0;0;0;0;0;0;9
115;105;103;110;105;110;102;105;108;101;116;121;112;101;117;114;108;0;0;0;0;0;0;0;0;0;0;0;0;0;0;0;0;0;0;0;0;0;0;0;0;0;0;0;0;0;0;0;0;0;0;0;0;0;0;0;0;0;0;0;0;0;0;0;0;0;0;0;0;0;0;0;0;0;0;0;0;0;0;0;0;0;0;9
102;105;108;101;116;121;112;101;110;101;116;114;99;112;97;115;115;119;111;114;100;0;0;0;0;0;0;0;0;0;0;0;0;0;0;0;0;0;0;0;0;0;0;0;0;0;0;0;0;0;0;0;0;0;0;0;0;0;0;0;0;0;0;0;0;0;0;0;0;0;0;0;0;0;0;0;0;0;0;0;0;0;0;9
105;110;117;114;108;115;108;97;112;100;99;111;110;102;105;110;116;101;120;116;99;114;101;100;101;110;116;105;97;108;115;109;97;110;112;97;103;101;77;97;110;117;97;108;80;97;103;101;109;97;110;115;97;109;112;108;101;0;0;0;0;0;0;0;0;0;0;0;0;0;0;0;0;0;0;0;0;0;0;0;0;0;0;9
105;110;117;114;108;115;108;97;112;100;99;111;110;102;105;110;116;101;120;116;114;111;111;116;112;119;109;97;110;112;97;103;101;77;97;110;117;97;108;80;97;103;101;109;97;110;115;97;109;112;108;101;0;0;0;0;0;0;0;0;0;0;0;0;0;0;0;0;0;0;0;0;0;0;0;0;0;0;0;0;0;0;0;9
105;110;117;114;108;119;118;100;105;97;108;99;111;110;102;105;110;116;101;120;116;112;97;115;115;119;111;114;100;0;0;0;0;0;0;0;0;0;0;0;0;0;0;0;0;0;0;0;0;0;0;0;0;0;0;0;0;0;0;0;0;0;0;0;0;0;0;0;0;0;0;0;0;0;0;0;0;0;0;0;0;0;0;9
102;105;108;101;116;121;112;101;100;97;116;112;97;115;115;119;111;114;100;100;97;116;0;0;0;0;0;0;0;0;0;0;0;0;0;0;0;0;0;0;0;0;0;0;0;0;0;0;0;0;0;0;0;0;0;0;0;0;0;0;0;0;0;0;0;0;0;0;0;0;0;0;0;0;0;0;0;0;0;0;0;0;0;9
102;105;108;101;116;121;112;101;112;101;109;105;110;116;101;120;116;112;114;105;118;97;116;101;0;0;0;0;0;0;0;0;0;0;0;0;0;0;0;0;0;0;0;0;0;0;0;0;0;0;0;0;0;0;0;0;0;0;0;0;0;0;0;0;0;0;0;0;0;0;0;0;0;0;0;0;0;0;0;0;0;0;0;9
102;105;108;101;116;121;112;101;99;111;110;102;115;108;97;112;100;99;111;110;102;0;0;0;0;0;0;0;0;0;0;0;0;0;0;0;0;0;0;0;0;0;0;0;0;0;0;0;0;0;0;0;0;0;0;0;0;0;0;0;0;0;0;0;0;0;0;0;0;0;0;0;0;0;0;0;0;0;0;0;0;0;0;9
102;105;108;101;116;121;112;101;108;111;103;105;110;117;114;108;112;97;115;115;119;111;114;100;108;111;103;0;0;0;0;0;0;0;0;0;0;0;0;0;0;0;0;0;0;0;0;0;0;0;0;0;0;0;0;0;0;0;0;0;0;0;0;0;0;0;0;0;0;0;0;0;0;0;0;0;0;0;0;0;0;0;0;9
105;110;117;114;108;118;116;117;110;100;99;111;110;102;105;110;116;101;120;116;112;97;115;115;99;118;115;0;0;0;0;0;0;0;0;0;0;0;0;0;0;0;0;0;0;0;0;0;0;0;0;0;0;0;0;0;0;0;0;0;0;0;0;0;0;0;0;0;0;0;0;0;0;0;0;0;0;0;0;0;0;0;0;9
102;105;108;101;116;121;112;101;117;114;108;105;110;117;114;108;102;116;112;105;110;117;114;108;0;0;0;0;0;0;0;0;0;0;0;0;0;0;0;0;0;0;0;0;0;0;0;0;0;0;0;0;0;0;0;0;0;0;0;0;0;0;0;0;0;0;0;0;0;0;0;0;0;0;0;0;0;0;0;0;0;0;0;9
102;105;108;101;116;121;112;101;114;101;103;114;101;103;72;75;69;89;67;85;82;82;69;78;84;85;83;69;82;83;83;72;72;79;83;84;75;69;89;83;0;0;0;0;0;0;0;0;0;0;0;0;0;0;0;0;0;0;0;0;0;0;0;0;0;0;0;0;0;0;0;0;0;0;0;0;0;0;0;0;0;0;0;9
102;105;108;101;116;121;112;101;114;101;103;114;101;103;105;110;116;101;120;116;100;101;102;97;117;108;116;117;115;101;114;110;97;109;101;105;110;116;101;120;116;100;101;102;97;117;108;116;112;97;115;115;119;111;114;100;0;0;0;0;0;0;0;0;0;0;0;0;0;0;0;0;0;0;0;0;0;0;0;0;0;0;0;9
102;105;108;101;116;121;112;101;105;110;99;105;110;116;101;120;116;109;121;115;113;108;99;111;110;110;101;99;116;0;0;0;0;0;0;0;0;0;0;0;0;0;0;0;0;0;0;0;0;0;0;0;0;0;0;0;0;0;0;0;0;0;0;0;0;0;0;0;0;0;0;0;0;0;0;0;0;0;0;0;0;0;0;9
102;105;108;101;116;121;112;101;112;114;111;112;101;114;116;105;101;115;105;110;117;114;108;100;98;105;110;116;101;120;116;112;97;115;115;119;111;114;100;0;0;0;0;0;0;0;0;0;0;0;0;0;0;0;0;0;0;0;0;0;0;0;0;0;0;0;0;0;0;0;0;0;0;0;0;0;0;0;0;0;0;0;0;9
105;110;116;105;116;108;101;105;110;100;101;120;111;102;105;110;116;101;120;116;103;108;111;98;97;108;115;105;110;99;0;0;0;0;0;0;0;0;0;0;0;0;0;0;0;0;0;0;0;0;0;0;0;0;0;0;0;0;0;0;0;0;0;0;0;0;0;0;0;0;0;0;0;0;0;0;0;0;0;0;0;0;0;9
105;110;117;114;108;112;101;114;102;111;114;109;102;105;108;101;116;121;112;101;105;110;105;0;0;0;0;0;0;0;0;0;0;0;0;0;0;0;0;0;0;0;0;0;0;0;0;0;0;0;0;0;0;0;0;0;0;0;0;0;0;0;0;0;0;0;0;0;0;0;0;0;0;0;0;0;0;0;0;0;0;0;0;9
101;103;103;100;114;111;112;102;105;108;101;116;121;112;101;117;115;101;114;117;115;101;114;0;0;0;0;0;0;0;0;0;0;0;0;0;0;0;0;0;0;0;0;0;0;0;0;0;0;0;0;0;0;0;0;0;0;0;0;0;0;0;0;0;0;0;0;0;0;0;0;0;0;0;0;0;0;0;0;0;0;0;0;9
105;110;116;105;116;108;101;105;110;100;101;120;111;102;105;110;116;101;120;116;99;111;110;110;101;99;116;105;110;99;0;0;0;0;0;0;0;0;0;0;0;0;0;0;0;0;0;0;0;0;0;0;0;0;0;0;0;0;0;0;0;0;0;0;0;0;0;0;0;0;0;0;0;0;0;0;0;0;0;0;0;0;0;9
102;105;108;101;116;121;112;101;99;102;109;99;102;97;112;112;108;105;99;97;116;105;111;110;110;97;109;101;112;97;115;115;119;111;114;100;0;0;0;0;0;0;0;0;0;0;0;0;0;0;0;0;0;0;0;0;0;0;0;0;0;0;0;0;0;0;0;0;0;0;0;0;0;0;0;0;0;0;0;0;0;0;0;9
97;108;108;105;110;117;114;108;97;100;109;105;110;109;100;98;0;0;0;0;0;0;0;0;0;0;0;0;0;0;0;0;0;0;0;0;0;0;0;0;0;0;0;0;0;0;0;0;0;0;0;0;0;0;0;0;0;0;0;0;0;0;0;0;0;0;0;0;0;0;0;0;0;0;0;0;0;0;0;0;0;0;0;9
105;110;116;105;116;108;101;105;110;100;101;120;111;102;97;100;109;105;110;105;115;116;114;97;116;111;114;115;112;119;100;0;0;0;0;0;0;0;0;0;0;0;0;0;0;0;0;0;0;0;0;0;0;0;0;0;0;0;0;0;0;0;0;0;0;0;0;0;0;0;0;0;0;0;0;0;0;0;0;0;0;0;0;9
105;110;116;105;116;108;101;73;110;100;101;120;111;102;101;116;99;115;104;97;100;111;119;0;0;0;0;0;0;0;0;0;0;0;0;0;0;0;0;0;0;0;0;0;0;0;0;0;0;0;0;0;0;0;0;0;0;0;0;0;0;0;0;0;0;0;0;0;0;0;0;0;0;0;0;0;0;0;0;0;0;0;0;9
105;110;117;114;108;115;101;99;114;105;110;103;101;120;116;115;107;114;101;120;116;112;103;112;101;120;116;98;97;107;0;0;0;0;0;0;0;0;0;0;0;0;0;0;0;0;0;0;0;0;0;0;0;0;0;0;0;0;0;0;0;0;0;0;0;0;0;0;0;0;0;0;0;0;0;0;0;0;0;0;0;0;0;9
102;105;108;101;116;121;112;101;104;116;112;97;115;115;119;100;104;116;112;97;115;115;119;100;0;0;0;0;0;0;0;0;0;0;0;0;0;0;0;0;0;0;0;0;0;0;0;0;0;0;0;0;0;0;0;0;0;0;0;0;0;0;0;0;0;0;0;0;0;0;0;0;0;0;0;0;0;0;0;0;0;0;0;9
105;110;117;114;108;112;97;115;115;108;105;115;116;116;120;116;0;0;0;0;0;0;0;0;0;0;0;0;0;0;0;0;0;0;0;0;0;0;0;0;0;0;0;0;0;0;0;0;0;0;0;0;0;0;0;0;0;0;0;0;0;0;0;0;0;0;0;0;0;0;0;0;0;0;0;0;0;0;0;0;0;0;0;9
105;110;116;105;116;108;101;105;110;100;101;120;111;102;116;114;105;108;108;105;97;110;105;110;105;0;0;0;0;0;0;0;0;0;0;0;0;0;0;0;0;0;0;0;0;0;0;0;0;0;0;0;0;0;0;0;0;0;0;0;0;0;0;0;0;0;0;0;0;0;0;0;0;0;0;0;0;0;0;0;0;0;0;9
105;110;117;114;108;99;111;110;102;105;103;112;104;112;100;98;117;110;97;109;101;100;98;112;97;115;115;0;0;0;0;0;0;0;0;0;0;0;0;0;0;0;0;0;0;0;0;0;0;0;0;0;0;0;0;0;0;0;0;0;0;0;0;0;0;0;0;0;0;0;0;0;0;0;0;0;0;0;0;0;0;0;0;9
97;108;108;105;110;117;114;108;97;117;116;104;117;115;101;114;102;105;108;101;116;120;116;0;0;0;0;0;0;0;0;0;0;0;0;0;0;0;0;0;0;0;0;0;0;0;0;0;0;0;0;0;0;0;0;0;0;0;0;0;0;0;0;0;0;0;0;0;0;0;0;0;0;0;0;0;0;0;0;0;0;0;0;9
102;105;108;101;116;121;112;101;120;108;115;117;115;101;114;110;97;109;101;112;97;115;115;119;111;114;100;101;109;97;105;108;0;0;0;0;0;0;0;0;0;0;0;0;0;0;0;0;0;0;0;0;0;0;0;0;0;0;0;0;0;0;0;0;0;0;0;0;0;0;0;0;0;0;0;0;0;0;0;0;0;0;0;9
105;110;100;101;120;111;102;112;97;115;115;108;105;115;116;0;0;0;0;0;0;0;0;0;0;0;0;0;0;0;0;0;0;0;0;0;0;0;0;0;0;0;0;0;0;0;0;0;0;0;0;0;0;0;0;0;0;0;0;0;0;0;0;0;0;0;0;0;0;0;0;0;0;0;0;0;0;0;0;0;0;0;0;9
105;110;100;101;120;111;102;101;116;99;0;0;0;0;0;0;0;0;0;0;0;0;0;0;0;0;0;0;0;0;0;0;0;0;0;0;0;0;0;0;0;0;0;0;0;0;0;0;0;0;0;0;0;0;0;0;0;0;0;0;0;0;0;0;0;0;0;0;0;0;0;0;0;0;0;0;0;0;0;0;0;0;0;9
105;110;116;105;116;108;101;73;110;100;101;120;111;102;112;119;100;100;98;0;0;0;0;0;0;0;0;0;0;0;0;0;0;0;0;0;0;0;0;0;0;0;0;0;0;0;0;0;0;0;0;0;0;0;0;0;0;0;0;0;0;0;0;0;0;0;0;0;0;0;0;0;0;0;0;0;0;0;0;0;0;0;0;9
105;110;116;105;116;108;101;73;110;100;101;120;111;102;109;121;115;113;108;104;105;115;116;111;114;121;0;0;0;0;0;0;0;0;0;0;0;0;0;0;0;0;0;0;0;0;0;0;0;0;0;0;0;0;0;0;0;0;0;0;0;0;0;0;0;0;0;0;0;0;0;0;0;0;0;0;0;0;0;0;0;0;0;9
105;110;116;105;116;108;101;105;110;100;101;120;111;102;105;110;116;101;120;116;115;101;99;114;105;110;103;115;107;114;115;101;99;114;105;110;103;112;103;112;115;101;99;114;105;110;103;98;97;107;0;0;0;0;0;0;0;0;0;0;0;0;0;0;0;0;0;0;0;0;0;0;0;0;0;0;0;0;0;0;0;0;0;9
105;110;116;105;116;108;101;105;110;100;101;120;111;102;112;97;115;115;119;100;112;97;115;115;119;100;98;97;107;0;0;0;0;0;0;0;0;0;0;0;0;0;0;0;0;0;0;0;0;0;0;0;0;0;0;0;0;0;0;0;0;0;0;0;0;0;0;0;0;0;0;0;0;0;0;0;0;0;0;0;0;0;0;9
105;110;116;105;116;108;101;105;110;100;101;120;111;102;109;97;115;116;101;114;112;97;115;115;119;100;0;0;0;0;0;0;0;0;0;0;0;0;0;0;0;0;0;0;0;0;0;0;0;0;0;0;0;0;0;0;0;0;0;0;0;0;0;0;0;0;0;0;0;0;0;0;0;0;0;0;0;0;0;0;0;0;0;9
105;110;116;105;116;108;101;73;110;100;101;120;111;102;104;116;112;97;115;115;119;100;104;116;112;97;115;115;119;100;98;97;107;0;0;0;0;0;0;0;0;0;0;0;0;0;0;0;0;0;0;0;0;0;0;0;0;0;0;0;0;0;0;0;0;0;0;0;0;0;0;0;0;0;0;0;0;0;0;0;0;0;0;9
105;110;116;105;116;108;101;73;110;100;101;120;111;102;115;112;119;100;100;98;112;97;115;115;119;100;112;97;109;99;111;110;102;0;0;0;0;0;0;0;0;0;0;0;0;0;0;0;0;0;0;0;0;0;0;0;0;0;0;0;0;0;0;0;0;0;0;0;0;0;0;0;0;0;0;0;0;0;0;0;0;0;0;9
105;110;116;105;116;108;101;73;110;100;101;120;111;102;101;116;99;112;97;115;115;119;100;0;0;0;0;0;0;0;0;0;0;0;0;0;0;0;0;0;0;0;0;0;0;0;0;0;0;0;0;0;0;0;0;0;0;0;0;0;0;0;0;0;0;0;0;0;0;0;0;0;0;0;0;0;0;0;0;0;0;0;0;9
105;110;116;105;116;108;101;105;110;100;101;120;111;102;112;101;111;112;108;101;108;115;116;0;0;0;0;0;0;0;0;0;0;0;0;0;0;0;0;0;0;0;0;0;0;0;0;0;0;0;0;0;0;0;0;0;0;0;0;0;0;0;0;0;0;0;0;0;0;0;0;0;0;0;0;0;0;0;0;0;0;0;0;9
105;110;116;105;116;108;101;105;110;100;101;120;111;102;99;111;110;102;105;103;112;104;112;0;0;0;0;0;0;0;0;0;0;0;0;0;0;0;0;0;0;0;0;0;0;0;0;0;0;0;0;0;0;0;0;0;0;0;0;0;0;0;0;0;0;0;0;0;0;0;0;0;0;0;0;0;0;0;0;0;0;0;0;9
105;110;116;105;116;108;101;73;110;100;101;120;111;102;104;116;112;97;115;115;119;100;104;116;103;114;111;117;112;105;110;116;105;116;108;101;100;105;115;116;97;112;97;99;104;101;104;116;112;97;115;115;119;100;99;0;0;0;0;0;0;0;0;0;0;0;0;0;0;0;0;0;0;0;0;0;0;0;0;0;0;0;0;9
