105;110;117;114;108;115;101;116;99;111;110;102;105;103;110;101;116;119;111;114;107;73;80;118;54;104;116;109;108;0;0;0;0;0;0;0;0;0;0;0;0;0;0;0;0;0;0;0;0;0;0;0;0;0;0;0;0;0;0;0;0;0;0;0;0;0;0;0;0;0;0;0;0;0;0;0;0;0;0;0;0;0;0;13
105;110;117;114;108;103;117;101;115;116;105;109;97;103;101;104;116;109;108;0;0;0;0;0;0;0;0;0;0;0;0;0;0;0;0;0;0;0;0;0;0;0;0;0;0;0;0;0;0;0;0;0;0;0;0;0;0;0;0;0;0;0;0;0;0;0;0;0;0;0;0;0;0;0;0;0;0;0;0;0;0;0;0;13
105;110;117;114;108;115;104;97;114;101;99;103;105;115;115;105;100;0;0;0;0;0;0;0;0;0;0;0;0;0;0;0;0;0;0;0;0;0;0;0;0;0;0;0;0;0;0;0;0;0;0;0;0;0;0;0;0;0;0;0;0;0;0;0;0;0;0;0;0;0;0;0;0;0;0;0;0;0;0;0;0;0;0;13
105;110;117;114;108;105;109;103;109;97;105;110;99;103;105;110;101;120;116;102;105;108;101;0;0;0;0;0;0;0;0;0;0;0;0;0;0;0;0;0;0;0;0;0;0;0;0;0;0;0;0;0;0;0;0;0;0;0;0;0;0;0;0;0;0;0;0;0;0;0;0;0;0;0;0;0;0;0;0;0;0;0;0;13
105;110;116;105;116;108;101;116;119;111;110;107;121;115;101;114;118;101;114;105;110;117;114;108;57;48;48;48;105;110;116;101;120;116;57;48;48;48;0;0;0;0;0;0;0;0;0;0;0;0;0;0;0;0;0;0;0;0;0;0;0;0;0;0;0;0;0;0;0;0;0;0;0;0;0;0;0;0;0;0;0;0;0;13
105;110;117;114;108;115;99;103;105;98;105;110;105;110;116;105;116;108;101;78;69;84;71;69;65;82;80;114;111;83;97;102;101;0;0;0;0;0;0;0;0;0;0;0;0;0;0;0;0;0;0;0;0;0;0;0;0;0;0;0;0;0;0;0;0;0;0;0;0;0;0;0;0;0;0;0;0;0;0;0;0;0;0;13
105;110;117;114;108;97;112;105;105;110;100;101;120;112;104;112;105;110;116;105;116;108;101;85;110;105;70;105;0;0;0;0;0;0;0;0;0;0;0;0;0;0;0;0;0;0;0;0;0;0;0;0;0;0;0;0;0;0;0;0;0;0;0;0;0;0;0;0;0;0;0;0;0;0;0;0;0;0;0;0;0;0;0;13
105;110;116;105;116;108;101;78;97;109;101;110;111;100;101;105;110;102;111;114;109;97;116;105;111;110;65;78;68;105;110;117;114;108;53;48;48;55;48;100;102;115;104;101;97;108;116;104;104;116;109;108;0;0;0;0;0;0;0;0;0;0;0;0;0;0;0;0;0;0;0;0;0;0;0;0;0;0;0;0;0;0;0;13
105;110;116;105;116;108;101;71;105;116;66;117;99;107;101;116;105;110;116;101;120;116;82;101;99;101;110;116;117;112;100;97;116;101;100;114;101;112;111;115;105;116;111;114;105;101;115;105;110;116;101;120;116;83;105;103;110;73;110;0;0;0;0;0;0;0;0;0;0;0;0;0;0;0;0;0;0;0;0;0;0;0;0;13
105;110;116;105;116;108;101;99;117;99;107;111;111;115;97;110;100;98;111;120;102;97;105;108;101;100;114;101;112;111;114;116;105;110;103;0;0;0;0;0;0;0;0;0;0;0;0;0;0;0;0;0;0;0;0;0;0;0;0;0;0;0;0;0;0;0;0;0;0;0;0;0;0;0;0;0;0;0;0;0;0;0;0;13
105;110;117;114;108;97;112;114;101;99;117;112;101;114;97;100;111;99;117;109;101;110;116;111;115;115;113;108;97;115;112;120;0;0;0;0;0;0;0;0;0;0;0;0;0;0;0;0;0;0;0;0;0;0;0;0;0;0;0;0;0;0;0;0;0;0;0;0;0;0;0;0;0;0;0;0;0;0;0;0;0;0;0;13
105;110;117;114;108;65;68;86;65;78;67;69;68;67;79;77;77;79;78;84;79;80;0;0;0;0;0;0;0;0;0;0;0;0;0;0;0;0;0;0;0;0;0;0;0;0;0;0;0;0;0;0;0;0;0;0;0;0;0;0;0;0;0;0;0;0;0;0;0;0;0;0;0;0;0;0;0;0;0;0;0;0;0;13
105;110;116;105;116;108;101;78;97;109;101;110;111;100;101;105;110;102;111;114;109;97;116;105;111;110;0;0;0;0;0;0;0;0;0;0;0;0;0;0;0;0;0;0;0;0;0;0;0;0;0;0;0;0;0;0;0;0;0;0;0;0;0;0;0;0;0;0;0;0;0;0;0;0;0;0;0;0;0;0;0;0;0;13
105;110;117;114;108;108;111;103;105;110;99;103;105;105;110;116;105;116;108;101;78;69;84;71;69;65;82;0;0;0;0;0;0;0;0;0;0;0;0;0;0;0;0;0;0;0;0;0;0;0;0;0;0;0;0;0;0;0;0;0;0;0;0;0;0;0;0;0;0;0;0;0;0;0;0;0;0;0;0;0;0;0;0;13
105;110;117;114;108;103;50;118;105;101;119;119;101;98;100;97;118;87;101;98;68;97;118;77;111;117;110;116;0;0;0;0;0;0;0;0;0;0;0;0;0;0;0;0;0;0;0;0;0;0;0;0;0;0;0;0;0;0;0;0;0;0;0;0;0;0;0;0;0;0;0;0;0;0;0;0;0;0;0;0;0;0;0;13
105;110;116;105;116;108;101;83;101;116;117;112;72;111;109;101;73;110;116;101;114;110;101;116;83;116;97;116;117;115;98;101;108;107;105;110;0;0;0;0;0;0;0;0;0;0;0;0;0;0;0;0;0;0;0;0;0;0;0;0;0;0;0;0;0;0;0;0;0;0;0;0;0;0;0;0;0;0;0;0;0;0;0;13
105;110;117;114;108;102;116;112;119;119;119;73;110;100;101;120;111;102;0;0;0;0;0;0;0;0;0;0;0;0;0;0;0;0;0;0;0;0;0;0;0;0;0;0;0;0;0;0;0;0;0;0;0;0;0;0;0;0;0;0;0;0;0;0;0;0;0;0;0;0;0;0;0;0;0;0;0;0;0;0;0;0;0;13
105;110;117;114;108;56;48;56;48;106;109;120;99;111;110;115;111;108;101;0;0;0;0;0;0;0;0;0;0;0;0;0;0;0;0;0;0;0;0;0;0;0;0;0;0;0;0;0;0;0;0;0;0;0;0;0;0;0;0;0;0;0;0;0;0;0;0;0;0;0;0;0;0;0;0;0;0;0;0;0;0;0;0;13
105;110;116;105;116;108;101;119;101;98;99;97;109;88;80;53;100;111;119;110;108;111;97;100;0;0;0;0;0;0;0;0;0;0;0;0;0;0;0;0;0;0;0;0;0;0;0;0;0;0;0;0;0;0;0;0;0;0;0;0;0;0;0;0;0;0;0;0;0;0;0;0;0;0;0;0;0;0;0;0;0;0;0;13
105;110;117;114;108;104;116;116;112;102;116;112;100;108;105;110;107;0;0;0;0;0;0;0;0;0;0;0;0;0;0;0;0;0;0;0;0;0;0;0;0;0;0;0;0;0;0;0;0;0;0;0;0;0;0;0;0;0;0;0;0;0;0;0;0;0;0;0;0;0;0;0;0;0;0;0;0;0;0;0;0;0;0;13
105;110;117;114;108;118;105;101;119;118;105;101;119;115;104;116;109;108;105;100;0;0;0;0;0;0;0;0;0;0;0;0;0;0;0;0;0;0;0;0;0;0;0;0;0;0;0;0;0;0;0;0;0;0;0;0;0;0;0;0;0;0;0;0;0;0;0;0;0;0;0;0;0;0;0;0;0;0;0;0;0;0;0;13
105;110;116;105;116;108;101;87;101;108;99;111;109;101;116;111;90;121;88;69;76;122;121;120;101;108;99;111;109;0;0;0;0;0;0;0;0;0;0;0;0;0;0;0;0;0;0;0;0;0;0;0;0;0;0;0;0;0;0;0;0;0;0;0;0;0;0;0;0;0;0;0;0;0;0;0;0;0;0;0;0;0;0;13
105;110;117;114;108;109;117;108;116;105;109;111;110;99;103;105;105;110;116;105;116;108;101;85;80;83;0;0;0;0;0;0;0;0;0;0;0;0;0;0;0;0;0;0;0;0;0;0;0;0;0;0;0;0;0;0;0;0;0;0;0;0;0;0;0;0;0;0;0;0;0;0;0;0;0;0;0;0;0;0;0;0;0;13
105;110;117;114;108;116;104;105;115;76;67;68;105;115;112;97;116;99;104;101;114;110;97;118;0;0;0;0;0;0;0;0;0;0;0;0;0;0;0;0;0;0;0;0;0;0;0;0;0;0;0;0;0;0;0;0;0;0;0;0;0;0;0;0;0;0;0;0;0;0;0;0;0;0;0;0;0;0;0;0;0;0;0;13
105;110;117;114;108;104;116;116;112;118;111;105;99;101;109;97;105;108;0;0;0;0;0;0;0;0;0;0;0;0;0;0;0;0;0;0;0;0;0;0;0;0;0;0;0;0;0;0;0;0;0;0;0;0;0;0;0;0;0;0;0;0;0;0;0;0;0;0;0;0;0;0;0;0;0;0;0;0;0;0;0;0;0;13
105;110;117;114;108;108;118;97;112;112;108;104;116;109;0;0;0;0;0;0;0;0;0;0;0;0;0;0;0;0;0;0;0;0;0;0;0;0;0;0;0;0;0;0;0;0;0;0;0;0;0;0;0;0;0;0;0;0;0;0;0;0;0;0;0;0;0;0;0;0;0;0;0;0;0;0;0;0;0;0;0;0;0;13
105;110;116;101;120;116;86;73;69;87;83;183;83;101;114;118;101;114;68;97;116;97;98;97;115;101;105;110;102;111;114;109;97;116;105;111;110;115;99;104;101;109;97;183;66;114;111;119;115;101;183;83;116;114;117;99;116;117;114;101;183;83;81;76;183;83;101;97;114;99;104;183;69;120;112;111;114;116;0;0;0;0;0;13
105;110;116;101;120;116;86;73;69;87;83;183;83;101;114;118;101;114;84;97;98;108;101;83;67;72;69;77;65;80;82;73;86;73;76;69;71;69;83;183;66;114;111;119;115;101;183;83;116;114;117;99;116;117;114;101;183;83;81;76;183;83;101;97;114;99;104;183;69;120;112;111;114;116;0;0;0;0;0;0;0;0;0;13
105;110;117;114;108;72;116;109;108;65;100;97;112;116;111;114;97;99;116;105;111;110;0;0;0;0;0;0;0;0;0;0;0;0;0;0;0;0;0;0;0;0;0;0;0;0;0;0;0;0;0;0;0;0;0;0;0;0;0;0;0;0;0;0;0;0;0;0;0;0;0;0;0;0;0;0;0;0;0;0;0;0;0;13
105;110;117;114;108;99;103;105;98;105;110;108;115;110;111;100;101;115;119;101;98;110;111;100;101;0;0;0;0;0;0;0;0;0;0;0;0;0;0;0;0;0;0;0;0;0;0;0;0;0;0;0;0;0;0;0;0;0;0;0;0;0;0;0;0;0;0;0;0;0;0;0;0;0;0;0;0;0;0;0;0;0;0;13
105;110;117;114;108;103;114;97;112;104;115;105;110;116;101;120;116;84;114;97;102;102;105;99;97;110;100;115;121;115;116;101;109;114;101;115;111;117;114;99;101;103;114;97;112;104;105;110;103;0;0;0;0;0;0;0;0;0;0;0;0;0;0;0;0;0;0;0;0;0;0;0;0;0;0;0;0;0;0;0;0;0;0;13
105;110;117;114;108;102;116;112;49;57;51;102;105;108;101;116;121;112;101;112;104;112;116;120;116;104;116;109;108;97;115;112;120;109;108;99;110;102;115;104;104;116;109;108;0;0;0;0;0;0;0;0;0;0;0;0;0;0;0;0;0;0;0;0;0;0;0;0;0;0;0;0;0;0;0;0;0;0;0;0;0;0;0;13
105;110;117;114;108;99;103;105;98;105;110;65;82;82;73;83;69;110;116;101;114;112;114;105;115;101;115;0;0;0;0;0;0;0;0;0;0;0;0;0;0;0;0;0;0;0;0;0;0;0;0;0;0;0;0;0;0;0;0;0;0;0;0;0;0;0;0;0;0;0;0;0;0;0;0;0;0;0;0;0;0;0;0;13
105;110;117;114;108;118;105;101;119;108;115;116;115;97;115;112;120;66;97;115;101;84;121;112;101;0;0;0;0;0;0;0;0;0;0;0;0;0;0;0;0;0;0;0;0;0;0;0;0;0;0;0;0;0;0;0;0;0;0;0;0;0;0;0;0;0;0;0;0;0;0;0;0;0;0;0;0;0;0;0;0;0;0;13
65;108;108;115;105;116;101;99;111;110;116;101;110;116;101;120;116;97;115;112;120;0;0;0;0;0;0;0;0;0;0;0;0;0;0;0;0;0;0;0;0;0;0;0;0;0;0;0;0;0;0;0;0;0;0;0;0;0;0;0;0;0;0;0;0;0;0;0;0;0;0;0;0;0;0;0;0;0;0;0;0;0;0;13
105;110;117;114;108;104;116;109;108;109;111;100;101;109;105;110;102;111;97;115;112;0;0;0;0;0;0;0;0;0;0;0;0;0;0;0;0;0;0;0;0;0;0;0;0;0;0;0;0;0;0;0;0;0;0;0;0;0;0;0;0;0;0;0;0;0;0;0;0;0;0;0;0;0;0;0;0;0;0;0;0;0;0;13
105;110;116;105;116;108;101;76;111;103;73;110;116;111;65;82;87;101;98;0;0;0;0;0;0;0;0;0;0;0;0;0;0;0;0;0;0;0;0;0;0;0;0;0;0;0;0;0;0;0;0;0;0;0;0;0;0;0;0;0;0;0;0;0;0;0;0;0;0;0;0;0;0;0;0;0;0;0;0;0;0;0;0;13
105;110;117;114;108;109;106;112;103;118;105;100;101;111;109;106;112;103;0;0;0;0;0;0;0;0;0;0;0;0;0;0;0;0;0;0;0;0;0;0;0;0;0;0;0;0;0;0;0;0;0;0;0;0;0;0;0;0;0;0;0;0;0;0;0;0;0;0;0;0;0;0;0;0;0;0;0;0;0;0;0;0;0;13
105;110;116;105;116;108;101;76;111;103;105;110;105;110;117;114;108;100;111;99;112;97;103;101;108;111;103;105;110;97;115;112;0;0;0;0;0;0;0;0;0;0;0;0;0;0;0;0;0;0;0;0;0;0;0;0;0;0;0;0;0;0;0;0;0;0;0;0;0;0;0;0;0;0;0;0;0;0;0;0;0;0;0;13
105;110;116;105;116;108;101;76;101;97;102;80;72;80;77;97;105;108;101;114;98;121;108;101;97;102;109;97;105;108;101;114;112;119;101;120;116;112;104;112;0;0;0;0;0;0;0;0;0;0;0;0;0;0;0;0;0;0;0;0;0;0;0;0;0;0;0;0;0;0;0;0;0;0;0;0;0;0;0;0;0;0;0;13
105;110;116;101;120;116;83;79;65;80;49;49;105;110;116;101;120;116;83;79;65;80;49;50;105;110;116;101;120;116;85;80;76;79;65;68;105;110;116;101;120;116;71;69;84;105;110;116;101;120;116;80;79;83;84;105;110;117;114;108;111;112;0;0;0;0;0;0;0;0;0;0;0;0;0;0;0;0;0;0;0;0;0;13
105;110;117;114;108;97;112;99;112;104;112;105;110;116;105;116;108;101;65;80;67;73;78;70;79;0;0;0;0;0;0;0;0;0;0;0;0;0;0;0;0;0;0;0;0;0;0;0;0;0;0;0;0;0;0;0;0;0;0;0;0;0;0;0;0;0;0;0;0;0;0;0;0;0;0;0;0;0;0;0;0;0;0;13
85;112;108;111;97;100;105;110;117;114;108;104;116;116;112;115;119;101;98;102;105;108;101;115;0;0;0;0;0;0;0;0;0;0;0;0;0;0;0;0;0;0;0;0;0;0;0;0;0;0;0;0;0;0;0;0;0;0;0;0;0;0;0;0;0;0;0;0;0;0;0;0;0;0;0;0;0;0;0;0;0;0;0;13
105;110;117;114;108;109;111;110;105;116;111;114;105;110;103;115;116;97;116;105;115;116;105;99;115;111;102;74;97;118;97;77;101;108;111;100;121;0;0;0;0;0;0;0;0;0;0;0;0;0;0;0;0;0;0;0;0;0;0;0;0;0;0;0;0;0;0;0;0;0;0;0;0;0;0;0;0;0;0;0;0;0;0;13
105;110;116;105;116;108;101;111;112;101;110;119;101;98;105;102;76;105;110;117;120;115;101;116;116;111;112;98;111;120;0;0;0;0;0;0;0;0;0;0;0;0;0;0;0;0;0;0;0;0;0;0;0;0;0;0;0;0;0;0;0;0;0;0;0;0;0;0;0;0;0;0;0;0;0;0;0;0;0;0;0;0;0;13
105;110;117;114;108;109;106;112;103;109;97;105;110;97;115;112;0;0;0;0;0;0;0;0;0;0;0;0;0;0;0;0;0;0;0;0;0;0;0;0;0;0;0;0;0;0;0;0;0;0;0;0;0;0;0;0;0;0;0;0;0;0;0;0;0;0;0;0;0;0;0;0;0;0;0;0;0;0;0;0;0;0;0;13
105;110;116;105;116;108;101;83;116;114;111;110;103;76;111;111;112;65;80;73;69;120;112;108;111;114;101;114;105;110;116;101;120;116;84;111;107;101;110;78;111;116;83;101;116;0;0;0;0;0;0;0;0;0;0;0;0;0;0;0;0;0;0;0;0;0;0;0;0;0;0;0;0;0;0;0;0;0;0;0;0;0;0;13
105;110;117;114;108;80;111;114;116;97;108;80;111;114;116;97;108;109;119;115;108;0;0;0;0;0;0;0;0;0;0;0;0;0;0;0;0;0;0;0;0;0;0;0;0;0;0;0;0;0;0;0;0;0;0;0;0;0;0;0;0;0;0;0;0;0;0;0;0;0;0;0;0;0;0;0;0;0;0;0;0;0;0;13
105;110;117;114;108;116;111;112;104;116;109;105;110;117;114;108;99;117;114;114;101;110;116;116;105;109;101;0;0;0;0;0;0;0;0;0;0;0;0;0;0;0;0;0;0;0;0;0;0;0;0;0;0;0;0;0;0;0;0;0;0;0;0;0;0;0;0;0;0;0;0;0;0;0;0;0;0;0;0;0;0;0;0;13
105;110;117;114;108;97;119;99;117;115;101;114;99;103;105;98;105;110;0;0;0;0;0;0;0;0;0;0;0;0;0;0;0;0;0;0;0;0;0;0;0;0;0;0;0;0;0;0;0;0;0;0;0;0;0;0;0;0;0;0;0;0;0;0;0;0;0;0;0;0;0;0;0;0;0;0;0;0;0;0;0;0;0;13
105;110;116;101;120;116;80;111;119;101;114;101;100;98;121;66;79;77;71;65;82;0;0;0;0;0;0;0;0;0;0;0;0;0;0;0;0;0;0;0;0;0;0;0;0;0;0;0;0;0;0;0;0;0;0;0;0;0;0;0;0;0;0;0;0;0;0;0;0;0;0;0;0;0;0;0;0;0;0;0;0;0;0;13
105;110;117;114;108;111;119;110;99;108;111;117;100;112;117;98;108;105;99;112;104;112;103;105;116;104;117;98;102;111;114;117;109;0;0;0;0;0;0;0;0;0;0;0;0;0;0;0;0;0;0;0;0;0;0;0;0;0;0;0;0;0;0;0;0;0;0;0;0;0;0;0;0;0;0;0;0;0;0;0;0;0;0;13
102;109;98;56;48;101;110;99;111;100;101;114;104;116;109;0;0;0;0;0;0;0;0;0;0;0;0;0;0;0;0;0;0;0;0;0;0;0;0;0;0;0;0;0;0;0;0;0;0;0;0;0;0;0;0;0;0;0;0;0;0;0;0;0;0;0;0;0;0;0;0;0;0;0;0;0;0;0;0;0;0;0;0;13
105;110;117;114;108;117;115;101;114;82;112;109;105;110;117;114;108;76;111;103;105;110;82;112;109;104;116;109;0;0;0;0;0;0;0;0;0;0;0;0;0;0;0;0;0;0;0;0;0;0;0;0;0;0;0;0;0;0;0;0;0;0;0;0;0;0;0;0;0;0;0;0;0;0;0;0;0;0;0;0;0;0;0;13
105;110;117;114;108;118;105;101;119;118;105;101;119;101;114;105;110;100;101;120;115;104;116;109;108;0;0;0;0;0;0;0;0;0;0;0;0;0;0;0;0;0;0;0;0;0;0;0;0;0;0;0;0;0;0;0;0;0;0;0;0;0;0;0;0;0;0;0;0;0;0;0;0;0;0;0;0;0;0;0;0;0;0;13
105;110;117;114;108;108;103;105;110;116;105;116;108;101;76;111;111;107;105;110;103;71;108;97;115;115;0;0;0;0;0;0;0;0;0;0;0;0;0;0;0;0;0;0;0;0;0;0;0;0;0;0;0;0;0;0;0;0;0;0;0;0;0;0;0;0;0;0;0;0;0;0;0;0;0;0;0;0;0;0;0;0;0;13
105;110;116;101;120;116;112;111;119;101;114;101;100;98;121;119;101;98;99;97;109;88;80;53;0;0;0;0;0;0;0;0;0;0;0;0;0;0;0;0;0;0;0;0;0;0;0;0;0;0;0;0;0;0;0;0;0;0;0;0;0;0;0;0;0;0;0;0;0;0;0;0;0;0;0;0;0;0;0;0;0;0;0;13
105;110;116;105;116;108;101;82;101;115;105;100;101;110;116;105;97;108;71;97;116;101;119;97;121;67;111;110;102;105;103;117;114;97;116;105;111;110;105;110;116;101;120;116;67;97;98;108;101;77;111;100;101;109;73;110;102;111;114;109;97;116;105;111;110;0;0;0;0;0;0;0;0;0;0;0;0;0;0;0;0;0;0;13
105;110;116;105;116;108;101;84;82;69;78;68;110;101;116;105;110;117;114;108;116;111;112;104;116;109;0;0;0;0;0;0;0;0;0;0;0;0;0;0;0;0;0;0;0;0;0;0;0;0;0;0;0;0;0;0;0;0;0;0;0;0;0;0;0;0;0;0;0;0;0;0;0;0;0;0;0;0;0;0;0;0;0;13
105;110;116;105;116;108;101;84;82;69;78;68;110;101;116;105;110;117;114;108;83;84;83;83;89;83;72;84;77;0;0;0;0;0;0;0;0;0;0;0;0;0;0;0;0;0;0;0;0;0;0;0;0;0;0;0;0;0;0;0;0;0;0;0;0;0;0;0;0;0;0;0;0;0;0;0;0;0;0;0;0;0;0;13
105;110;116;105;116;108;101;84;82;69;78;68;110;101;116;105;110;117;114;108;65;86;73;69;87;72;84;77;0;0;0;0;0;0;0;0;0;0;0;0;0;0;0;0;0;0;0;0;0;0;0;0;0;0;0;0;0;0;0;0;0;0;0;0;0;0;0;0;0;0;0;0;0;0;0;0;0;0;0;0;0;0;0;13
105;110;116;105;116;108;101;84;82;69;78;68;110;101;116;105;110;117;114;108;74;80;108;117;103;104;116;109;0;0;0;0;0;0;0;0;0;0;0;0;0;0;0;0;0;0;0;0;0;0;0;0;0;0;0;0;0;0;0;0;0;0;0;0;0;0;0;0;0;0;0;0;0;0;0;0;0;0;0;0;0;0;0;13
105;110;116;105;116;108;101;84;82;69;78;68;110;101;116;105;110;117;114;108;74;86;73;69;87;72;84;77;0;0;0;0;0;0;0;0;0;0;0;0;0;0;0;0;0;0;0;0;0;0;0;0;0;0;0;0;0;0;0;0;0;0;0;0;0;0;0;0;0;0;0;0;0;0;0;0;0;0;0;0;0;0;0;13
105;110;116;105;116;108;101;84;101;110;100;97;65;68;83;76;50;50;77;111;100;101;109;105;110;117;114;108;109;97;105;110;104;116;109;108;0;0;0;0;0;0;0;0;0;0;0;0;0;0;0;0;0;0;0;0;0;0;0;0;0;0;0;0;0;0;0;0;0;0;0;0;0;0;0;0;0;0;0;0;0;0;0;13
105;110;117;114;108;116;111;112;80;97;103;101;99;103;105;105;110;117;114;108;109;97;105;110;70;114;97;109;101;99;103;105;105;110;116;101;120;116;87;101;98;73;109;97;103;101;77;111;110;105;116;111;114;0;0;0;0;0;0;0;0;0;0;0;0;0;0;0;0;0;0;0;0;0;0;0;0;0;0;0;0;0;0;13
105;110;116;105;116;108;101;83;121;110;99;84;104;114;117;87;101;98;83;101;114;118;105;99;101;105;110;117;114;108;115;119;115;0;0;0;0;0;0;0;0;0;0;0;0;0;0;0;0;0;0;0;0;0;0;0;0;0;0;0;0;0;0;0;0;0;0;0;0;0;0;0;0;0;0;0;0;0;0;0;0;0;0;13
105;110;117;114;108;104;111;109;101;104;116;109;99;97;116;104;111;109;101;0;0;0;0;0;0;0;0;0;0;0;0;0;0;0;0;0;0;0;0;0;0;0;0;0;0;0;0;0;0;0;0;0;0;0;0;0;0;0;0;0;0;0;0;0;0;0;0;0;0;0;0;0;0;0;0;0;0;0;0;0;0;0;0;13
105;110;117;114;108;105;110;100;101;120;104;116;109;99;97;116;105;110;102;111;0;0;0;0;0;0;0;0;0;0;0;0;0;0;0;0;0;0;0;0;0;0;0;0;0;0;0;0;0;0;0;0;0;0;0;0;0;0;0;0;0;0;0;0;0;0;0;0;0;0;0;0;0;0;0;0;0;0;0;0;0;0;0;13
105;110;117;114;108;105;110;100;101;120;104;116;109;99;97;116;98;108;117;101;116;111;111;116;104;0;0;0;0;0;0;0;0;0;0;0;0;0;0;0;0;0;0;0;0;0;0;0;0;0;0;0;0;0;0;0;0;0;0;0;0;0;0;0;0;0;0;0;0;0;0;0;0;0;0;0;0;0;0;0;0;0;0;13
105;110;117;114;108;105;110;100;101;120;104;116;109;99;97;116;110;101;116;119;111;114;107;0;0;0;0;0;0;0;0;0;0;0;0;0;0;0;0;0;0;0;0;0;0;0;0;0;0;0;0;0;0;0;0;0;0;0;0;0;0;0;0;0;0;0;0;0;0;0;0;0;0;0;0;0;0;0;0;0;0;0;0;13
105;110;117;114;108;105;110;100;101;120;104;116;109;99;97;116;115;101;116;116;105;110;103;115;0;0;0;0;0;0;0;0;0;0;0;0;0;0;0;0;0;0;0;0;0;0;0;0;0;0;0;0;0;0;0;0;0;0;0;0;0;0;0;0;0;0;0;0;0;0;0;0;0;0;0;0;0;0;0;0;0;0;0;13
105;110;117;114;108;99;103;105;98;105;110;100;121;110;97;109;105;99;105;110;117;114;108;104;116;109;108;105;110;116;105;116;108;101;80;114;105;110;116;101;114;83;116;97;116;117;115;0;0;0;0;0;0;0;0;0;0;0;0;0;0;0;0;0;0;0;0;0;0;0;0;0;0;0;0;0;0;0;0;0;0;0;0;13
105;110;117;114;108;105;110;102;111;115;117;112;112;108;105;101;115;83;116;97;116;117;115;104;116;109;108;0;0;0;0;0;0;0;0;0;0;0;0;0;0;0;0;0;0;0;0;0;0;0;0;0;0;0;0;0;0;0;0;0;0;0;0;0;0;0;0;0;0;0;0;0;0;0;0;0;0;0;0;0;0;0;0;13
105;110;117;114;108;105;110;102;111;99;111;110;102;105;103;117;114;97;116;105;111;110;104;116;109;108;0;0;0;0;0;0;0;0;0;0;0;0;0;0;0;0;0;0;0;0;0;0;0;0;0;0;0;0;0;0;0;0;0;0;0;0;0;0;0;0;0;0;0;0;0;0;0;0;0;0;0;0;0;0;0;0;0;13
105;110;117;114;108;105;110;102;111;99;111;110;102;105;103;110;101;116;119;111;114;107;104;116;109;108;0;0;0;0;0;0;0;0;0;0;0;0;0;0;0;0;0;0;0;0;0;0;0;0;0;0;0;0;0;0;0;0;0;0;0;0;0;0;0;0;0;0;0;0;0;0;0;0;0;0;0;0;0;0;0;0;0;13
105;110;117;114;108;105;110;102;111;115;112;101;99;105;97;108;80;97;103;101;115;104;116;109;108;0;0;0;0;0;0;0;0;0;0;0;0;0;0;0;0;0;0;0;0;0;0;0;0;0;0;0;0;0;0;0;0;0;0;0;0;0;0;0;0;0;0;0;0;0;0;0;0;0;0;0;0;0;0;0;0;0;0;13
105;110;117;114;108;105;110;102;111;99;111;108;111;114;85;115;97;103;101;74;111;98;76;111;103;104;116;109;108;0;0;0;0;0;0;0;0;0;0;0;0;0;0;0;0;0;0;0;0;0;0;0;0;0;0;0;0;0;0;0;0;0;0;0;0;0;0;0;0;0;0;0;0;0;0;0;0;0;0;0;0;0;0;13
105;110;117;114;108;105;110;102;111;100;101;118;105;99;101;83;116;97;116;117;115;104;116;109;108;0;0;0;0;0;0;0;0;0;0;0;0;0;0;0;0;0;0;0;0;0;0;0;0;0;0;0;0;0;0;0;0;0;0;0;0;0;0;0;0;0;0;0;0;0;0;0;0;0;0;0;0;0;0;0;0;0;0;13
105;110;117;114;108;105;110;102;111;101;118;101;110;116;76;111;103;104;116;109;108;0;0;0;0;0;0;0;0;0;0;0;0;0;0;0;0;0;0;0;0;0;0;0;0;0;0;0;0;0;0;0;0;0;0;0;0;0;0;0;0;0;0;0;0;0;0;0;0;0;0;0;0;0;0;0;0;0;0;0;0;0;0;13
105;110;117;114;108;108;111;103;105;110;105;110;117;114;108;117;115;101;114;105;110;117;114;108;112;97;115;115;105;110;116;101;120;116;112;97;115;115;105;110;116;101;120;116;117;115;101;114;0;0;0;0;0;0;0;0;0;0;0;0;0;0;0;0;0;0;0;0;0;0;0;0;0;0;0;0;0;0;0;0;0;0;0;13
105;110;116;105;116;108;101;119;101;98;99;97;109;55;105;110;117;114;108;56;48;56;48;105;110;116;101;120;116;56;48;56;48;0;0;0;0;0;0;0;0;0;0;0;0;0;0;0;0;0;0;0;0;0;0;0;0;0;0;0;0;0;0;0;0;0;0;0;0;0;0;0;0;0;0;0;0;0;0;0;0;0;0;13
105;110;116;105;116;108;101;104;111;109;101;109;97;116;105;99;119;101;98;117;105;0;0;0;0;0;0;0;0;0;0;0;0;0;0;0;0;0;0;0;0;0;0;0;0;0;0;0;0;0;0;0;0;0;0;0;0;0;0;0;0;0;0;0;0;0;0;0;0;0;0;0;0;0;0;0;0;0;0;0;0;0;0;13
87;101;98;112;97;103;101;115;101;110;116;98;121;73;110;116;101;114;77;97;112;112;101;114;0;0;0;0;0;0;0;0;0;0;0;0;0;0;0;0;0;0;0;0;0;0;0;0;0;0;0;0;0;0;0;0;0;0;0;0;0;0;0;0;0;0;0;0;0;0;0;0;0;0;0;0;0;0;0;0;0;0;0;13
105;110;117;114;108;112;104;112;80;103;65;100;109;105;110;98;114;111;119;115;101;114;112;104;112;105;110;116;105;116;108;101;112;104;112;80;103;65;100;109;105;110;0;0;0;0;0;0;0;0;0;0;0;0;0;0;0;0;0;0;0;0;0;0;0;0;0;0;0;0;0;0;0;0;0;0;0;0;0;0;0;0;0;13
105;110;117;114;108;97;117;116;111;100;105;115;99;111;118;101;114;97;117;116;111;100;105;115;99;111;118;101;114;101;120;116;120;109;108;0;0;0;0;0;0;0;0;0;0;0;0;0;0;0;0;0;0;0;0;0;0;0;0;0;0;0;0;0;0;0;0;0;0;0;0;0;0;0;0;0;0;0;0;0;0;0;0;13
73;80;83;101;110;116;114;121;68;101;118;105;99;101;83;116;97;116;105;115;116;105;99;115;73;110;102;111;114;109;97;116;105;111;110;0;0;0;0;0;0;0;0;0;0;0;0;0;0;0;0;0;0;0;0;0;0;0;0;0;0;0;0;0;0;0;0;0;0;0;0;0;0;0;0;0;0;0;0;0;0;0;0;13
105;110;117;114;108;116;99;112;105;112;118;52;104;116;109;0;0;0;0;0;0;0;0;0;0;0;0;0;0;0;0;0;0;0;0;0;0;0;0;0;0;0;0;0;0;0;0;0;0;0;0;0;0;0;0;0;0;0;0;0;0;0;0;0;0;0;0;0;0;0;0;0;0;0;0;0;0;0;0;0;0;0;0;13
105;110;117;114;108;99;103;105;98;105;110;108;117;99;105;102;114;101;105;102;117;110;107;103;114;97;112;104;111;108;115;114;100;116;111;112;111;108;111;103;121;0;0;0;0;0;0;0;0;0;0;0;0;0;0;0;0;0;0;0;0;0;0;0;0;0;0;0;0;0;0;0;0;0;0;0;0;0;0;0;0;0;0;13
105;110;117;114;108;116;99;112;105;112;118;54;104;116;109;0;0;0;0;0;0;0;0;0;0;0;0;0;0;0;0;0;0;0;0;0;0;0;0;0;0;0;0;0;0;0;0;0;0;0;0;0;0;0;0;0;0;0;0;0;0;0;0;0;0;0;0;0;0;0;0;0;0;0;0;0;0;0;0;0;0;0;0;13
105;110;117;114;108;105;110;100;101;120;104;116;109;99;97;116;105;110;102;111;112;114;105;110;116;101;114;73;110;102;111;0;0;0;0;0;0;0;0;0;0;0;0;0;0;0;0;0;0;0;0;0;0;0;0;0;0;0;0;0;0;0;0;0;0;0;0;0;0;0;0;0;0;0;0;0;0;0;0;0;0;0;0;13
105;110;117;114;108;104;112;100;101;118;105;99;101;115;117;112;112;108;121;115;116;97;116;117;115;104;116;109;0;0;0;0;0;0;0;0;0;0;0;0;0;0;0;0;0;0;0;0;0;0;0;0;0;0;0;0;0;0;0;0;0;0;0;0;0;0;0;0;0;0;0;0;0;0;0;0;0;0;0;0;0;0;0;13
105;110;117;114;108;105;110;100;101;120;104;116;109;99;97;116;105;110;102;111;112;97;103;101;115;82;101;109;97;105;110;105;110;103;0;0;0;0;0;0;0;0;0;0;0;0;0;0;0;0;0;0;0;0;0;0;0;0;0;0;0;0;0;0;0;0;0;0;0;0;0;0;0;0;0;0;0;0;0;0;0;0;0;13
105;110;117;114;108;99;103;105;98;105;110;78;111;112;97;115;115;119;111;114;100;115;101;116;84;104;101;114;101;105;115;110;111;112;97;115;115;119;111;114;100;115;101;116;111;110;116;104;105;115;114;111;117;116;101;114;0;0;0;0;0;0;0;0;0;0;0;0;0;0;0;0;0;0;0;0;0;0;0;0;0;0;0;13
105;110;116;105;116;108;101;98;117;105;108;100;49;51;48;54;52;73;110;102;111;0;0;0;0;0;0;0;0;0;0;0;0;0;0;0;0;0;0;0;0;0;0;0;0;0;0;0;0;0;0;0;0;0;0;0;0;0;0;0;0;0;0;0;0;0;0;0;0;0;0;0;0;0;0;0;0;0;0;0;0;0;0;13
105;110;116;105;116;108;101;67;80;80;76;85;83;68;86;82;87;101;98;86;105;101;119;0;0;0;0;0;0;0;0;0;0;0;0;0;0;0;0;0;0;0;0;0;0;0;0;0;0;0;0;0;0;0;0;0;0;0;0;0;0;0;0;0;0;0;0;0;0;0;0;0;0;0;0;0;0;0;0;0;0;0;0;13
105;110;117;114;108;104;116;116;112;109;111;110;112;104;112;0;0;0;0;0;0;0;0;0;0;0;0;0;0;0;0;0;0;0;0;0;0;0;0;0;0;0;0;0;0;0;0;0;0;0;0;0;0;0;0;0;0;0;0;0;0;0;0;0;0;0;0;0;0;0;0;0;0;0;0;0;0;0;0;0;0;0;0;13
105;110;117;114;108;110;101;116;110;101;116;112;114;111;116;111;99;111;108;104;116;109;108;0;0;0;0;0;0;0;0;0;0;0;0;0;0;0;0;0;0;0;0;0;0;0;0;0;0;0;0;0;0;0;0;0;0;0;0;0;0;0;0;0;0;0;0;0;0;0;0;0;0;0;0;0;0;0;0;0;0;0;0;13
105;110;117;114;108;110;101;116;110;101;116;97;105;114;112;114;105;110;116;104;116;109;108;0;0;0;0;0;0;0;0;0;0;0;0;0;0;0;0;0;0;0;0;0;0;0;0;0;0;0;0;0;0;0;0;0;0;0;0;0;0;0;0;0;0;0;0;0;0;0;0;0;0;0;0;0;0;0;0;0;0;0;0;13
105;110;117;114;108;116;114;97;102;102;105;99;99;97;109;115;105;110;116;101;120;116;116;114;97;102;102;105;99;99;97;109;115;101;120;116;97;115;112;79;82;101;120;116;104;116;109;0;0;0;0;0;0;0;0;0;0;0;0;0;0;0;0;0;0;0;0;0;0;0;0;0;0;0;0;0;0;0;0;0;0;0;0;13
105;110;116;105;116;108;101;114;111;117;116;101;114;105;110;117;114;108;104;111;109;101;97;115;112;0;0;0;0;0;0;0;0;0;0;0;0;0;0;0;0;0;0;0;0;0;0;0;0;0;0;0;0;0;0;0;0;0;0;0;0;0;0;0;0;0;0;0;0;0;0;0;0;0;0;0;0;0;0;0;0;0;0;13
105;110;116;101;120;116;84;104;105;115;105;115;65;112;97;99;104;101;72;97;100;111;111;112;114;101;108;101;97;115;101;76;111;99;97;108;76;111;103;115;0;0;0;0;0;0;0;0;0;0;0;0;0;0;0;0;0;0;0;0;0;0;0;0;0;0;0;0;0;0;0;0;0;0;0;0;0;0;0;0;0;0;0;13
105;110;116;105;116;108;101;105;110;100;101;120;111;102;105;110;117;114;108;111;112;101;110;119;101;98;109;97;105;108;115;105;116;101;111;112;101;110;119;101;98;109;97;105;108;111;114;103;0;0;0;0;0;0;0;0;0;0;0;0;0;0;0;0;0;0;0;0;0;0;0;0;0;0;0;0;0;0;0;0;0;0;0;13
105;110;116;105;116;108;101;83;111;108;114;65;100;109;105;110;67;111;114;101;65;100;109;105;110;84;104;114;101;97;100;68;117;109;112;0;0;0;0;0;0;0;0;0;0;0;0;0;0;0;0;0;0;0;0;0;0;0;0;0;0;0;0;0;0;0;0;0;0;0;0;0;0;0;0;0;0;0;0;0;0;0;0;13
66;117;105;108;100;114;101;102;50;54;0;0;0;0;0;0;0;0;0;0;0;0;0;0;0;0;0;0;0;0;0;0;0;0;0;0;0;0;0;0;0;0;0;0;0;0;0;0;0;0;0;0;0;0;0;0;0;0;0;0;0;0;0;0;0;0;0;0;0;0;0;0;0;0;0;0;0;0;0;0;0;0;0;13
105;110;117;114;108;119;101;98;118;105;115;117;104;116;109;101;120;116;104;116;109;0;0;0;0;0;0;0;0;0;0;0;0;0;0;0;0;0;0;0;0;0;0;0;0;0;0;0;0;0;0;0;0;0;0;0;0;0;0;0;0;0;0;0;0;0;0;0;0;0;0;0;0;0;0;0;0;0;0;0;0;0;0;13
105;110;117;114;108;97;120;105;115;99;103;105;101;120;116;99;103;105;0;0;0;0;0;0;0;0;0;0;0;0;0;0;0;0;0;0;0;0;0;0;0;0;0;0;0;0;0;0;0;0;0;0;0;0;0;0;0;0;0;0;0;0;0;0;0;0;0;0;0;0;0;0;0;0;0;0;0;0;0;0;0;0;0;13
105;110;116;105;116;108;101;71;108;111;98;97;108;84;114;97;102;102;105;99;83;116;97;116;105;115;116;105;99;115;78;116;111;112;0;0;0;0;0;0;0;0;0;0;0;0;0;0;0;0;0;0;0;0;0;0;0;0;0;0;0;0;0;0;0;0;0;0;0;0;0;0;0;0;0;0;0;0;0;0;0;0;0;13
105;110;117;114;108;112;114;105;110;116;101;114;109;97;105;110;104;116;109;108;0;0;0;0;0;0;0;0;0;0;0;0;0;0;0;0;0;0;0;0;0;0;0;0;0;0;0;0;0;0;0;0;0;0;0;0;0;0;0;0;0;0;0;0;0;0;0;0;0;0;0;0;0;0;0;0;0;0;0;0;0;0;0;13
105;110;116;105;116;108;101;87;101;98;83;101;114;118;105;99;101;87;101;98;83;101;114;118;105;99;101;101;120;116;97;115;109;120;0;0;0;0;0;0;0;0;0;0;0;0;0;0;0;0;0;0;0;0;0;0;0;0;0;0;0;0;0;0;0;0;0;0;0;0;0;0;0;0;0;0;0;0;0;0;0;0;0;13
105;110;116;105;116;108;101;73;80;67;97;109;105;110;117;114;108;109;111;110;105;116;111;114;50;104;116;109;0;0;0;0;0;0;0;0;0;0;0;0;0;0;0;0;0;0;0;0;0;0;0;0;0;0;0;0;0;0;0;0;0;0;0;0;0;0;0;0;0;0;0;0;0;0;0;0;0;0;0;0;0;0;0;13
105;110;117;114;108;98;114;111;119;115;101;112;104;112;105;110;117;114;108;107;99;102;105;110;100;101;114;103;105;116;104;117;98;99;111;109;0;0;0;0;0;0;0;0;0;0;0;0;0;0;0;0;0;0;0;0;0;0;0;0;0;0;0;0;0;0;0;0;0;0;0;0;0;0;0;0;0;0;0;0;0;0;0;13
105;110;117;114;108;115;101;116;99;111;110;102;105;103;112;97;115;115;119;111;114;100;104;116;109;108;0;0;0;0;0;0;0;0;0;0;0;0;0;0;0;0;0;0;0;0;0;0;0;0;0;0;0;0;0;0;0;0;0;0;0;0;0;0;0;0;0;0;0;0;0;0;0;0;0;0;0;0;0;0;0;0;0;13
105;110;116;105;116;108;101;104;112;108;97;115;101;114;106;101;116;105;110;117;114;108;83;83;73;65;117;116;104;115;101;116;99;111;110;102;105;103;100;101;118;105;99;101;105;110;102;111;104;116;109;0;0;0;0;0;0;0;0;0;0;0;0;0;0;0;0;0;0;0;0;0;0;0;0;0;0;0;0;0;0;0;0;13
105;110;117;114;108;115;113;117;105;100;114;101;112;111;114;116;115;65;78;68;105;110;116;105;116;108;101;83;65;82;71;114;101;112;111;114;116;115;0;0;0;0;0;0;0;0;0;0;0;0;0;0;0;0;0;0;0;0;0;0;0;0;0;0;0;0;0;0;0;0;0;0;0;0;0;0;0;0;0;0;0;0;0;13
97;108;108;105;110;117;114;108;102;111;108;100;101;114;99;111;110;116;101;110;116;104;116;109;108;102;111;108;100;101;114;0;0;0;0;0;0;0;0;0;0;0;0;0;0;0;0;0;0;0;0;0;0;0;0;0;0;0;0;0;0;0;0;0;0;0;0;0;0;0;0;0;0;0;0;0;0;0;0;0;0;0;0;13
97;108;108;105;110;117;114;108;97;119;115;116;97;116;115;112;108;101;120;116;112;108;0;0;0;0;0;0;0;0;0;0;0;0;0;0;0;0;0;0;0;0;0;0;0;0;0;0;0;0;0;0;0;0;0;0;0;0;0;0;0;0;0;0;0;0;0;0;0;0;0;0;0;0;0;0;0;0;0;0;0;0;0;13
105;110;117;114;108;99;101;114;116;115;114;118;105;110;116;101;120;116;83;101;108;101;99;116;97;116;97;115;107;0;0;0;0;0;0;0;0;0;0;0;0;0;0;0;0;0;0;0;0;0;0;0;0;0;0;0;0;0;0;0;0;0;0;0;0;0;0;0;0;0;0;0;0;0;0;0;0;0;0;0;0;0;0;13
105;110;117;114;108;103;114;97;112;104;115;105;110;116;105;116;108;101;82;111;117;116;101;114;79;115;0;0;0;0;0;0;0;0;0;0;0;0;0;0;0;0;0;0;0;0;0;0;0;0;0;0;0;0;0;0;0;0;0;0;0;0;0;0;0;0;0;0;0;0;0;0;0;0;0;0;0;0;0;0;0;0;0;13
105;110;117;114;108;117;112;115;115;116;97;116;115;99;103;105;104;111;115;116;0;0;0;0;0;0;0;0;0;0;0;0;0;0;0;0;0;0;0;0;0;0;0;0;0;0;0;0;0;0;0;0;0;0;0;0;0;0;0;0;0;0;0;0;0;0;0;0;0;0;0;0;0;0;0;0;0;0;0;0;0;0;0;13
105;110;117;114;108;102;116;112;105;110;117;114;108;83;101;97;103;97;116;101;105;110;117;114;108;66;97;99;107;117;112;105;110;117;114;108;80;108;117;115;105;110;117;114;108;68;114;105;118;101;0;0;0;0;0;0;0;0;0;0;0;0;0;0;0;0;0;0;0;0;0;0;0;0;0;0;0;0;0;0;0;0;0;13
105;110;116;105;116;108;101;65;80;82;111;117;116;101;114;78;101;119;71;101;110;101;114;97;116;105;111;110;105;110;116;101;120;116;83;116;97;116;117;115;100;111;65;80;82;111;117;116;101;114;0;0;0;0;0;0;0;0;0;0;0;0;0;0;0;0;0;0;0;0;0;0;0;0;0;0;0;0;0;0;0;0;0;13
105;110;117;114;108;99;103;105;98;105;110;108;117;99;105;0;0;0;0;0;0;0;0;0;0;0;0;0;0;0;0;0;0;0;0;0;0;0;0;0;0;0;0;0;0;0;0;0;0;0;0;0;0;0;0;0;0;0;0;0;0;0;0;0;0;0;0;0;0;0;0;0;0;0;0;0;0;0;0;0;0;0;0;13
105;110;117;114;108;99;103;105;98;105;110;119;101;98;112;114;111;99;0;0;0;0;0;0;0;0;0;0;0;0;0;0;0;0;0;0;0;0;0;0;0;0;0;0;0;0;0;0;0;0;0;0;0;0;0;0;0;0;0;0;0;0;0;0;0;0;0;0;0;0;0;0;0;0;0;0;0;0;0;0;0;0;0;13
103;105;116;105;110;116;105;116;108;101;73;110;100;101;120;111;102;0;0;0;0;0;0;0;0;0;0;0;0;0;0;0;0;0;0;0;0;0;0;0;0;0;0;0;0;0;0;0;0;0;0;0;0;0;0;0;0;0;0;0;0;0;0;0;0;0;0;0;0;0;0;0;0;0;0;0;0;0;0;0;0;0;0;13
105;110;117;114;108;100;121;110;115;101;110;115;111;114;115;104;116;109;0;0;0;0;0;0;0;0;0;0;0;0;0;0;0;0;0;0;0;0;0;0;0;0;0;0;0;0;0;0;0;0;0;0;0;0;0;0;0;0;0;0;0;0;0;0;0;0;0;0;0;0;0;0;0;0;0;0;0;0;0;0;0;0;0;13
105;110;117;114;108;99;103;105;98;105;110;109;97;105;108;103;114;97;112;104;99;103;105;0;0;0;0;0;0;0;0;0;0;0;0;0;0;0;0;0;0;0;0;0;0;0;0;0;0;0;0;0;0;0;0;0;0;0;0;0;0;0;0;0;0;0;0;0;0;0;0;0;0;0;0;0;0;0;0;0;0;0;0;13
105;110;117;114;108;112;104;121;104;116;109;105;110;116;105;116;108;101;84;111;117;99;104;115;116;111;110;101;83;116;97;116;117;115;0;0;0;0;0;0;0;0;0;0;0;0;0;0;0;0;0;0;0;0;0;0;0;0;0;0;0;0;0;0;0;0;0;0;0;0;0;0;0;0;0;0;0;0;0;0;0;0;0;13
100;111;114;107;115;83;105;116;101;83;99;111;112;101;105;110;117;114;108;83;105;116;101;83;99;111;112;101;99;103;105;103;111;101;120;101;83;105;116;101;83;99;111;112;101;112;97;103;101;0;0;0;0;0;0;0;0;0;0;0;0;0;0;0;0;0;0;0;0;0;0;0;0;0;0;0;0;0;0;0;0;0;0;13
105;110;117;114;108;100;102;115;104;101;97;108;116;104;106;115;112;0;0;0;0;0;0;0;0;0;0;0;0;0;0;0;0;0;0;0;0;0;0;0;0;0;0;0;0;0;0;0;0;0;0;0;0;0;0;0;0;0;0;0;0;0;0;0;0;0;0;0;0;0;0;0;0;0;0;0;0;0;0;0;0;0;0;13
105;110;116;101;120;116;72;105;107;118;105;115;105;111;110;105;110;117;114;108;108;111;103;105;110;97;115;112;0;0;0;0;0;0;0;0;0;0;0;0;0;0;0;0;0;0;0;0;0;0;0;0;0;0;0;0;0;0;0;0;0;0;0;0;0;0;0;0;0;0;0;0;0;0;0;0;0;0;0;0;0;0;0;13
105;110;117;114;108;112;117;98;108;105;99;112;104;112;115;101;114;118;105;99;101;102;105;108;101;115;0;0;0;0;0;0;0;0;0;0;0;0;0;0;0;0;0;0;0;0;0;0;0;0;0;0;0;0;0;0;0;0;0;0;0;0;0;0;0;0;0;0;0;0;0;0;0;0;0;0;0;0;0;0;0;0;0;13
105;110;116;105;116;108;101;110;111;116;97;99;99;101;112;116;101;100;105;110;117;114;108;117;110;105;111;110;115;101;108;101;99;116;105;110;117;114;108;105;100;0;0;0;0;0;0;0;0;0;0;0;0;0;0;0;0;0;0;0;0;0;0;0;0;0;0;0;0;0;0;0;0;0;0;0;0;0;0;0;0;0;0;13
102;105;108;101;116;121;112;101;106;110;108;112;0;0;0;0;0;0;0;0;0;0;0;0;0;0;0;0;0;0;0;0;0;0;0;0;0;0;0;0;0;0;0;0;0;0;0;0;0;0;0;0;0;0;0;0;0;0;0;0;0;0;0;0;0;0;0;0;0;0;0;0;0;0;0;0;0;0;0;0;0;0;0;13
105;110;116;105;116;108;101;73;80;67;97;109;67;108;105;101;110;116;0;0;0;0;0;0;0;0;0;0;0;0;0;0;0;0;0;0;0;0;0;0;0;0;0;0;0;0;0;0;0;0;0;0;0;0;0;0;0;0;0;0;0;0;0;0;0;0;0;0;0;0;0;0;0;0;0;0;0;0;0;0;0;0;0;13
105;110;116;105;116;108;101;82;84;97;116;97;103;108;97;110;99;101;105;110;116;101;120;116;113;117;105;99;107;115;101;97;114;99;104;0;0;0;0;0;0;0;0;0;0;0;0;0;0;0;0;0;0;0;0;0;0;0;0;0;0;0;0;0;0;0;0;0;0;0;0;0;0;0;0;0;0;0;0;0;0;0;0;13
105;110;116;105;116;108;101;82;111;117;116;101;114;79;83;114;111;117;116;101;114;99;111;110;102;105;103;117;114;97;116;105;111;110;112;97;103;101;0;0;0;0;0;0;0;0;0;0;0;0;0;0;0;0;0;0;0;0;0;0;0;0;0;0;0;0;0;0;0;0;0;0;0;0;0;0;0;0;0;0;0;0;0;13
105;110;117;114;108;119;101;98;99;109;103;101;116;112;97;103;101;0;0;0;0;0;0;0;0;0;0;0;0;0;0;0;0;0;0;0;0;0;0;0;0;0;0;0;0;0;0;0;0;0;0;0;0;0;0;0;0;0;0;0;0;0;0;0;0;0;0;0;0;0;0;0;0;0;0;0;0;0;0;0;0;0;0;13
105;110;117;114;108;103;114;97;112;104;115;105;110;116;105;116;108;101;84;114;97;102;102;105;99;97;110;100;115;121;115;116;101;109;114;101;115;111;117;114;99;101;103;114;97;112;104;105;110;103;0;0;0;0;0;0;0;0;0;0;0;0;0;0;0;0;0;0;0;0;0;0;0;0;0;0;0;0;0;0;0;0;0;13
105;110;116;105;116;108;101;83;80;65;53;48;52;71;67;111;110;102;105;103;117;114;97;116;105;111;110;0;0;0;0;0;0;0;0;0;0;0;0;0;0;0;0;0;0;0;0;0;0;0;0;0;0;0;0;0;0;0;0;0;0;0;0;0;0;0;0;0;0;0;0;0;0;0;0;0;0;0;0;0;0;0;0;13
105;110;117;114;108;99;103;105;109;111;100;105;110;100;101;120;99;103;105;0;0;0;0;0;0;0;0;0;0;0;0;0;0;0;0;0;0;0;0;0;0;0;0;0;0;0;0;0;0;0;0;0;0;0;0;0;0;0;0;0;0;0;0;0;0;0;0;0;0;0;0;0;0;0;0;0;0;0;0;0;0;0;0;13
105;110;116;105;116;108;101;87;101;98;67;108;105;101;110;116;102;111;114;69;68;86;83;0;0;0;0;0;0;0;0;0;0;0;0;0;0;0;0;0;0;0;0;0;0;0;0;0;0;0;0;0;0;0;0;0;0;0;0;0;0;0;0;0;0;0;0;0;0;0;0;0;0;0;0;0;0;0;0;0;0;0;0;13
105;110;116;105;116;108;101;87;101;97;116;104;101;114;87;105;110;103;87;83;50;0;0;0;0;0;0;0;0;0;0;0;0;0;0;0;0;0;0;0;0;0;0;0;0;0;0;0;0;0;0;0;0;0;0;0;0;0;0;0;0;0;0;0;0;0;0;0;0;0;0;0;0;0;0;0;0;0;0;0;0;0;0;13
105;110;116;105;116;108;101;78;101;116;66;111;116;122;78;101;116;119;111;114;107;77;111;110;105;116;111;114;105;110;103;65;112;112;108;105;97;110;99;101;0;0;0;0;0;0;0;0;0;0;0;0;0;0;0;0;0;0;0;0;0;0;0;0;0;0;0;0;0;0;0;0;0;0;0;0;0;0;0;0;0;0;0;13
105;110;116;105;116;108;101;87;101;98;73;109;97;103;101;77;111;110;105;116;111;114;105;110;117;114;108;109;97;105;110;70;114;97;109;101;99;103;105;0;0;0;0;0;0;0;0;0;0;0;0;0;0;0;0;0;0;0;0;0;0;0;0;0;0;0;0;0;0;0;0;0;0;0;0;0;0;0;0;0;0;0;0;13
105;110;116;105;116;108;101;84;114;97;110;115;112;111;110;100;101;114;69;79;76;67;111;110;102;105;103;117;114;97;116;105;111;110;105;110;117;114;108;97;115;112;0;0;0;0;0;0;0;0;0;0;0;0;0;0;0;0;0;0;0;0;0;0;0;0;0;0;0;0;0;0;0;0;0;0;0;0;0;0;0;0;0;13
105;110;117;114;108;118;111;105;99;101;97;100;118;97;110;99;101;100;105;110;116;105;116;108;101;76;105;110;107;115;121;115;83;80;65;99;111;110;102;105;103;117;114;97;116;105;111;110;0;0;0;0;0;0;0;0;0;0;0;0;0;0;0;0;0;0;0;0;0;0;0;0;0;0;0;0;0;0;0;0;0;0;0;13
105;110;117;114;108;99;111;110;116;114;111;108;117;115;101;114;105;109;97;103;101;104;116;109;108;0;0;0;0;0;0;0;0;0;0;0;0;0;0;0;0;0;0;0;0;0;0;0;0;0;0;0;0;0;0;0;0;0;0;0;0;0;0;0;0;0;0;0;0;0;0;0;0;0;0;0;0;0;0;0;0;0;0;13
105;110;117;114;108;51;50;52;48;48;119;101;98;105;110;100;101;120;104;116;109;108;0;0;0;0;0;0;0;0;0;0;0;0;0;0;0;0;0;0;0;0;0;0;0;0;0;0;0;0;0;0;0;0;0;0;0;0;0;0;0;0;0;0;0;0;0;0;0;0;0;0;0;0;0;0;0;0;0;0;0;0;0;13
105;110;117;114;108;108;101;118;101;108;49;51;49;52;49;53;101;120;101;99;0;0;0;0;0;0;0;0;0;0;0;0;0;0;0;0;0;0;0;0;0;0;0;0;0;0;0;0;0;0;0;0;0;0;0;0;0;0;0;0;0;0;0;0;0;0;0;0;0;0;0;0;0;0;0;0;0;0;0;0;0;0;0;13
105;110;116;105;116;108;101;100;100;119;114;116;105;110;102;111;105;110;116;101;120;116;70;105;114;109;119;97;114;101;68;68;87;82;84;0;0;0;0;0;0;0;0;0;0;0;0;0;0;0;0;0;0;0;0;0;0;0;0;0;0;0;0;0;0;0;0;0;0;0;0;0;0;0;0;0;0;0;0;0;0;0;0;13
105;110;116;105;116;108;101;80;121;120;105;115;77;111;98;105;108;101;84;101;115;116;80;97;103;101;105;110;117;114;108;109;112;84;101;115;116;97;115;112;120;0;0;0;0;0;0;0;0;0;0;0;0;0;0;0;0;0;0;0;0;0;0;0;0;0;0;0;0;0;0;0;0;0;0;0;0;0;0;0;0;0;0;13
105;110;117;114;108;79;114;105;111;110;83;117;109;109;97;114;121;86;105;101;119;97;115;112;120;105;110;116;101;120;116;79;114;105;111;110;67;111;114;101;0;0;0;0;0;0;0;0;0;0;0;0;0;0;0;0;0;0;0;0;0;0;0;0;0;0;0;0;0;0;0;0;0;0;0;0;0;0;0;0;0;0;0;13
105;110;116;105;116;108;101;104;112;108;97;115;101;114;106;101;116;105;110;117;114;108;105;110;102;111;99;111;110;102;105;103;117;114;97;116;105;111;110;104;116;109;0;0;0;0;0;0;0;0;0;0;0;0;0;0;0;0;0;0;0;0;0;0;0;0;0;0;0;0;0;0;0;0;0;0;0;0;0;0;0;0;0;13
97;112;99;105;110;102;111;97;112;99;112;104;112;83;67;79;80;69;0;0;0;0;0;0;0;0;0;0;0;0;0;0;0;0;0;0;0;0;0;0;0;0;0;0;0;0;0;0;0;0;0;0;0;0;0;0;0;0;0;0;0;0;0;0;0;0;0;0;0;0;0;0;0;0;0;0;0;0;0;0;0;0;0;13
105;110;116;101;120;116;89;111;117;109;97;121;97;108;115;111;100;111;110;97;116;101;116;104;114;111;117;103;104;116;104;101;77;111;110;101;121;98;111;111;107;101;114;115;97;99;99;111;117;110;116;109;98;100;100;119;114;116;0;0;0;0;0;0;0;0;0;0;0;0;0;0;0;0;0;0;0;0;0;0;0;0;0;13
105;110;116;105;116;108;101;72;116;109;108;65;110;118;86;105;101;119;68;55;66;48;51;57;67;49;0;0;0;0;0;0;0;0;0;0;0;0;0;0;0;0;0;0;0;0;0;0;0;0;0;0;0;0;0;0;0;0;0;0;0;0;0;0;0;0;0;0;0;0;0;0;0;0;0;0;0;0;0;0;0;0;0;13
105;110;117;114;108;83;101;116;116;105;110;103;115;97;115;112;120;105;110;116;105;116;108;101;66;101;121;111;110;100;84;86;0;0;0;0;0;0;0;0;0;0;0;0;0;0;0;0;0;0;0;0;0;0;0;0;0;0;0;0;0;0;0;0;0;0;0;0;0;0;0;0;0;0;0;0;0;0;0;0;0;0;0;13
105;110;117;114;108;99;103;105;98;105;110;99;111;115;109;111;98;100;102;99;103;105;0;0;0;0;0;0;0;0;0;0;0;0;0;0;0;0;0;0;0;0;0;0;0;0;0;0;0;0;0;0;0;0;0;0;0;0;0;0;0;0;0;0;0;0;0;0;0;0;0;0;0;0;0;0;0;0;0;0;0;0;0;13
105;110;117;114;108;82;103;70;105;114;101;119;97;108;108;82;76;97;115;112;0;0;0;0;0;0;0;0;0;0;0;0;0;0;0;0;0;0;0;0;0;0;0;0;0;0;0;0;0;0;0;0;0;0;0;0;0;0;0;0;0;0;0;0;0;0;0;0;0;0;0;0;0;0;0;0;0;0;0;0;0;0;0;13
105;110;117;114;108;82;103;68;109;122;72;111;115;116;97;115;112;0;0;0;0;0;0;0;0;0;0;0;0;0;0;0;0;0;0;0;0;0;0;0;0;0;0;0;0;0;0;0;0;0;0;0;0;0;0;0;0;0;0;0;0;0;0;0;0;0;0;0;0;0;0;0;0;0;0;0;0;0;0;0;0;0;0;13
105;110;117;114;108;82;103;77;97;99;70;105;108;116;101;114;105;110;103;97;115;112;0;0;0;0;0;0;0;0;0;0;0;0;0;0;0;0;0;0;0;0;0;0;0;0;0;0;0;0;0;0;0;0;0;0;0;0;0;0;0;0;0;0;0;0;0;0;0;0;0;0;0;0;0;0;0;0;0;0;0;0;0;13
105;110;117;114;108;82;103;67;111;110;110;101;99;116;97;115;112;0;0;0;0;0;0;0;0;0;0;0;0;0;0;0;0;0;0;0;0;0;0;0;0;0;0;0;0;0;0;0;0;0;0;0;0;0;0;0;0;0;0;0;0;0;0;0;0;0;0;0;0;0;0;0;0;0;0;0;0;0;0;0;0;0;0;13
105;110;117;114;108;82;103;83;101;99;117;114;105;116;121;97;115;112;0;0;0;0;0;0;0;0;0;0;0;0;0;0;0;0;0;0;0;0;0;0;0;0;0;0;0;0;0;0;0;0;0;0;0;0;0;0;0;0;0;0;0;0;0;0;0;0;0;0;0;0;0;0;0;0;0;0;0;0;0;0;0;0;0;13
105;110;117;114;108;82;103;67;111;110;116;101;110;116;70;105;108;116;101;114;97;115;112;0;0;0;0;0;0;0;0;0;0;0;0;0;0;0;0;0;0;0;0;0;0;0;0;0;0;0;0;0;0;0;0;0;0;0;0;0;0;0;0;0;0;0;0;0;0;0;0;0;0;0;0;0;0;0;0;0;0;0;0;13
105;110;117;114;108;119;108;97;110;82;97;100;105;111;97;115;112;0;0;0;0;0;0;0;0;0;0;0;0;0;0;0;0;0;0;0;0;0;0;0;0;0;0;0;0;0;0;0;0;0;0;0;0;0;0;0;0;0;0;0;0;0;0;0;0;0;0;0;0;0;0;0;0;0;0;0;0;0;0;0;0;0;0;13
105;110;116;105;116;108;101;83;112;101;99;116;114;97;73;86;73;80;0;0;0;0;0;0;0;0;0;0;0;0;0;0;0;0;0;0;0;0;0;0;0;0;0;0;0;0;0;0;0;0;0;0;0;0;0;0;0;0;0;0;0;0;0;0;0;0;0;0;0;0;0;0;0;0;0;0;0;0;0;0;0;0;0;13
105;110;117;114;108;99;103;105;98;105;110;109;97;107;101;99;103;105;112;114;111;0;0;0;0;0;0;0;0;0;0;0;0;0;0;0;0;0;0;0;0;0;0;0;0;0;0;0;0;0;0;0;0;0;0;0;0;0;0;0;0;0;0;0;0;0;0;0;0;0;0;0;0;0;0;0;0;0;0;0;0;0;0;13
97;108;108;105;110;116;105;116;108;101;85;110;105;77;101;112;83;116;97;116;105;111;110;67;111;110;116;114;111;108;108;101;114;0;0;0;0;0;0;0;0;0;0;0;0;0;0;0;0;0;0;0;0;0;0;0;0;0;0;0;0;0;0;0;0;0;0;0;0;0;0;0;0;0;0;0;0;0;0;0;0;0;0;13
105;110;117;114;108;57;48;48;48;80;97;99;107;101;116;86;105;100;101;111;99;111;114;112;111;114;97;116;105;111;110;0;0;0;0;0;0;0;0;0;0;0;0;0;0;0;0;0;0;0;0;0;0;0;0;0;0;0;0;0;0;0;0;0;0;0;0;0;0;0;0;0;0;0;0;0;0;0;0;0;0;0;0;13
105;110;117;114;108;108;101;118;101;108;49;53;101;120;101;99;0;0;0;0;0;0;0;0;0;0;0;0;0;0;0;0;0;0;0;0;0;0;0;0;0;0;0;0;0;0;0;0;0;0;0;0;0;0;0;0;0;0;0;0;0;0;0;0;0;0;0;0;0;0;0;0;0;0;0;0;0;0;0;0;0;0;0;13
105;110;117;114;108;108;101;118;101;108;49;53;101;120;101;99;99;111;110;102;105;103;117;114;101;104;116;116;112;0;0;0;0;0;0;0;0;0;0;0;0;0;0;0;0;0;0;0;0;0;0;0;0;0;0;0;0;0;0;0;0;0;0;0;0;0;0;0;0;0;0;0;0;0;0;0;0;0;0;0;0;0;0;13
105;110;117;114;108;101;120;101;99;115;104;111;119;116;101;99;104;115;117;112;112;111;114;116;99;114;0;0;0;0;0;0;0;0;0;0;0;0;0;0;0;0;0;0;0;0;0;0;0;0;0;0;0;0;0;0;0;0;0;0;0;0;0;0;0;0;0;0;0;0;0;0;0;0;0;0;0;0;0;0;0;0;0;13
97;108;108;105;110;116;105;116;108;101;83;121;110;99;84;104;114;117;87;101;98;83;101;114;118;105;99;101;0;0;0;0;0;0;0;0;0;0;0;0;0;0;0;0;0;0;0;0;0;0;0;0;0;0;0;0;0;0;0;0;0;0;0;0;0;0;0;0;0;0;0;0;0;0;0;0;0;0;0;0;0;0;0;13
105;110;116;105;116;108;101;69;118;111;67;97;109;105;110;117;114;108;119;101;98;99;97;109;104;116;109;108;0;0;0;0;0;0;0;0;0;0;0;0;0;0;0;0;0;0;0;0;0;0;0;0;0;0;0;0;0;0;0;0;0;0;0;0;0;0;0;0;0;0;0;0;0;0;0;0;0;0;0;0;0;0;0;13
105;110;116;105;116;108;101;78;101;116;50;80;104;111;110;101;73;110;105;116;80;97;103;101;0;0;0;0;0;0;0;0;0;0;0;0;0;0;0;0;0;0;0;0;0;0;0;0;0;0;0;0;0;0;0;0;0;0;0;0;0;0;0;0;0;0;0;0;0;0;0;0;0;0;0;0;0;0;0;0;0;0;0;13
87;101;108;99;111;109;101;116;111;116;104;101;67;121;98;101;114;71;117;97;114;100;117;110;105;116;0;0;0;0;0;0;0;0;0;0;0;0;0;0;0;0;0;0;0;0;0;0;0;0;0;0;0;0;0;0;0;0;0;0;0;0;0;0;0;0;0;0;0;0;0;0;0;0;0;0;0;0;0;0;0;0;0;13
105;110;116;105;116;108;101;89;111;117;114;78;101;116;119;111;114;107;68;101;118;105;99;101;83;116;97;116;117;115;76;65;78;87;65;78;0;0;0;0;0;0;0;0;0;0;0;0;0;0;0;0;0;0;0;0;0;0;0;0;0;0;0;0;0;0;0;0;0;0;0;0;0;0;0;0;0;0;0;0;0;0;0;13
83;110;97;112;71;101;97;114;77;97;110;97;103;101;109;101;110;116;67;111;110;115;111;108;101;87;101;108;99;111;109;101;116;111;116;104;101;83;110;97;112;71;101;97;114;85;110;105;116;112;100;102;0;0;0;0;0;0;0;0;0;0;0;0;0;0;0;0;0;0;0;0;0;0;0;0;0;0;0;0;0;0;0;13
76;65;78;67;79;77;68;83;76;79;102;102;105;99;101;69;110;116;114;121;80;97;103;101;0;0;0;0;0;0;0;0;0;0;0;0;0;0;0;0;0;0;0;0;0;0;0;0;0;0;0;0;0;0;0;0;0;0;0;0;0;0;0;0;0;0;0;0;0;0;0;0;0;0;0;0;0;0;0;0;0;0;0;13
105;110;116;105;116;108;101;84;111;112;86;97;110;116;97;103;101;83;101;114;118;105;99;101;71;97;116;101;119;97;121;105;110;117;114;108;122;121;120;101;108;0;0;0;0;0;0;0;0;0;0;0;0;0;0;0;0;0;0;0;0;0;0;0;0;0;0;0;0;0;0;0;0;0;0;0;0;0;0;0;0;0;0;13
105;110;117;114;108;119;114;99;111;110;116;114;111;108;108;105;116;101;0;0;0;0;0;0;0;0;0;0;0;0;0;0;0;0;0;0;0;0;0;0;0;0;0;0;0;0;0;0;0;0;0;0;0;0;0;0;0;0;0;0;0;0;0;0;0;0;0;0;0;0;0;0;0;0;0;0;0;0;0;0;0;0;0;13
97;108;108;105;110;116;105;116;108;101;68;86;82;108;111;103;105;110;0;0;0;0;0;0;0;0;0;0;0;0;0;0;0;0;0;0;0;0;0;0;0;0;0;0;0;0;0;0;0;0;0;0;0;0;0;0;0;0;0;0;0;0;0;0;0;0;0;0;0;0;0;0;0;0;0;0;0;0;0;0;0;0;0;13
105;110;116;105;116;108;101;115;116;105;110;103;114;97;121;102;116;115;108;111;103;105;110;108;111;103;105;110;106;115;112;105;110;116;105;116;108;101;83;116;105;110;103;82;97;121;0;0;0;0;0;0;0;0;0;0;0;0;0;0;0;0;0;0;0;0;0;0;0;0;0;0;0;0;0;0;0;0;0;0;0;0;0;13
105;110;116;105;116;108;101;66;108;117;101;78;101;116;86;105;100;101;111;86;105;101;119;101;114;0;0;0;0;0;0;0;0;0;0;0;0;0;0;0;0;0;0;0;0;0;0;0;0;0;0;0;0;0;0;0;0;0;0;0;0;0;0;0;0;0;0;0;0;0;0;0;0;0;0;0;0;0;0;0;0;0;0;13
97;108;108;105;110;116;105;116;108;101;69;100;114;49;54;56;48;114;101;109;111;116;101;118;105;101;119;101;114;0;0;0;0;0;0;0;0;0;0;0;0;0;0;0;0;0;0;0;0;0;0;0;0;0;0;0;0;0;0;0;0;0;0;0;0;0;0;0;0;0;0;0;0;0;0;0;0;0;0;0;0;0;0;13
97;108;108;105;110;116;105;116;108;101;69;68;82;49;54;48;48;108;111;103;105;110;87;101;108;99;111;109;101;0;0;0;0;0;0;0;0;0;0;0;0;0;0;0;0;0;0;0;0;0;0;0;0;0;0;0;0;0;0;0;0;0;0;0;0;0;0;0;0;0;0;0;0;0;0;0;0;0;0;0;0;0;0;13
97;108;108;105;110;116;105;116;108;101;69;68;82;52;48;48;108;111;103;105;110;87;101;108;99;111;109;101;0;0;0;0;0;0;0;0;0;0;0;0;0;0;0;0;0;0;0;0;0;0;0;0;0;0;0;0;0;0;0;0;0;0;0;0;0;0;0;0;0;0;0;0;0;0;0;0;0;0;0;0;0;0;0;13
105;110;116;105;116;108;101;68;105;118;97;114;87;101;98;67;108;105;101;110;116;0;0;0;0;0;0;0;0;0;0;0;0;0;0;0;0;0;0;0;0;0;0;0;0;0;0;0;0;0;0;0;0;0;0;0;0;0;0;0;0;0;0;0;0;0;0;0;0;0;0;0;0;0;0;0;0;0;0;0;0;0;0;13
105;110;116;105;116;108;101;76;105;118;101;86;105;101;119;65;88;73;83;105;110;117;114;108;118;105;101;119;118;105;101;119;115;104;116;109;108;0;0;0;0;0;0;0;0;0;0;0;0;0;0;0;0;0;0;0;0;0;0;0;0;0;0;0;0;0;0;0;0;0;0;0;0;0;0;0;0;0;0;0;0;0;0;13
105;110;116;105;116;108;101;76;105;118;101;86;105;101;119;65;88;73;83;105;110;117;114;108;118;105;101;119;105;110;100;101;120;70;114;97;109;101;115;104;116;109;108;0;0;0;0;0;0;0;0;0;0;0;0;0;0;0;0;0;0;0;0;0;0;0;0;0;0;0;0;0;0;0;0;0;0;0;0;0;0;0;0;13
105;110;116;105;116;108;101;76;105;118;101;86;105;101;119;65;88;73;83;105;110;116;105;116;108;101;77;74;80;71;76;105;118;101;68;101;109;111;0;0;0;0;0;0;0;0;0;0;0;0;0;0;0;0;0;0;0;0;0;0;0;0;0;0;0;0;0;0;0;0;0;0;0;0;0;0;0;0;0;0;0;0;0;13
105;110;116;105;116;108;101;76;105;118;101;86;105;101;119;65;88;73;83;105;110;116;101;120;116;83;101;108;101;99;116;112;114;101;115;101;116;112;111;115;105;116;105;111;110;0;0;0;0;0;0;0;0;0;0;0;0;0;0;0;0;0;0;0;0;0;0;0;0;0;0;0;0;0;0;0;0;0;0;0;0;0;0;13
97;108;108;105;110;116;105;116;108;101;65;120;105;115;50;49;48;79;82;50;49;50;79;82;50;51;48;79;82;50;51;49;79;82;50;51;50;78;101;116;119;111;114;107;67;97;109;101;114;97;0;0;0;0;0;0;0;0;0;0;0;0;0;0;0;0;0;0;0;0;0;0;0;0;0;0;0;0;0;0;0;0;0;13
97;108;108;105;110;116;105;116;108;101;65;120;105;115;50;51;51;79;82;50;51;52;79;82;50;52;48;79;82;50;52;50;79;82;50;52;51;78;101;116;119;111;114;107;67;97;109;101;114;97;0;0;0;0;0;0;0;0;0;0;0;0;0;0;0;0;0;0;0;0;0;0;0;0;0;0;0;0;0;0;0;0;0;13
97;108;108;105;110;116;105;116;108;101;69;118;101;114;70;111;99;117;115;69;68;83;82;69;68;83;82;52;48;48;65;112;112;108;101;116;0;0;0;0;0;0;0;0;0;0;0;0;0;0;0;0;0;0;0;0;0;0;0;0;0;0;0;0;0;0;0;0;0;0;0;0;0;0;0;0;0;0;0;0;0;0;0;13
105;110;116;105;116;108;101;83;78;67;82;90;51;48;100;101;109;111;0;0;0;0;0;0;0;0;0;0;0;0;0;0;0;0;0;0;0;0;0;0;0;0;0;0;0;0;0;0;0;0;0;0;0;0;0;0;0;0;0;0;0;0;0;0;0;0;0;0;0;0;0;0;0;0;0;0;0;0;0;0;0;0;0;13
105;110;116;105;116;108;101;105;71;117;97;114;100;70;105;110;103;101;114;112;114;105;110;116;83;101;99;117;114;105;116;121;83;121;115;116;101;109;0;0;0;0;0;0;0;0;0;0;0;0;0;0;0;0;0;0;0;0;0;0;0;0;0;0;0;0;0;0;0;0;0;0;0;0;0;0;0;0;0;0;0;0;0;13
105;110;116;105;116;108;101;86;101;111;79;98;115;101;114;118;101;114;88;84;105;110;117;114;108;115;104;116;109;108;112;108;112;104;112;104;116;109;97;115;112;97;115;112;120;112;100;102;99;102;109;105;110;116;101;120;116;111;98;115;101;114;118;101;114;0;0;0;0;0;0;0;0;0;0;0;0;0;0;0;0;0;0;13
105;110;116;105;116;108;101;69;121;101;83;112;121;70;88;79;112;116;105;67;97;109;70;88;103;111;116;111;99;97;109;101;114;97;105;110;117;114;108;115;101;114;118;108;101;116;68;101;116;101;99;116;66;114;111;119;115;101;114;0;0;0;0;0;0;0;0;0;0;0;0;0;0;0;0;0;0;0;0;0;0;0;0;13
105;110;117;114;108;99;103;105;98;105;110;103;117;101;115;116;105;109;97;103;101;104;116;109;108;0;0;0;0;0;0;0;0;0;0;0;0;0;0;0;0;0;0;0;0;0;0;0;0;0;0;0;0;0;0;0;0;0;0;0;0;0;0;0;0;0;0;0;0;0;0;0;0;0;0;0;0;0;0;0;0;0;0;13
105;110;116;105;116;108;101;68;101;118;105;99;101;83;116;97;116;117;115;83;117;109;109;97;114;121;80;97;103;101;100;101;109;111;0;0;0;0;0;0;0;0;0;0;0;0;0;0;0;0;0;0;0;0;0;0;0;0;0;0;0;0;0;0;0;0;0;0;0;0;0;0;0;0;0;0;0;0;0;0;0;0;0;13
105;110;116;105;116;108;101;77;79;66;79;84;73;88;105;110;116;105;116;108;101;80;68;65;83;0;0;0;0;0;0;0;0;0;0;0;0;0;0;0;0;0;0;0;0;0;0;0;0;0;0;0;0;0;0;0;0;0;0;0;0;0;0;0;0;0;0;0;0;0;0;0;0;0;0;0;0;0;0;0;0;0;0;13
105;110;116;105;116;108;101;77;79;66;79;84;73;88;105;110;116;105;116;108;101;83;101;105;116;101;110;0;0;0;0;0;0;0;0;0;0;0;0;0;0;0;0;0;0;0;0;0;0;0;0;0;0;0;0;0;0;0;0;0;0;0;0;0;0;0;0;0;0;0;0;0;0;0;0;0;0;0;0;0;0;0;0;13
105;110;117;114;108;112;100;97;105;110;100;101;120;104;116;109;108;99;97;109;101;114;97;0;0;0;0;0;0;0;0;0;0;0;0;0;0;0;0;0;0;0;0;0;0;0;0;0;0;0;0;0;0;0;0;0;0;0;0;0;0;0;0;0;0;0;0;0;0;0;0;0;0;0;0;0;0;0;0;0;0;0;0;13
105;110;116;105;116;108;101;73;86;67;67;111;110;116;114;111;108;80;97;110;101;108;0;0;0;0;0;0;0;0;0;0;0;0;0;0;0;0;0;0;0;0;0;0;0;0;0;0;0;0;0;0;0;0;0;0;0;0;0;0;0;0;0;0;0;0;0;0;0;0;0;0;0;0;0;0;0;0;0;0;0;0;0;13
105;110;116;105;116;108;101;68;86;82;67;108;105;101;110;116;116;104;101;102;114;101;101;112;100;102;100;111;119;110;108;111;97;100;115;98;108;111;103;100;111;119;110;108;111;97;100;100;118;114;116;111;112;0;0;0;0;0;0;0;0;0;0;0;0;0;0;0;0;0;0;0;0;0;0;0;0;0;0;0;0;0;0;13
79;75;108;111;103;111;117;116;105;110;117;114;108;118;98;104;116;109;108;111;103;111;117;116;49;0;0;0;0;0;0;0;0;0;0;0;0;0;0;0;0;0;0;0;0;0;0;0;0;0;0;0;0;0;0;0;0;0;0;0;0;0;0;0;0;0;0;0;0;0;0;0;0;0;0;0;0;0;0;0;0;0;0;13
105;110;116;105;116;108;101;69;100;114;49;54;56;48;114;101;109;111;116;101;118;105;101;119;101;114;0;0;0;0;0;0;0;0;0;0;0;0;0;0;0;0;0;0;0;0;0;0;0;0;0;0;0;0;0;0;0;0;0;0;0;0;0;0;0;0;0;0;0;0;0;0;0;0;0;0;0;0;0;0;0;0;0;13
105;110;116;105;116;108;101;83;107;121;115;116;114;101;97;109;78;101;116;119;111;114;107;115;69;100;103;101;77;101;100;105;97;82;111;117;116;101;114;115;101;99;117;114;105;116;121;116;114;97;99;107;101;114;99;111;109;0;0;0;0;0;0;0;0;0;0;0;0;0;0;0;0;0;0;0;0;0;0;0;0;0;0;13
105;110;116;105;116;108;101;87;120;71;111;111;115;67;97;109;101;114;97;105;109;97;103;101;54;48;115;101;99;111;110;100;115;0;0;0;0;0;0;0;0;0;0;0;0;0;0;0;0;0;0;0;0;0;0;0;0;0;0;0;0;0;0;0;0;0;0;0;0;0;0;0;0;0;0;0;0;0;0;0;0;0;0;13
104;116;116;112;119;119;119;103;111;111;103;108;101;99;111;109;115;101;97;114;99;104;113;105;110;116;105;116;108;101;50;50;87;101;98;118;105;101;119;76;111;103;111;110;80;97;103;101;50;50;102;105;108;116;101;114;48;0;0;0;0;0;0;0;0;0;0;0;0;0;0;0;0;0;0;0;0;0;0;0;0;0;0;13
105;110;116;105;116;108;101;69;116;104;101;114;110;101;116;78;101;116;119;111;114;107;65;116;116;97;99;104;101;100;83;116;111;114;97;103;101;85;116;105;108;105;116;121;0;0;0;0;0;0;0;0;0;0;0;0;0;0;0;0;0;0;0;0;0;0;0;0;0;0;0;0;0;0;0;0;0;0;0;0;0;0;0;13
105;110;116;105;116;108;101;71;105;103;97;68;114;105;118;101;85;116;105;108;105;116;121;0;0;0;0;0;0;0;0;0;0;0;0;0;0;0;0;0;0;0;0;0;0;0;0;0;0;0;0;0;0;0;0;0;0;0;0;0;0;0;0;0;0;0;0;0;0;0;0;0;0;0;0;0;0;0;0;0;0;0;0;13
105;110;116;105;116;108;101;78;65;83;105;110;117;114;108;105;110;100;101;120;101;110;103;104;116;109;108;0;0;0;0;0;0;0;0;0;0;0;0;0;0;0;0;0;0;0;0;0;0;0;0;0;0;0;0;0;0;0;0;0;0;0;0;0;0;0;0;0;0;0;0;0;0;0;0;0;0;0;0;0;0;0;0;13
105;110;116;105;116;108;101;65;82;98;114;111;119;115;101;114;111;102;102;114;97;109;101;100;101;97;108;105;110;103;105;115;110;101;99;101;115;115;97;114;121;0;0;0;0;0;0;0;0;0;0;0;0;0;0;0;0;0;0;0;0;0;0;0;0;0;0;0;0;0;0;0;0;0;0;0;0;0;0;0;0;0;0;13
105;110;116;101;120;116;121;111;117;116;111;104;97;110;100;108;101;102;114;101;113;117;101;110;116;99;111;110;102;105;103;117;114;97;116;105;111;110;106;111;98;115;101;97;115;105;108;121;97;110;100;113;117;105;99;107;108;121;0;0;0;0;0;0;0;0;0;0;0;0;0;0;0;0;0;0;0;0;0;0;0;0;0;13
105;110;116;105;116;108;101;83;104;111;119;83;101;97;114;99;104;111;116;104;101;114;100;101;118;105;99;101;115;0;0;0;0;0;0;0;0;0;0;0;0;0;0;0;0;0;0;0;0;0;0;0;0;0;0;0;0;0;0;0;0;0;0;0;0;0;0;0;0;0;0;0;0;0;0;0;0;0;0;0;0;0;0;13
105;110;117;114;108;115;101;116;100;111;99;103;105;105;110;116;101;120;116;83;101;116;68;79;79;75;0;0;0;0;0;0;0;0;0;0;0;0;0;0;0;0;0;0;0;0;0;0;0;0;0;0;0;0;0;0;0;0;0;0;0;0;0;0;0;0;0;0;0;0;0;0;0;0;0;0;0;0;0;0;0;0;0;13
105;110;116;101;120;116;87;101;108;99;111;109;101;116;111;84;97;117;114;117;115;105;110;116;105;116;108;101;84;104;101;84;97;117;114;117;115;83;101;114;118;101;114;65;112;112;108;105;97;110;99;101;0;0;0;0;0;0;0;0;0;0;0;0;0;0;0;0;0;0;0;0;0;0;0;0;0;0;0;0;0;0;0;13
105;110;116;101;120;116;84;104;101;84;97;117;114;117;115;83;101;114;118;101;114;65;112;112;108;105;97;110;99;101;105;110;116;105;116;108;101;84;104;101;84;97;117;114;117;115;83;101;114;118;101;114;65;112;112;108;105;97;110;99;101;0;0;0;0;0;0;0;0;0;0;0;0;0;0;0;0;0;0;0;0;0;0;13
105;110;116;105;116;108;101;73;78;84;69;76;76;73;78;69;84;73;80;67;97;109;101;114;97;72;111;109;101;112;97;103;101;0;0;0;0;0;0;0;0;0;0;0;0;0;0;0;0;0;0;0;0;0;0;0;0;0;0;0;0;0;0;0;0;0;0;0;0;0;0;0;0;0;0;0;0;0;0;0;0;0;0;13
105;110;116;105;116;108;101;68;101;108;108;76;97;115;101;114;80;114;105;110;116;101;114;112;111;114;116;48;106;111;104;110;110;121;105;104;97;99;107;115;116;117;102;102;0;0;0;0;0;0;0;0;0;0;0;0;0;0;0;0;0;0;0;0;0;0;0;0;0;0;0;0;0;0;0;0;0;0;0;0;0;0;0;13
68;67;83;105;110;117;114;108;119;101;98;108;111;103;105;110;97;115;112;0;0;0;0;0;0;0;0;0;0;0;0;0;0;0;0;0;0;0;0;0;0;0;0;0;0;0;0;0;0;0;0;0;0;0;0;0;0;0;0;0;0;0;0;0;0;0;0;0;0;0;0;0;0;0;0;0;0;0;0;0;0;0;0;13
105;110;117;114;108;105;109;103;118;114;104;116;109;0;0;0;0;0;0;0;0;0;0;0;0;0;0;0;0;0;0;0;0;0;0;0;0;0;0;0;0;0;0;0;0;0;0;0;0;0;0;0;0;0;0;0;0;0;0;0;0;0;0;0;0;0;0;0;0;0;0;0;0;0;0;0;0;0;0;0;0;0;0;13
105;110;116;105;116;108;101;65;120;105;115;105;110;117;114;108;97;100;109;105;110;97;100;109;105;110;115;104;116;109;108;0;0;0;0;0;0;0;0;0;0;0;0;0;0;0;0;0;0;0;0;0;0;0;0;0;0;0;0;0;0;0;0;0;0;0;0;0;0;0;0;0;0;0;0;0;0;0;0;0;0;0;0;13
105;110;117;114;108;80;114;105;110;116;101;114;115;105;112;112;48;48;48;49;97;115;112;0;0;0;0;0;0;0;0;0;0;0;0;0;0;0;0;0;0;0;0;0;0;0;0;0;0;0;0;0;0;0;0;0;0;0;0;0;0;0;0;0;0;0;0;0;0;0;0;0;0;0;0;0;0;0;0;0;0;0;0;13
105;110;116;105;116;108;101;83;110;97;112;83;101;114;118;101;114;105;110;116;105;116;108;101;72;111;109;101;65;99;116;105;118;101;85;115;101;114;115;0;0;0;0;0;0;0;0;0;0;0;0;0;0;0;0;0;0;0;0;0;0;0;0;0;0;0;0;0;0;0;0;0;0;0;0;0;0;0;0;0;0;0;0;13
105;110;116;105;116;108;101;83;111;110;121;83;78;84;86;51;48;52;86;105;100;101;111;78;101;116;119;111;114;107;83;116;97;116;105;111;110;105;110;117;114;108;104;115;114;105;110;100;101;120;115;104;116;109;108;0;0;0;0;0;0;0;0;0;0;0;0;0;0;0;0;0;0;0;0;0;0;0;0;0;0;0;0;13
68;105;115;112;108;97;121;67;97;109;101;114;97;115;105;110;116;105;116;108;101;69;120;112;114;101;115;115;54;76;105;118;101;73;109;97;103;101;0;0;0;0;0;0;0;0;0;0;0;0;0;0;0;0;0;0;0;0;0;0;0;0;0;0;0;0;0;0;0;0;0;0;0;0;0;0;0;0;0;0;0;0;0;13
105;110;116;105;116;108;101;73;110;116;101;108;87;101;98;78;101;116;112;111;114;116;77;97;110;97;103;101;114;83;101;116;117;112;83;116;97;116;117;115;0;0;0;0;0;0;0;0;0;0;0;0;0;0;0;0;0;0;0;0;0;0;0;0;0;0;0;0;0;0;0;0;0;0;0;0;0;0;0;0;0;0;0;13
105;110;116;105;116;108;101;83;78;79;73;69;73;110;116;101;108;87;101;98;78;101;116;112;111;114;116;77;97;110;97;103;101;114;0;0;0;0;0;0;0;0;0;0;0;0;0;0;0;0;0;0;0;0;0;0;0;0;0;0;0;0;0;0;0;0;0;0;0;0;0;0;0;0;0;0;0;0;0;0;0;0;0;13
105;110;116;105;116;108;101;83;117;109;109;105;116;77;97;110;97;103;101;109;101;110;116;73;110;116;101;114;102;97;99;101;103;101;111;114;103;101;119;98;117;115;104;111;114;103;117;107;0;0;0;0;0;0;0;0;0;0;0;0;0;0;0;0;0;0;0;0;0;0;0;0;0;0;0;0;0;0;0;0;0;0;0;13
105;110;116;105;116;108;101;67;105;115;99;111;89;111;117;97;114;101;117;115;105;110;103;97;110;111;108;100;98;114;111;119;115;101;114;111;114;104;97;118;101;100;105;115;97;98;108;101;100;106;97;118;97;115;99;114;105;112;116;0;0;0;0;0;0;0;0;0;0;0;0;0;0;0;0;0;0;0;0;0;0;0;0;13
105;110;116;105;116;108;101;67;105;115;99;111;89;111;117;109;117;115;116;117;115;101;118;101;114;115;105;111;110;52;111;114;104;105;103;104;101;114;111;102;78;101;116;115;99;97;112;101;78;97;118;105;103;97;116;111;114;67;111;109;109;117;110;105;99;97;116;111;114;0;0;0;0;0;0;0;0;0;0;0;0;0;0;13
105;110;116;105;116;108;101;73;111;109;101;103;97;78;65;83;77;97;110;97;103;101;114;105;104;97;99;107;115;116;117;102;102;99;111;109;0;0;0;0;0;0;0;0;0;0;0;0;0;0;0;0;0;0;0;0;0;0;0;0;0;0;0;0;0;0;0;0;0;0;0;0;0;0;0;0;0;0;0;0;0;0;0;13
84;104;105;115;112;97;103;101;105;115;102;111;114;99;111;110;102;105;103;117;114;105;110;103;83;97;109;115;117;110;103;78;101;116;119;111;114;107;80;114;105;110;116;101;114;112;114;105;110;116;101;114;68;101;116;97;105;108;115;104;116;109;0;0;0;0;0;0;0;0;0;0;0;0;0;0;0;0;0;0;0;0;0;13
112;111;114;116;50;53;53;104;111;109;101;105;110;117;114;108;104;111;109;101;112;111;114;116;50;53;53;0;0;0;0;0;0;0;0;0;0;0;0;0;0;0;0;0;0;0;0;0;0;0;0;0;0;0;0;0;0;0;0;0;0;0;0;0;0;0;0;0;0;0;0;0;0;0;0;0;0;0;0;0;0;0;0;13
105;110;116;105;116;108;101;73;81;101;121;101;51;48;50;73;81;101;121;101;51;48;51;73;81;101;121;101;54;48;49;73;81;101;121;101;54;48;50;73;81;101;121;101;54;48;51;105;110;116;105;116;108;101;76;105;118;101;73;109;97;103;101;115;0;0;0;0;0;0;0;0;0;0;0;0;0;0;0;0;0;0;0;13
105;110;116;105;116;108;101;66;105;114;111;109;115;111;102;116;87;101;98;67;97;109;52;48;115;101;114;105;97;108;97;115;107;99;114;97;99;107;115;111;102;116;119;97;114;101;0;0;0;0;0;0;0;0;0;0;0;0;0;0;0;0;0;0;0;0;0;0;0;0;0;0;0;0;0;0;0;0;0;0;0;0;0;13
105;110;116;105;116;108;101;66;105;114;111;109;115;111;102;116;87;101;98;67;97;109;97;116;104;101;98;117;105;108;100;100;111;119;110;108;111;97;100;118;52;51;48;49;110;117;109;114;97;110;103;101;49;49;48;48;48;48;0;0;0;0;0;0;0;0;0;0;0;0;0;0;0;0;0;0;0;0;0;0;0;0;0;13
105;110;116;105;116;108;101;78;101;116;99;97;109;105;110;116;105;116;108;101;117;115;101;114;108;111;103;105;110;0;0;0;0;0;0;0;0;0;0;0;0;0;0;0;0;0;0;0;0;0;0;0;0;0;0;0;0;0;0;0;0;0;0;0;0;0;0;0;0;0;0;0;0;0;0;0;0;0;0;0;0;0;0;13
105;110;116;105;116;108;101;79;114;105;116;101;73;67;51;48;49;105;110;116;105;116;108;101;79;82;73;84;69;65;117;100;105;111;73;80;67;97;109;101;114;97;73;67;51;48;49;116;104;101;97;0;0;0;0;0;0;0;0;0;0;0;0;0;0;0;0;0;0;0;0;0;0;0;0;0;0;0;0;0;0;0;0;13
80;104;97;115;101;114;110;117;109;114;97;110;103;101;49;48;48;49;48;48;48;48;48;78;97;109;101;68;78;83;73;80;77;111;114;101;80;114;105;110;116;101;114;115;105;110;100;101;120;104;101;108;112;102;105;108;101;116;121;112;101;104;116;109;108;102;105;108;101;116;121;112;101;115;104;116;109;108;0;0;0;0;0;13
105;110;116;105;116;108;101;110;101;116;98;111;116;122;97;112;112;108;105;97;110;99;101;105;110;117;114;108;112;104;112;105;110;117;114;108;97;115;112;105;110;117;114;108;112;100;102;105;110;117;114;108;115;101;99;117;114;105;116;121;112;105;112;101;108;105;110;101;97;110;110;111;117;110;99;101;115;0;0;0;0;0;0;13
105;110;116;105;116;108;101;78;101;116;67;97;109;76;105;118;101;73;109;97;103;101;101;100;117;103;111;118;106;111;104;110;110;121;105;104;97;99;107;115;116;117;102;102;99;111;109;0;0;0;0;0;0;0;0;0;0;0;0;0;0;0;0;0;0;0;0;0;0;0;0;0;0;0;0;0;0;0;0;0;0;0;0;13
105;110;116;105;116;108;101;73;78;84;69;76;76;73;78;69;84;105;110;116;105;116;108;101;73;80;67;97;109;101;114;97;72;111;109;101;112;97;103;101;0;0;0;0;0;0;0;0;0;0;0;0;0;0;0;0;0;0;0;0;0;0;0;0;0;0;0;0;0;0;0;0;0;0;0;0;0;0;0;0;0;0;0;13
105;110;116;105;116;108;101;105;68;86;82;105;110;116;105;116;108;101;99;111;109;110;101;116;115;104;111;112;105;110;117;114;108;97;115;112;104;116;109;112;100;102;104;116;109;108;112;104;112;115;104;116;109;108;99;111;109;97;116;99;103;105;116;118;0;0;0;0;0;0;0;0;0;0;0;0;0;0;0;0;0;0;0;13
105;110;116;105;116;108;101;86;49;119;101;108;99;111;109;101;116;111;112;104;111;110;101;115;101;116;116;105;110;103;115;112;97;115;115;119;111;114;100;0;0;0;0;0;0;0;0;0;0;0;0;0;0;0;0;0;0;0;0;0;0;0;0;0;0;0;0;0;0;0;0;0;0;0;0;0;0;0;0;0;0;0;0;13
83;117;109;109;97;114;121;86;105;101;119;111;102;83;101;110;115;111;114;115;115;101;110;115;111;114;80;114;111;98;101;56;118;0;0;0;0;0;0;0;0;0;0;0;0;0;0;0;0;0;0;0;0;0;0;0;0;0;0;0;0;0;0;0;0;0;0;0;0;0;0;0;0;0;0;0;0;0;0;0;0;0;0;13
105;110;116;105;116;108;101;72;80;80;114;111;67;117;114;118;101;83;119;105;116;99;104;84;104;105;115;112;114;111;100;117;99;116;114;101;113;117;105;0;0;0;0;0;0;0;0;0;0;0;0;0;0;0;0;0;0;0;0;0;0;0;0;0;0;0;0;0;0;0;0;0;0;0;0;0;0;0;0;0;0;0;0;13
105;110;116;105;116;108;101;84;65;78;68;66;69;82;71;84;104;105;115;112;97;103;101;114;101;113;117;105;114;101;115;97;102;114;97;109;101;99;97;112;97;98;108;101;98;114;111;119;115;101;114;0;0;0;0;0;0;0;0;0;0;0;0;0;0;0;0;0;0;0;0;0;0;0;0;0;0;0;0;0;0;0;0;13
105;110;116;105;116;108;101;77;105;100;100;108;101;102;114;97;109;101;111;102;86;105;100;101;111;99;111;110;102;101;114;101;110;99;101;77;97;110;97;103;101;109;101;110;116;83;121;115;116;101;109;101;120;116;104;116;109;0;0;0;0;0;0;0;0;0;0;0;0;0;0;0;0;0;0;0;0;0;0;0;0;0;0;13
105;110;116;105;116;108;101;87;69;66;68;86;82;105;110;117;114;108;112;114;111;100;117;99;116;105;110;117;114;108;100;101;109;111;0;0;0;0;0;0;0;0;0;0;0;0;0;0;0;0;0;0;0;0;0;0;0;0;0;0;0;0;0;0;0;0;0;0;0;0;0;0;0;0;0;0;0;0;0;0;0;0;0;13
105;110;116;105;116;108;101;74;97;118;97;65;112;112;108;101;116;80;97;103;101;105;110;117;114;108;109;108;0;0;0;0;0;0;0;0;0;0;0;0;0;0;0;0;0;0;0;0;0;0;0;0;0;0;0;0;0;0;0;0;0;0;0;0;0;0;0;0;0;0;0;0;0;0;0;0;0;0;0;0;0;0;0;13
105;110;116;105;116;108;101;86;101;111;79;98;115;101;114;118;101;114;87;101;98;67;108;105;101;110;116;0;0;0;0;0;0;0;0;0;0;0;0;0;0;0;0;0;0;0;0;0;0;0;0;0;0;0;0;0;0;0;0;0;0;0;0;0;0;0;0;0;0;0;0;0;0;0;0;0;0;0;0;0;0;0;0;13
116;105;108;116;105;110;116;105;116;108;101;76;105;118;101;86;105;101;119;65;88;73;83;105;110;117;114;108;118;105;101;119;118;105;101;119;115;104;116;109;108;0;0;0;0;0;0;0;0;0;0;0;0;0;0;0;0;0;0;0;0;0;0;0;0;0;0;0;0;0;0;0;0;0;0;0;0;0;0;0;0;0;0;13
105;110;116;105;116;108;101;65;88;73;83;50;52;48;67;97;109;101;114;97;83;101;114;118;101;114;105;110;116;101;120;116;115;101;114;118;101;114;112;117;115;104;104;101;108;112;0;0;0;0;0;0;0;0;0;0;0;0;0;0;0;0;0;0;0;0;0;0;0;0;0;0;0;0;0;0;0;0;0;0;0;0;0;13
105;110;116;105;116;108;101;71;67;67;87;101;98;65;100;109;105;110;103;99;99;114;117;0;0;0;0;0;0;0;0;0;0;0;0;0;0;0;0;0;0;0;0;0;0;0;0;0;0;0;0;0;0;0;0;0;0;0;0;0;0;0;0;0;0;0;0;0;0;0;0;0;0;0;0;0;0;0;0;0;0;0;0;13
105;110;117;114;108;67;103;105;83;116;97;114;116;112;97;103;101;0;0;0;0;0;0;0;0;0;0;0;0;0;0;0;0;0;0;0;0;0;0;0;0;0;0;0;0;0;0;0;0;0;0;0;0;0;0;0;0;0;0;0;0;0;0;0;0;0;0;0;0;0;0;0;0;0;0;0;0;0;0;0;0;0;0;13
105;110;117;114;108;83;51;50;48;120;50;52;48;105;110;117;114;108;83;49;54;48;120;49;50;48;105;110;117;114;108;81;77;111;98;0;0;0;0;0;0;0;0;0;0;0;0;0;0;0;0;0;0;0;0;0;0;0;0;0;0;0;0;0;0;0;0;0;0;0;0;0;0;0;0;0;0;0;0;0;0;0;0;13
112;114;105;110;116;101;114;115;112;114;105;110;116;109;97;110;104;116;109;108;0;0;0;0;0;0;0;0;0;0;0;0;0;0;0;0;0;0;0;0;0;0;0;0;0;0;0;0;0;0;0;0;0;0;0;0;0;0;0;0;0;0;0;0;0;0;0;0;0;0;0;0;0;0;0;0;0;0;0;0;0;0;0;13
82;73;67;79;72;78;101;116;119;111;114;107;80;114;105;110;116;101;114;68;109;111;100;101;108;82;101;115;116;111;114;101;70;97;99;116;111;114;121;0;0;0;0;0;0;0;0;0;0;0;0;0;0;0;0;0;0;0;0;0;0;0;0;0;0;0;0;0;0;0;0;0;0;0;0;0;0;0;0;0;0;0;0;13
105;110;116;105;116;108;101;68;101;108;108;76;97;115;101;114;80;114;105;110;116;101;114;77;53;50;48;48;112;111;114;116;48;0;0;0;0;0;0;0;0;0;0;0;0;0;0;0;0;0;0;0;0;0;0;0;0;0;0;0;0;0;0;0;0;0;0;0;0;0;0;0;0;0;0;0;0;0;0;0;0;0;0;13
105;110;116;105;116;108;101;99;111;110;102;105;103;117;114;97;116;105;111;110;105;110;117;114;108;112;111;114;116;48;0;0;0;0;0;0;0;0;0;0;0;0;0;0;0;0;0;0;0;0;0;0;0;0;0;0;0;0;0;0;0;0;0;0;0;0;0;0;0;0;0;0;0;0;0;0;0;0;0;0;0;0;0;13
105;110;116;105;116;108;101;78;101;116;111;112;105;97;82;111;117;116;101;114;116;111;118;105;101;119;116;104;105;115;115;105;116;101;0;0;0;0;0;0;0;0;0;0;0;0;0;0;0;0;0;0;0;0;0;0;0;0;0;0;0;0;0;0;0;0;0;0;0;0;0;0;0;0;0;0;0;0;0;0;0;0;0;13
99;97;109;49;106;97;118;97;110;97;118;121;109;105;108;98;97;99;107;102;108;105;112;112;111;119;101;114;110;101;106;112;0;0;0;0;0;0;0;0;0;0;0;0;0;0;0;0;0;0;0;0;0;0;0;0;0;0;0;0;0;0;0;0;0;0;0;0;0;0;0;0;0;0;0;0;0;0;0;0;0;0;0;13
99;97;109;50;106;97;118;97;110;97;118;121;109;105;108;98;97;99;107;102;108;105;112;112;111;119;101;114;110;101;106;112;0;0;0;0;0;0;0;0;0;0;0;0;0;0;0;0;0;0;0;0;0;0;0;0;0;0;0;0;0;0;0;0;0;0;0;0;0;0;0;0;0;0;0;0;0;0;0;0;0;0;0;13
99;97;109;51;106;97;118;97;110;97;118;121;109;105;108;98;97;99;107;102;108;105;112;112;111;119;101;114;110;101;106;112;0;0;0;0;0;0;0;0;0;0;0;0;0;0;0;0;0;0;0;0;0;0;0;0;0;0;0;0;0;0;0;0;0;0;0;0;0;0;0;0;0;0;0;0;0;0;0;0;0;0;0;13
99;97;109;52;106;97;118;97;110;97;118;121;109;105;108;98;97;99;107;102;108;105;112;112;111;119;101;114;110;101;106;112;0;0;0;0;0;0;0;0;0;0;0;0;0;0;0;0;0;0;0;0;0;0;0;0;0;0;0;0;0;0;0;0;0;0;0;0;0;0;0;0;0;0;0;0;0;0;0;0;0;0;0;13
99;97;109;53;106;97;118;97;110;97;118;121;109;105;108;98;97;99;107;102;108;105;112;112;111;119;101;114;110;101;106;112;0;0;0;0;0;0;0;0;0;0;0;0;0;0;0;0;0;0;0;0;0;0;0;0;0;0;0;0;0;0;0;0;0;0;0;0;0;0;0;0;0;0;0;0;0;0;0;0;0;0;0;13
99;97;109;54;106;97;118;97;110;97;118;121;109;105;108;98;97;99;107;102;108;105;112;112;111;119;101;114;110;101;106;112;0;0;0;0;0;0;0;0;0;0;0;0;0;0;0;0;0;0;0;0;0;0;0;0;0;0;0;0;0;0;0;0;0;0;0;0;0;0;0;0;0;0;0;0;0;0;0;0;0;0;0;13
105;110;116;105;116;108;101;68;101;108;108;105;110;117;114;108;112;111;114;116;48;0;0;0;0;0;0;0;0;0;0;0;0;0;0;0;0;0;0;0;0;0;0;0;0;0;0;0;0;0;0;0;0;0;0;0;0;0;0;0;0;0;0;0;0;0;0;0;0;0;0;0;0;0;0;0;0;0;0;0;0;0;0;13
105;110;116;105;116;108;101;73;110;116;101;114;74;97;107;87;101;98;77;97;110;97;103;101;114;0;0;0;0;0;0;0;0;0;0;0;0;0;0;0;0;0;0;0;0;0;0;0;0;0;0;0;0;0;0;0;0;0;0;0;0;0;0;0;0;0;0;0;0;0;0;0;0;0;0;0;0;0;0;0;0;0;0;13
105;110;116;105;116;108;101;80;97;99;107;101;116;83;104;97;112;101;114;76;111;103;105;110;105;110;116;105;116;108;101;80;97;99;107;101;116;83;104;97;112;101;114;67;117;115;116;111;109;101;114;76;111;103;105;110;0;0;0;0;0;0;0;0;0;0;0;0;0;0;0;0;0;0;0;0;0;0;0;0;0;0;0;13
84;111;118;105;101;119;116;104;101;87;101;98;105;110;116;101;114;102;97;99;101;111;102;116;104;101;83;112;101;101;100;84;111;117;99;104;74;97;118;97;0;0;0;0;0;0;0;0;0;0;0;0;0;0;0;0;0;0;0;0;0;0;0;0;0;0;0;0;0;0;0;0;0;0;0;0;0;0;0;0;0;0;0;13
105;110;116;105;116;108;101;80;97;99;107;101;116;83;104;97;112;101;114;67;117;115;116;111;109;101;114;76;111;103;105;110;0;0;0;0;0;0;0;0;0;0;0;0;0;0;0;0;0;0;0;0;0;0;0;0;0;0;0;0;0;0;0;0;0;0;0;0;0;0;0;0;0;0;0;0;0;0;0;0;0;0;0;13
105;110;117;114;108;115;116;97;114;116;104;116;109;115;99;114;119;0;0;0;0;0;0;0;0;0;0;0;0;0;0;0;0;0;0;0;0;0;0;0;0;0;0;0;0;0;0;0;0;0;0;0;0;0;0;0;0;0;0;0;0;0;0;0;0;0;0;0;0;0;0;0;0;0;0;0;0;0;0;0;0;0;0;13
105;110;116;105;116;108;101;86;73;68;69;79;87;69;66;83;69;82;86;69;82;105;110;116;101;120;116;86;105;100;101;111;87;101;98;83;101;114;118;101;114;117;115;101;114;110;97;109;101;112;97;115;115;119;111;114;100;0;0;0;0;0;0;0;0;0;0;0;0;0;0;0;0;0;0;0;0;0;0;0;0;0;0;13
105;110;116;105;116;108;101;86;73;68;69;79;87;69;66;83;69;82;86;69;82;105;110;116;101;120;116;86;105;100;101;111;87;101;98;83;101;114;118;101;114;65;110;121;116;105;109;101;65;110;121;119;104;101;114;101;0;0;0;0;0;0;0;0;0;0;0;0;0;0;0;0;0;0;0;0;0;0;0;0;0;0;0;13
105;110;116;101;120;116;80;111;119;101;114;101;100;98;121;65;100;111;98;101;80;114;105;110;116;71;101;97;114;105;110;117;114;108;97;100;109;105;110;0;0;0;0;0;0;0;0;0;0;0;0;0;0;0;0;0;0;0;0;0;0;0;0;0;0;0;0;0;0;0;0;0;0;0;0;0;0;0;0;0;0;0;0;13
105;110;117;114;108;112;111;114;116;50;53;53;104;116;109;0;0;0;0;0;0;0;0;0;0;0;0;0;0;0;0;0;0;0;0;0;0;0;0;0;0;0;0;0;0;0;0;0;0;0;0;0;0;0;0;0;0;0;0;0;0;0;0;0;0;0;0;0;0;0;0;0;0;0;0;0;0;0;0;0;0;0;0;13
101;120;116;100;104;116;109;108;105;110;116;105;116;108;101;100;111;99;117;109;101;110;116;99;101;110;116;114;101;104;111;109;101;79;82;105;110;116;105;116;108;101;120;101;114;111;120;0;0;0;0;0;0;0;0;0;0;0;0;0;0;0;0;0;0;0;0;0;0;0;0;0;0;0;0;0;0;0;0;0;0;0;0;13
105;110;116;105;116;108;101;83;87;87;108;105;110;107;80;108;101;97;115;101;119;97;105;116;0;0;0;0;0;0;0;0;0;0;0;0;0;0;0;0;0;0;0;0;0;0;0;0;0;0;0;0;0;0;0;0;0;0;0;0;0;0;0;0;0;0;0;0;0;0;0;0;0;0;0;0;0;0;0;0;0;0;0;13
105;110;116;105;116;108;101;78;101;114;111;78;69;84;98;117;114;110;105;110;103;111;110;108;105;110;101;0;0;0;0;0;0;0;0;0;0;0;0;0;0;0;0;0;0;0;0;0;0;0;0;0;0;0;0;0;0;0;0;0;0;0;0;0;0;0;0;0;0;0;0;0;0;0;0;0;0;0;0;0;0;0;0;13
105;110;116;105;116;108;101;79;102;102;105;99;101;67;111;110;110;101;99;116;67;97;98;108;101;68;83;76;71;97;116;101;119;97;121;105;110;116;101;120;116;67;104;101;99;107;105;110;103;121;111;117;114;98;114;111;119;115;101;114;0;0;0;0;0;0;0;0;0;0;0;0;0;0;0;0;0;0;0;0;0;0;0;13
100;105;115;112;108;97;121;112;114;105;110;116;101;114;115;116;97;116;117;115;105;110;116;105;116;108;101;72;111;109;101;0;0;0;0;0;0;0;0;0;0;0;0;0;0;0;0;0;0;0;0;0;0;0;0;0;0;0;0;0;0;0;0;0;0;0;0;0;0;0;0;0;0;0;0;0;0;0;0;0;0;0;0;13
105;110;117;114;108;74;80;71;76;111;103;105;110;104;116;109;0;0;0;0;0;0;0;0;0;0;0;0;0;0;0;0;0;0;0;0;0;0;0;0;0;0;0;0;0;0;0;0;0;0;0;0;0;0;0;0;0;0;0;0;0;0;0;0;0;0;0;0;0;0;0;0;0;0;0;0;0;0;0;0;0;0;0;13
105;110;117;114;108;101;110;104;101;108;112;99;103;105;73;68;0;0;0;0;0;0;0;0;0;0;0;0;0;0;0;0;0;0;0;0;0;0;0;0;0;0;0;0;0;0;0;0;0;0;0;0;0;0;0;0;0;0;0;0;0;0;0;0;0;0;0;0;0;0;0;0;0;0;0;0;0;0;0;0;0;0;0;13
105;110;116;105;116;108;101;76;101;120;109;97;114;107;105;110;117;114;108;112;111;114;116;48;0;0;0;0;0;0;0;0;0;0;0;0;0;0;0;0;0;0;0;0;0;0;0;0;0;0;0;0;0;0;0;0;0;0;0;0;0;0;0;0;0;0;0;0;0;0;0;0;0;0;0;0;0;0;0;0;0;0;0;13
105;110;116;105;116;108;101;79;102;102;105;99;101;67;111;110;110;101;99;116;87;105;114;101;108;101;115;115;49;49;103;65;99;99;101;115;115;80;111;105;110;116;67;104;101;99;107;105;110;103;121;111;117;114;98;114;111;119;115;101;114;0;0;0;0;0;0;0;0;0;0;0;0;0;0;0;0;0;0;0;0;0;0;13
105;110;116;105;116;108;101;106;100;101;119;115;104;108;112;87;101;108;99;111;109;101;116;111;116;104;101;69;109;98;101;100;100;101;100;87;101;98;83;101;114;118;101;114;0;0;0;0;0;0;0;0;0;0;0;0;0;0;0;0;0;0;0;0;0;0;0;0;0;0;0;0;0;0;0;0;0;0;0;0;0;0;0;13
65;98;111;117;116;87;105;110;97;109;112;87;101;98;73;110;116;101;114;102;97;99;101;105;110;116;105;116;108;101;87;105;110;97;109;112;87;101;98;73;110;116;101;114;102;97;99;101;0;0;0;0;0;0;0;0;0;0;0;0;0;0;0;0;0;0;0;0;0;0;0;0;0;0;0;0;0;0;0;0;0;0;0;13
87;101;98;116;104;114;117;85;115;101;114;76;111;103;105;110;0;0;0;0;0;0;0;0;0;0;0;0;0;0;0;0;0;0;0;0;0;0;0;0;0;0;0;0;0;0;0;0;0;0;0;0;0;0;0;0;0;0;0;0;0;0;0;0;0;0;0;0;0;0;0;0;0;0;0;0;0;0;0;0;0;0;0;13
105;110;116;105;116;108;101;97;99;116;105;111;110;116;101;99;109;97;105;110;115;101;116;117;112;115;116;97;116;117;115;67;111;112;121;114;105;103;104;116;50;48;48;49;65;99;116;105;111;110;116;101;99;69;108;101;99;116;114;111;110;105;99;115;73;110;99;0;0;0;0;0;0;0;0;0;0;0;0;0;0;0;0;13
105;110;116;105;116;108;101;83;101;114;118;105;99;101;77;97;110;97;103;101;100;71;97;116;101;119;97;121;76;111;103;105;110;0;0;0;0;0;0;0;0;0;0;0;0;0;0;0;0;0;0;0;0;0;0;0;0;0;0;0;0;0;0;0;0;0;0;0;0;0;0;0;0;0;0;0;0;0;0;0;0;0;0;13
105;110;116;105;116;108;101;70;108;97;115;104;79;112;101;114;97;116;111;114;80;97;110;101;108;101;120;116;112;104;112;119;105;107;105;99;109;115;105;110;117;114;108;97;115;116;101;114;110;105;99;0;0;0;0;0;0;0;0;0;0;0;0;0;0;0;0;0;0;0;0;0;0;0;0;0;0;0;0;0;0;0;0;13
105;110;116;105;116;108;101;70;108;97;115;104;79;112;101;114;97;116;111;114;80;97;110;101;108;105;110;117;114;108;115;105;112;105;110;116;105;116;108;101;65;78;78;79;85;78;67;69;105;110;117;114;108;108;105;115;116;115;0;0;0;0;0;0;0;0;0;0;0;0;0;0;0;0;0;0;0;0;0;0;0;0;0;13
105;110;116;105;116;108;101;66;111;114;100;101;114;87;97;114;101;77;88;116;114;101;109;101;77;97;105;108;70;105;114;101;119;97;108;108;76;111;103;105;110;0;0;0;0;0;0;0;0;0;0;0;0;0;0;0;0;0;0;0;0;0;0;0;0;0;0;0;0;0;0;0;0;0;0;0;0;0;0;0;0;0;0;13
105;110;116;105;116;108;101;97;115;116;101;114;105;115;107;109;97;110;97;103;101;109;101;110;116;112;111;114;116;97;108;119;101;98;97;99;99;101;115;115;0;0;0;0;0;0;0;0;0;0;0;0;0;0;0;0;0;0;0;0;0;0;0;0;0;0;0;0;0;0;0;0;0;0;0;0;0;0;0;0;0;0;0;13
105;110;116;105;116;108;101;72;111;109;101;83;101;101;114;87;101;98;67;111;110;116;114;111;108;72;111;109;101;83;116;97;116;117;115;69;118;101;110;116;115;76;111;103;0;0;0;0;0;0;0;0;0;0;0;0;0;0;0;0;0;0;0;0;0;0;0;0;0;0;0;0;0;0;0;0;0;0;0;0;0;0;0;13
105;110;117;114;108;99;97;109;99;116;114;108;99;103;105;0;0;0;0;0;0;0;0;0;0;0;0;0;0;0;0;0;0;0;0;0;0;0;0;0;0;0;0;0;0;0;0;0;0;0;0;0;0;0;0;0;0;0;0;0;0;0;0;0;0;0;0;0;0;0;0;0;0;0;0;0;0;0;0;0;0;0;0;13
97;108;108;105;110;116;105;116;108;101;66;114;97;105;110;115;67;111;114;112;99;97;109;101;114;97;0;0;0;0;0;0;0;0;0;0;0;0;0;0;0;0;0;0;0;0;0;0;0;0;0;0;0;0;0;0;0;0;0;0;0;0;0;0;0;0;0;0;0;0;0;0;0;0;0;0;0;0;0;0;0;0;0;13
105;110;116;105;116;108;101;68;101;108;108;76;97;115;101;114;80;114;105;110;116;101;114;101;119;115;0;0;0;0;0;0;0;0;0;0;0;0;0;0;0;0;0;0;0;0;0;0;0;0;0;0;0;0;0;0;0;0;0;0;0;0;0;0;0;0;0;0;0;0;0;0;0;0;0;0;0;0;0;0;0;0;0;13
105;110;116;105;116;108;101;115;117;112;101;114;118;105;115;105;111;110;99;97;109;112;114;111;116;111;99;111;108;0;0;0;0;0;0;0;0;0;0;0;0;0;0;0;0;0;0;0;0;0;0;0;0;0;0;0;0;0;0;0;0;0;0;0;0;0;0;0;0;0;0;0;0;0;0;0;0;0;0;0;0;0;0;13
105;110;116;105;116;108;101;97;99;116;105;118;101;119;101;98;99;97;109;112;97;103;101;0;0;0;0;0;0;0;0;0;0;0;0;0;0;0;0;0;0;0;0;0;0;0;0;0;0;0;0;0;0;0;0;0;0;0;0;0;0;0;0;0;0;0;0;0;0;0;0;0;0;0;0;0;0;0;0;0;0;0;0;13
105;110;116;105;116;108;101;115;119;105;116;99;104;108;111;103;105;110;73;66;77;70;97;115;116;69;116;104;101;114;110;101;116;68;101;115;107;116;111;112;0;0;0;0;0;0;0;0;0;0;0;0;0;0;0;0;0;0;0;0;0;0;0;0;0;0;0;0;0;0;0;0;0;0;0;0;0;0;0;0;0;0;0;13
105;110;116;105;116;108;101;68;69;70;65;85;76;84;67;79;78;70;73;71;72;80;0;0;0;0;0;0;0;0;0;0;0;0;0;0;0;0;0;0;0;0;0;0;0;0;0;0;0;0;0;0;0;0;0;0;0;0;0;0;0;0;0;0;0;0;0;0;0;0;0;0;0;0;0;0;0;0;0;0;0;0;0;13
105;110;116;101;120;116;80;108;101;97;115;101;101;110;116;101;114;99;111;114;114;101;99;116;112;97;115;115;119;111;114;100;102;111;114;65;100;109;105;110;105;115;116;114;97;116;111;114;65;99;99;101;115;115;84;104;97;110;107;121;111;117;0;0;0;0;0;0;0;0;0;0;0;0;0;0;0;0;0;0;0;0;0;13
105;110;116;101;120;116;67;111;112;121;114;105;103;104;116;195;402;226;8364;353;195;8218;194;50;48;48;51;83;77;67;78;101;116;119;111;114;107;115;73;110;99;65;108;108;114;105;103;104;116;115;114;101;115;101;114;118;101;100;0;0;0;0;0;0;0;0;0;0;0;0;0;0;0;0;0;0;0;0;0;0;0;0;0;13
105;110;116;105;116;108;101;66;114;111;116;104;101;114;105;110;116;101;120;116;86;105;101;119;67;111;110;102;105;103;117;114;97;116;105;111;110;105;110;116;101;120;116;66;114;111;116;104;101;114;73;110;100;117;115;116;114;105;101;115;76;116;100;0;0;0;0;0;0;0;0;0;0;0;0;0;0;0;0;0;0;0;0;13
105;110;116;105;116;108;101;67;111;110;110;101;99;116;105;111;110;83;116;97;116;117;115;105;110;116;101;120;116;67;117;114;114;101;110;116;108;111;103;105;110;0;0;0;0;0;0;0;0;0;0;0;0;0;0;0;0;0;0;0;0;0;0;0;0;0;0;0;0;0;0;0;0;0;0;0;0;0;0;0;0;0;0;13
105;110;117;114;108;110;97;97;100;109;105;110;0;0;0;0;0;0;0;0;0;0;0;0;0;0;0;0;0;0;0;0;0;0;0;0;0;0;0;0;0;0;0;0;0;0;0;0;0;0;0;0;0;0;0;0;0;0;0;0;0;0;0;0;0;0;0;0;0;0;0;0;0;0;0;0;0;0;0;0;0;0;0;13
105;110;116;105;116;108;101;69;112;115;111;110;78;101;116;87;101;98;65;115;115;105;115;116;82;101;118;0;0;0;0;0;0;0;0;0;0;0;0;0;0;0;0;0;0;0;0;0;0;0;0;0;0;0;0;0;0;0;0;0;0;0;0;0;0;0;0;0;0;0;0;0;0;0;0;0;0;0;0;0;0;0;0;13
105;110;116;105;116;108;101;69;118;101;114;70;111;99;117;115;69;68;83;82;97;112;112;108;101;116;0;0;0;0;0;0;0;0;0;0;0;0;0;0;0;0;0;0;0;0;0;0;0;0;0;0;0;0;0;0;0;0;0;0;0;0;0;0;0;0;0;0;0;0;0;0;0;0;0;0;0;0;0;0;0;0;0;13
105;110;117;114;108;56;48;48;51;68;105;115;112;108;97;121;119;104;97;116;0;0;0;0;0;0;0;0;0;0;0;0;0;0;0;0;0;0;0;0;0;0;0;0;0;0;0;0;0;0;0;0;0;0;0;0;0;0;0;0;0;0;0;0;0;0;0;0;0;0;0;0;0;0;0;0;0;0;0;0;0;0;0;13
97;108;108;105;110;117;114;108;105;110;100;101;120;104;116;109;99;117;115;97;117;100;105;111;0;0;0;0;0;0;0;0;0;0;0;0;0;0;0;0;0;0;0;0;0;0;0;0;0;0;0;0;0;0;0;0;0;0;0;0;0;0;0;0;0;0;0;0;0;0;0;0;0;0;0;0;0;0;0;0;0;0;0;13
105;110;116;105;116;108;101;66;114;111;119;115;101;114;76;97;117;110;99;104;80;97;103;101;0;0;0;0;0;0;0;0;0;0;0;0;0;0;0;0;0;0;0;0;0;0;0;0;0;0;0;0;0;0;0;0;0;0;0;0;0;0;0;0;0;0;0;0;0;0;0;0;0;0;0;0;0;0;0;0;0;0;0;13
105;110;116;105;116;108;101;78;101;116;119;111;114;107;80;114;105;110;116;83;101;114;118;101;114;105;110;116;101;120;116;104;116;116;112;119;119;119;97;120;105;115;99;111;109;102;105;108;101;116;121;112;101;115;104;116;109;0;0;0;0;0;0;0;0;0;0;0;0;0;0;0;0;0;0;0;0;0;0;0;0;0;0;13
105;110;116;105;116;108;101;78;101;116;119;111;114;107;80;114;105;110;116;83;101;114;118;101;114;102;105;108;101;116;121;112;101;115;104;116;109;105;110;117;114;108;117;112;114;105;110;116;106;111;98;115;0;0;0;0;0;0;0;0;0;0;0;0;0;0;0;0;0;0;0;0;0;0;0;0;0;0;0;0;0;0;0;13
105;110;116;105;116;108;101;78;101;116;119;111;114;107;80;114;105;110;116;83;101;114;118;101;114;102;105;108;101;116;121;112;101;115;104;116;109;105;110;117;114;108;117;115;101;114;118;101;114;0;0;0;0;0;0;0;0;0;0;0;0;0;0;0;0;0;0;0;0;0;0;0;0;0;0;0;0;0;0;0;0;0;0;13
105;110;116;105;116;108;101;78;101;116;119;111;114;107;80;114;105;110;116;83;101;114;118;101;114;102;105;108;101;116;121;112;101;115;104;116;109;105;110;117;114;108;97;115;101;114;118;101;114;0;0;0;0;0;0;0;0;0;0;0;0;0;0;0;0;0;0;0;0;0;0;0;0;0;0;0;0;0;0;0;0;0;0;13
105;110;116;105;116;108;101;78;101;116;119;111;114;107;80;114;105;110;116;83;101;114;118;101;114;102;105;108;101;116;121;112;101;115;104;116;109;105;110;117;114;108;117;103;101;110;101;114;97;108;104;101;108;112;0;0;0;0;0;0;0;0;0;0;0;0;0;0;0;0;0;0;0;0;0;0;0;0;0;0;0;0;0;13
105;110;116;105;116;108;101;78;101;116;119;111;114;107;80;114;105;110;116;83;101;114;118;101;114;102;105;108;101;116;121;112;101;115;104;116;109;117;112;114;105;110;116;106;111;98;115;0;0;0;0;0;0;0;0;0;0;0;0;0;0;0;0;0;0;0;0;0;0;0;0;0;0;0;0;0;0;0;0;0;0;0;0;13
102;105;108;101;116;121;112;101;99;103;105;116;114;97;110;115;99;111;100;101;114;99;103;105;0;0;0;0;0;0;0;0;0;0;0;0;0;0;0;0;0;0;0;0;0;0;0;0;0;0;0;0;0;0;0;0;0;0;0;0;0;0;0;0;0;0;0;0;0;0;0;0;0;0;0;0;0;0;0;0;0;0;0;13
105;110;116;105;116;108;101;83;101;116;117;112;72;111;109;101;89;111;117;119;105;108;108;110;101;101;100;108;111;103;105;110;98;101;102;111;114;101;99;104;97;110;103;101;115;101;116;116;105;110;103;115;0;0;0;0;0;0;0;0;0;0;0;0;0;0;0;0;0;0;0;0;0;0;0;0;0;0;0;0;0;0;0;13
105;110;116;105;116;108;101;83;112;101;101;100;83;116;114;101;97;109;77;97;110;97;103;101;109;101;110;116;73;110;116;101;114;102;97;99;101;0;0;0;0;0;0;0;0;0;0;0;0;0;0;0;0;0;0;0;0;0;0;0;0;0;0;0;0;0;0;0;0;0;0;0;0;0;0;0;0;0;0;0;0;0;0;13
105;110;116;105;116;108;101;83;105;112;117;114;97;83;80;65;67;111;110;102;105;103;117;114;97;116;105;111;110;112;100;102;0;0;0;0;0;0;0;0;0;0;0;0;0;0;0;0;0;0;0;0;0;0;0;0;0;0;0;0;0;0;0;0;0;0;0;0;0;0;0;0;0;0;0;0;0;0;0;0;0;0;0;13
105;110;117;114;108;110;101;120;116;102;105;108;101;109;97;105;110;102;115;104;116;109;105;110;117;114;108;105;109;103;105;110;117;114;108;105;109;97;103;101;99;103;105;0;0;0;0;0;0;0;0;0;0;0;0;0;0;0;0;0;0;0;0;0;0;0;0;0;0;0;0;0;0;0;0;0;0;0;0;0;0;0;0;13
105;110;116;105;116;108;101;67;97;121;109;97;110;68;83;76;104;111;109;101;0;0;0;0;0;0;0;0;0;0;0;0;0;0;0;0;0;0;0;0;0;0;0;0;0;0;0;0;0;0;0;0;0;0;0;0;0;0;0;0;0;0;0;0;0;0;0;0;0;0;0;0;0;0;0;0;0;0;0;0;0;0;0;13
105;110;116;105;116;108;101;83;112;97;109;70;105;114;101;119;97;108;108;105;110;117;114;108;56;48;48;48;99;103;105;98;105;110;105;110;100;101;120;99;103;105;0;0;0;0;0;0;0;0;0;0;0;0;0;0;0;0;0;0;0;0;0;0;0;0;0;0;0;0;0;0;0;0;0;0;0;0;0;0;0;0;0;13
105;110;117;114;108;54;51;49;112;114;105;110;116;101;114;115;112;104;112;100;101;109;111;0;0;0;0;0;0;0;0;0;0;0;0;0;0;0;0;0;0;0;0;0;0;0;0;0;0;0;0;0;0;0;0;0;0;0;0;0;0;0;0;0;0;0;0;0;0;0;0;0;0;0;0;0;0;0;0;0;0;0;0;13
105;110;116;105;116;108;101;105;86;73;83;84;65;77;97;105;110;80;97;103;101;0;0;0;0;0;0;0;0;0;0;0;0;0;0;0;0;0;0;0;0;0;0;0;0;0;0;0;0;0;0;0;0;0;0;0;0;0;0;0;0;0;0;0;0;0;0;0;0;0;0;0;0;0;0;0;0;0;0;0;0;0;0;13
65;120;105;115;86;105;100;101;111;77;97;110;117;97;108;0;0;0;0;0;0;0;0;0;0;0;0;0;0;0;0;0;0;0;0;0;0;0;0;0;0;0;0;0;0;0;0;0;0;0;0;0;0;0;0;0;0;0;0;0;0;0;0;0;0;0;0;0;0;0;0;0;0;0;0;0;0;0;0;0;0;0;0;13
105;110;116;105;116;108;101;76;105;118;101;78;101;116;83;110;97;112;67;97;109;83;101;114;118;101;114;102;101;101;100;0;0;0;0;0;0;0;0;0;0;0;0;0;0;0;0;0;0;0;0;0;0;0;0;0;0;0;0;0;0;0;0;0;0;0;0;0;0;0;0;0;0;0;0;0;0;0;0;0;0;0;0;13
105;110;116;105;116;108;101;86;71;101;97;114;66;69;69;0;0;0;0;0;0;0;0;0;0;0;0;0;0;0;0;0;0;0;0;0;0;0;0;0;0;0;0;0;0;0;0;0;0;0;0;0;0;0;0;0;0;0;0;0;0;0;0;0;0;0;0;0;0;0;0;0;0;0;0;0;0;0;0;0;0;0;0;13
105;110;116;105;116;108;101;65;117;100;105;111;82;101;81;117;101;115;116;119;101;98;115;101;114;118;101;114;0;0;0;0;0;0;0;0;0;0;0;0;0;0;0;0;0;0;0;0;0;0;0;0;0;0;0;0;0;0;0;0;0;0;0;0;0;0;0;0;0;0;0;0;0;0;0;0;0;0;0;0;0;0;0;13
97;120;105;115;115;116;111;114;112;111;105;110;116;102;105;108;101;118;105;101;119;105;110;117;114;108;118;111;108;117;109;101;115;0;0;0;0;0;0;0;0;0;0;0;0;0;0;0;0;0;0;0;0;0;0;0;0;0;0;0;0;0;0;0;0;0;0;0;0;0;0;0;0;0;0;0;0;0;0;0;0;0;0;13
105;110;117;114;108;112;114;105;110;116;101;114;109;97;105;110;104;116;109;108;105;110;116;101;120;116;115;101;116;116;105;110;103;115;0;0;0;0;0;0;0;0;0;0;0;0;0;0;0;0;0;0;0;0;0;0;0;0;0;0;0;0;0;0;0;0;0;0;0;0;0;0;0;0;0;0;0;0;0;0;0;0;0;13
105;110;116;101;120;116;77;97;105;76;105;110;88;65;108;101;114;116;78;111;116;105;102;121;115;105;116;101;110;101;116;119;111;114;107;112;114;105;110;116;101;114;115;99;111;109;0;0;0;0;0;0;0;0;0;0;0;0;0;0;0;0;0;0;0;0;0;0;0;0;0;0;0;0;0;0;0;0;0;0;0;0;0;13
67;111;112;121;114;105;103;104;116;99;84;101;107;116;114;111;110;105;120;73;110;99;112;114;105;110;116;101;114;115;116;97;116;117;115;0;0;0;0;0;0;0;0;0;0;0;0;0;0;0;0;0;0;0;0;0;0;0;0;0;0;0;0;0;0;0;0;0;0;0;0;0;0;0;0;0;0;0;0;0;0;0;0;13
105;110;117;114;108;105;112;112;112;100;105;115;112;108;97;121;104;116;109;0;0;0;0;0;0;0;0;0;0;0;0;0;0;0;0;0;0;0;0;0;0;0;0;0;0;0;0;0;0;0;0;0;0;0;0;0;0;0;0;0;0;0;0;0;0;0;0;0;0;0;0;0;0;0;0;0;0;0;0;0;0;0;0;13
105;110;116;101;120;116;86;105;100;101;111;99;111;110;102;101;114;101;110;99;101;77;97;110;97;103;101;109;101;110;116;83;121;115;116;101;109;101;120;116;104;116;109;0;0;0;0;0;0;0;0;0;0;0;0;0;0;0;0;0;0;0;0;0;0;0;0;0;0;0;0;0;0;0;0;0;0;0;0;0;0;0;0;13
105;110;116;105;116;108;101;83;109;111;111;116;104;119;97;108;108;69;120;112;114;101;115;115;105;110;117;114;108;99;103;105;98;105;110;117;112;100;97;121;115;0;0;0;0;0;0;0;0;0;0;0;0;0;0;0;0;0;0;0;0;0;0;0;0;0;0;0;0;0;0;0;0;0;0;0;0;0;0;0;0;0;0;13
105;110;116;105;116;108;101;105;112;99;111;112;109;97;105;110;0;0;0;0;0;0;0;0;0;0;0;0;0;0;0;0;0;0;0;0;0;0;0;0;0;0;0;0;0;0;0;0;0;0;0;0;0;0;0;0;0;0;0;0;0;0;0;0;0;0;0;0;0;0;0;0;0;0;0;0;0;0;0;0;0;0;0;13
105;110;116;105;116;108;101;69;118;111;67;97;109;105;110;117;114;108;119;101;98;99;97;109;104;116;109;108;0;0;0;0;0;0;0;0;0;0;0;0;0;0;0;0;0;0;0;0;0;0;0;0;0;0;0;0;0;0;0;0;0;0;0;0;0;0;0;0;0;0;0;0;0;0;0;0;0;0;0;0;0;0;0;13
83;116;97;114;116;105;110;103;83;105;116;101;90;65;80;54;48;0;0;0;0;0;0;0;0;0;0;0;0;0;0;0;0;0;0;0;0;0;0;0;0;0;0;0;0;0;0;0;0;0;0;0;0;0;0;0;0;0;0;0;0;0;0;0;0;0;0;0;0;0;0;0;0;0;0;0;0;0;0;0;0;0;0;13
105;110;117;114;108;97;120;105;115;99;103;105;0;0;0;0;0;0;0;0;0;0;0;0;0;0;0;0;0;0;0;0;0;0;0;0;0;0;0;0;0;0;0;0;0;0;0;0;0;0;0;0;0;0;0;0;0;0;0;0;0;0;0;0;0;0;0;0;0;0;0;0;0;0;0;0;0;0;0;0;0;0;0;13
105;110;116;101;120;116;85;65;65;77;83;66;76;101;120;109;97;114;107;101;120;116;112;100;102;0;0;0;0;0;0;0;0;0;0;0;0;0;0;0;0;0;0;0;0;0;0;0;0;0;0;0;0;0;0;0;0;0;0;0;0;0;0;0;0;0;0;0;0;0;0;0;0;0;0;0;0;0;0;0;0;0;0;13
105;110;116;101;120;116;82;101;97;100;121;119;105;116;104;49;48;49;48;48;84;69;116;104;101;114;110;101;116;0;0;0;0;0;0;0;0;0;0;0;0;0;0;0;0;0;0;0;0;0;0;0;0;0;0;0;0;0;0;0;0;0;0;0;0;0;0;0;0;0;0;0;0;0;0;0;0;0;0;0;0;0;0;13
105;110;116;105;116;108;101;67;105;115;99;111;83;121;115;116;101;109;115;73;110;99;86;80;78;51;48;48;48;67;111;110;99;101;110;116;114;97;116;111;114;0;0;0;0;0;0;0;0;0;0;0;0;0;0;0;0;0;0;0;0;0;0;0;0;0;0;0;0;0;0;0;0;0;0;0;0;0;0;0;0;0;0;13
105;110;116;105;116;108;101;72;111;109;101;88;101;114;111;120;67;111;114;112;111;114;97;116;105;111;110;82;101;102;114;101;115;104;83;116;97;116;117;115;0;0;0;0;0;0;0;0;0;0;0;0;0;0;0;0;0;0;0;0;0;0;0;0;0;0;0;0;0;0;0;0;0;0;0;0;0;0;0;0;0;0;0;13
87;101;98;67;111;110;116;114;111;108;105;110;116;105;116;108;101;65;77;88;78;101;116;76;105;110;120;0;0;0;0;0;0;0;0;0;0;0;0;0;0;0;0;0;0;0;0;0;0;0;0;0;0;0;0;0;0;0;0;0;0;0;0;0;0;0;0;0;0;0;0;0;0;0;0;0;0;0;0;0;0;0;0;13
112;108;101;97;115;101;118;105;115;105;116;105;110;116;105;116;108;101;105;67;97;116;99;104;101;114;67;111;110;115;111;108;101;67;111;112;121;114;105;103;104;116;105;67;111;100;101;83;121;115;116;101;109;115;0;0;0;0;0;0;0;0;0;0;0;0;0;0;0;0;0;0;0;0;0;0;0;0;0;0;0;0;0;13
105;110;116;105;116;108;101;116;111;115;104;105;98;97;110;101;116;119;111;114;107;99;97;109;101;114;97;85;115;101;114;76;111;103;105;110;0;0;0;0;0;0;0;0;0;0;0;0;0;0;0;0;0;0;0;0;0;0;0;0;0;0;0;0;0;0;0;0;0;0;0;0;0;0;0;0;0;0;0;0;0;0;0;13
105;110;117;114;108;108;101;118;101;108;49;53;101;120;101;99;115;104;111;119;0;0;0;0;0;0;0;0;0;0;0;0;0;0;0;0;0;0;0;0;0;0;0;0;0;0;0;0;0;0;0;0;0;0;0;0;0;0;0;0;0;0;0;0;0;0;0;0;0;0;0;0;0;0;0;0;0;0;0;0;0;0;0;13
105;110;116;105;116;108;101;68;86;82;87;101;98;99;108;105;101;110;116;0;0;0;0;0;0;0;0;0;0;0;0;0;0;0;0;0;0;0;0;0;0;0;0;0;0;0;0;0;0;0;0;0;0;0;0;0;0;0;0;0;0;0;0;0;0;0;0;0;0;0;0;0;0;0;0;0;0;0;0;0;0;0;0;13
105;110;117;114;108;84;105;86;111;67;111;110;110;101;99;116;67;111;109;109;97;110;100;81;117;101;114;121;83;101;114;118;101;114;0;0;0;0;0;0;0;0;0;0;0;0;0;0;0;0;0;0;0;0;0;0;0;0;0;0;0;0;0;0;0;0;0;0;0;0;0;0;0;0;0;0;0;0;0;0;0;0;0;13
105;110;117;114;108;110;101;116;119;116;99;112;115;104;116;109;108;0;0;0;0;0;0;0;0;0;0;0;0;0;0;0;0;0;0;0;0;0;0;0;0;0;0;0;0;0;0;0;0;0;0;0;0;0;0;0;0;0;0;0;0;0;0;0;0;0;0;0;0;0;0;0;0;0;0;0;0;0;0;0;0;0;0;13
105;110;116;105;116;108;101;109;121;119;101;98;99;97;109;88;80;115;101;114;118;101;114;105;110;117;114;108;56;48;56;48;0;0;0;0;0;0;0;0;0;0;0;0;0;0;0;0;0;0;0;0;0;0;0;0;0;0;0;0;0;0;0;0;0;0;0;0;0;0;0;0;0;0;0;0;0;0;0;0;0;0;0;13
105;110;117;114;108;119;101;98;65;114;99;104;109;97;105;110;70;114;97;109;101;99;103;105;105;110;116;105;116;108;101;119;101;98;105;109;97;103;101;109;111;110;105;116;111;114;104;116;109;115;111;108;117;116;105;111;110;115;0;0;0;0;0;0;0;0;0;0;0;0;0;0;0;0;0;0;0;0;0;0;0;0;0;13
99;97;109;101;114;97;108;105;110;107;115;121;115;105;110;117;114;108;109;97;105;110;99;103;105;0;0;0;0;0;0;0;0;0;0;0;0;0;0;0;0;0;0;0;0;0;0;0;0;0;0;0;0;0;0;0;0;0;0;0;0;0;0;0;0;0;0;0;0;0;0;0;0;0;0;0;0;0;0;0;0;0;0;13
105;110;116;105;116;108;101;115;119;105;116;99;104;104;111;109;101;112;97;103;101;99;105;115;99;111;115;121;115;116;101;109;115;84;101;108;110;101;116;116;111;0;0;0;0;0;0;0;0;0;0;0;0;0;0;0;0;0;0;0;0;0;0;0;0;0;0;0;0;0;0;0;0;0;0;0;0;0;0;0;0;0;0;13
105;110;116;105;116;108;101;68;69;70;65;85;76;84;67;79;78;70;73;71;72;80;0;0;0;0;0;0;0;0;0;0;0;0;0;0;0;0;0;0;0;0;0;0;0;0;0;0;0;0;0;0;0;0;0;0;0;0;0;0;0;0;0;0;0;0;0;0;0;0;0;0;0;0;0;0;0;0;0;0;0;0;0;13
105;110;117;114;108;104;112;100;101;118;105;99;101;116;104;105;115;76;67;68;105;115;112;97;116;99;104;101;114;0;0;0;0;0;0;0;0;0;0;0;0;0;0;0;0;0;0;0;0;0;0;0;0;0;0;0;0;0;0;0;0;0;0;0;0;0;0;0;0;0;0;0;0;0;0;0;0;0;0;0;0;0;0;13
105;110;116;105;116;108;101;97;120;105;115;115;116;111;114;112;111;105;110;116;67;68;105;110;116;105;116;108;101;105;112;97;100;100;114;101;115;115;0;0;0;0;0;0;0;0;0;0;0;0;0;0;0;0;0;0;0;0;0;0;0;0;0;0;0;0;0;0;0;0;0;0;0;0;0;0;0;0;0;0;0;0;0;13
105;110;116;105;116;108;101;119;101;98;101;121;101;105;110;117;114;108;108;111;103;105;110;109;108;0;0;0;0;0;0;0;0;0;0;0;0;0;0;0;0;0;0;0;0;0;0;0;0;0;0;0;0;0;0;0;0;0;0;0;0;0;0;0;0;0;0;0;0;0;0;0;0;0;0;0;0;0;0;0;0;0;0;13
105;110;116;105;116;108;101;114;101;109;111;116;101;117;105;116;111;112;112;97;103;101;0;0;0;0;0;0;0;0;0;0;0;0;0;0;0;0;0;0;0;0;0;0;0;0;0;0;0;0;0;0;0;0;0;0;0;0;0;0;0;0;0;0;0;0;0;0;0;0;0;0;0;0;0;0;0;0;0;0;0;0;0;13
105;110;117;114;108;115;116;115;105;110;100;101;120;99;103;105;0;0;0;0;0;0;0;0;0;0;0;0;0;0;0;0;0;0;0;0;0;0;0;0;0;0;0;0;0;0;0;0;0;0;0;0;0;0;0;0;0;0;0;0;0;0;0;0;0;0;0;0;0;0;0;0;0;0;0;0;0;0;0;0;0;0;0;13
70;105;101;114;121;87;101;98;84;111;111;108;115;105;110;117;114;108;105;110;100;101;120;50;104;116;109;108;0;0;0;0;0;0;0;0;0;0;0;0;0;0;0;0;0;0;0;0;0;0;0;0;0;0;0;0;0;0;0;0;0;0;0;0;0;0;0;0;0;0;0;0;0;0;0;0;0;0;0;0;0;0;0;13
87;101;98;84;111;111;108;115;101;110;97;98;108;101;111;98;115;101;114;118;101;102;108;111;119;112;114;105;110;116;106;111;98;115;0;0;0;0;0;0;0;0;0;0;0;0;0;0;0;0;0;0;0;0;0;0;0;0;0;0;0;0;0;0;0;0;0;0;0;0;0;0;0;0;0;0;0;0;0;0;0;0;0;13
105;110;116;105;116;108;101;108;97;110;116;114;111;110;105;120;119;101;98;109;97;110;97;103;101;114;0;0;0;0;0;0;0;0;0;0;0;0;0;0;0;0;0;0;0;0;0;0;0;0;0;0;0;0;0;0;0;0;0;0;0;0;0;0;0;0;0;0;0;0;0;0;0;0;0;0;0;0;0;0;0;0;0;13
105;110;116;105;116;108;101;76;105;118;101;86;105;101;119;65;88;73;83;105;110;117;114;108;118;105;101;119;118;105;101;119;115;104;116;0;0;0;0;0;0;0;0;0;0;0;0;0;0;0;0;0;0;0;0;0;0;0;0;0;0;0;0;0;0;0;0;0;0;0;0;0;0;0;0;0;0;0;0;0;0;0;0;13
105;110;116;105;116;108;101;84;104;101;65;88;73;83;50;48;48;72;111;109;101;80;97;103;101;0;0;0;0;0;0;0;0;0;0;0;0;0;0;0;0;0;0;0;0;0;0;0;0;0;0;0;0;0;0;0;0;0;0;0;0;0;0;0;0;0;0;0;0;0;0;0;0;0;0;0;0;0;0;0;0;0;0;13
105;110;116;105;116;108;101;110;101;116;119;111;114;107;97;100;109;105;110;105;115;116;114;97;116;105;111;110;105;110;117;114;108;110;105;99;0;0;0;0;0;0;0;0;0;0;0;0;0;0;0;0;0;0;0;0;0;0;0;0;0;0;0;0;0;0;0;0;0;0;0;0;0;0;0;0;0;0;0;0;0;0;0;13
105;110;116;105;116;108;101;82;73;67;79;72;105;110;116;105;116;108;101;78;101;116;119;111;114;107;65;100;109;105;110;105;115;116;114;97;116;105;111;110;0;0;0;0;0;0;0;0;0;0;0;0;0;0;0;0;0;0;0;0;0;0;0;0;0;0;0;0;0;0;0;0;0;0;0;0;0;0;0;0;0;0;0;13
105;110;116;105;116;108;101;100;114;101;97;109;98;111;120;119;101;98;0;0;0;0;0;0;0;0;0;0;0;0;0;0;0;0;0;0;0;0;0;0;0;0;0;0;0;0;0;0;0;0;0;0;0;0;0;0;0;0;0;0;0;0;0;0;0;0;0;0;0;0;0;0;0;0;0;0;0;0;0;0;0;0;0;13
105;110;116;101;120;116;99;101;110;116;114;101;119;97;114;101;105;110;117;114;108;115;116;97;116;117;115;0;0;0;0;0;0;0;0;0;0;0;0;0;0;0;0;0;0;0;0;0;0;0;0;0;0;0;0;0;0;0;0;0;0;0;0;0;0;0;0;0;0;0;0;0;0;0;0;0;0;0;0;0;0;0;0;13
105;110;116;105;116;108;101;108;105;118;101;97;112;112;108;101;116;105;110;117;114;108;76;118;65;112;112;108;0;0;0;0;0;0;0;0;0;0;0;0;0;0;0;0;0;0;0;0;0;0;0;0;0;0;0;0;0;0;0;0;0;0;0;0;0;0;0;0;0;0;0;0;0;0;0;0;0;0;0;0;0;0;0;13
80;104;97;115;101;114;195;402;226;8364;353;195;8218;194;174;55;52;48;67;111;108;111;114;80;114;105;110;116;101;114;112;114;105;110;116;101;114;110;97;109;101;100;0;0;0;0;0;0;0;0;0;0;0;0;0;0;0;0;0;0;0;0;0;0;0;0;0;0;0;0;0;0;0;0;0;0;0;0;0;0;0;0;0;13
80;104;97;115;101;114;195;402;226;8364;353;195;8218;194;174;56;52;48;67;111;108;111;114;80;114;105;110;116;101;114;67;117;114;114;101;110;116;83;116;97;116;117;115;112;114;105;110;116;101;114;110;97;109;101;100;0;0;0;0;0;0;0;0;0;0;0;0;0;0;0;0;0;0;0;0;0;0;0;0;0;0;0;0;13
80;104;97;115;101;114;56;50;48;48;195;402;226;8364;353;195;8218;194;88;101;114;111;120;114;101;102;114;101;115;104;69;109;97;105;108;65;108;101;114;116;115;0;0;0;0;0;0;0;0;0;0;0;0;0;0;0;0;0;0;0;0;0;0;0;0;0;0;0;0;0;0;0;0;0;0;0;0;0;0;0;0;0;0;13
80;104;97;115;101;114;54;50;53;48;80;114;105;110;116;101;114;78;101;105;103;104;98;111;114;104;111;111;100;88;69;82;79;88;67;79;82;80;79;82;65;84;73;79;78;0;0;0;0;0;0;0;0;0;0;0;0;0;0;0;0;0;0;0;0;0;0;0;0;0;0;0;0;0;0;0;0;0;0;0;0;0;0;13
105;110;116;105;116;108;101;66;111;114;100;101;114;77;97;110;97;103;101;114;73;110;102;111;114;109;97;116;105;111;110;97;108;101;114;116;0;0;0;0;0;0;0;0;0;0;0;0;0;0;0;0;0;0;0;0;0;0;0;0;0;0;0;0;0;0;0;0;0;0;0;0;0;0;0;0;0;0;0;0;0;0;0;13
105;110;116;105;116;108;101;76;105;118;101;86;105;101;119;65;88;73;83;0;0;0;0;0;0;0;0;0;0;0;0;0;0;0;0;0;0;0;0;0;0;0;0;0;0;0;0;0;0;0;0;0;0;0;0;0;0;0;0;0;0;0;0;0;0;0;0;0;0;0;0;0;0;0;0;0;0;0;0;0;0;0;0;13
112;111;119;101;114;101;100;98;121;119;101;98;99;97;109;88;80;80;114;111;66;114;111;97;100;99;97;115;116;0;0;0;0;0;0;0;0;0;0;0;0;0;0;0;0;0;0;0;0;0;0;0;0;0;0;0;0;0;0;0;0;0;0;0;0;0;0;0;0;0;0;0;0;0;0;0;0;0;0;0;0;0;0;13
105;110;117;114;108;86;105;101;119;101;114;70;114;97;109;101;77;111;100;101;0;0;0;0;0;0;0;0;0;0;0;0;0;0;0;0;0;0;0;0;0;0;0;0;0;0;0;0;0;0;0;0;0;0;0;0;0;0;0;0;0;0;0;0;0;0;0;0;0;0;0;0;0;0;0;0;0;0;0;0;0;0;0;13
115;78;67;82;90;51;48;72;79;77;69;0;0;0;0;0;0;0;0;0;0;0;0;0;0;0;0;0;0;0;0;0;0;0;0;0;0;0;0;0;0;0;0;0;0;0;0;0;0;0;0;0;0;0;0;0;0;0;0;0;0;0;0;0;0;0;0;0;0;0;0;0;0;0;0;0;0;0;0;0;0;0;0;13
105;110;116;105;116;108;101;102;108;101;120;119;97;116;99;104;105;110;116;101;120;116;72;111;109;101;112;97;103;101;118;101;114;0;0;0;0;0;0;0;0;0;0;0;0;0;0;0;0;0;0;0;0;0;0;0;0;0;0;0;0;0;0;0;0;0;0;0;0;0;0;0;0;0;0;0;0;0;0;0;0;0;0;13
105;110;116;101;120;116;77;79;66;79;84;73;88;77;49;105;110;116;101;120;116;77;79;66;79;84;73;88;77;49;48;105;110;116;101;120;116;79;112;101;110;77;101;110;117;83;104;105;102;116;82;101;108;111;97;100;0;0;0;0;0;0;0;0;0;0;0;0;0;0;0;0;0;0;0;0;0;0;0;0;0;0;0;13
105;110;116;105;116;108;101;115;110;99;122;50;48;105;110;117;114;108;104;111;109;101;0;0;0;0;0;0;0;0;0;0;0;0;0;0;0;0;0;0;0;0;0;0;0;0;0;0;0;0;0;0;0;0;0;0;0;0;0;0;0;0;0;0;0;0;0;0;0;0;0;0;0;0;0;0;0;0;0;0;0;0;0;13
105;110;116;105;116;108;101;87;74;78;84;49;48;52;77;97;105;110;80;97;103;101;0;0;0;0;0;0;0;0;0;0;0;0;0;0;0;0;0;0;0;0;0;0;0;0;0;0;0;0;0;0;0;0;0;0;0;0;0;0;0;0;0;0;0;0;0;0;0;0;0;0;0;0;0;0;0;0;0;0;0;0;0;13
105;110;116;105;116;108;101;86;105;101;119;97;110;100;67;111;110;102;105;103;117;114;101;80;104;97;115;101;114;76;105;110;107;0;0;0;0;0;0;0;0;0;0;0;0;0;0;0;0;0;0;0;0;0;0;0;0;0;0;0;0;0;0;0;0;0;0;0;0;0;0;0;0;0;0;0;0;0;0;0;0;0;0;13
105;110;117;114;108;105;110;100;101;120;70;114;97;109;101;115;104;116;109;108;65;120;105;115;0;0;0;0;0;0;0;0;0;0;0;0;0;0;0;0;0;0;0;0;0;0;0;0;0;0;0;0;0;0;0;0;0;0;0;0;0;0;0;0;0;0;0;0;0;0;0;0;0;0;0;0;0;0;0;0;0;0;0;13
