117;115;101;114;110;97;109;101;120;108;115;120;101;120;116;120;108;115;120;0;0;0;0;0;0;0;0;0;0;0;0;0;0;0;0;0;0;0;0;0;0;0;0;0;0;0;0;0;0;0;0;0;0;0;0;0;0;0;0;0;0;0;0;0;0;0;0;0;0;0;0;0;0;0;0;0;0;0;0;0;0;0;0;2
105;110;117;114;108;108;97;121;111;117;116;115;109;111;98;105;108;101;118;105;101;119;97;115;112;120;76;105;115;116;0;0;0;0;0;0;0;0;0;0;0;0;0;0;0;0;0;0;0;0;0;0;0;0;0;0;0;0;0;0;0;0;0;0;0;0;0;0;0;0;0;0;0;0;0;0;0;0;0;0;0;0;0;2
97;117;116;104;101;110;116;105;99;97;116;105;111;110;102;97;105;108;117;114;101;108;111;103;110;97;109;101;101;120;116;108;111;103;0;0;0;0;0;0;0;0;0;0;0;0;0;0;0;0;0;0;0;0;0;0;0;0;0;0;0;0;0;0;0;0;0;0;0;0;0;0;0;0;0;0;0;0;0;0;0;0;0;2
105;110;117;114;108;112;114;111;102;105;108;101;112;104;112;108;111;111;107;117;112;49;0;0;0;0;0;0;0;0;0;0;0;0;0;0;0;0;0;0;0;0;0;0;0;0;0;0;0;0;0;0;0;0;0;0;0;0;0;0;0;0;0;0;0;0;0;0;0;0;0;0;0;0;0;0;0;0;0;0;0;0;0;2
105;110;116;101;120;116;114;111;111;116;120;48;48;114;111;111;116;114;111;111;116;98;105;110;98;97;115;104;105;110;117;114;108;101;116;99;112;97;115;115;119;100;0;0;0;0;0;0;0;0;0;0;0;0;0;0;0;0;0;0;0;0;0;0;0;0;0;0;0;0;0;0;0;0;0;0;0;0;0;0;0;0;0;2
105;110;117;114;108;114;111;111;116;101;116;99;112;97;115;115;119;100;105;110;116;101;120;116;104;111;109;101;0;0;0;0;0;0;0;0;0;0;0;0;0;0;0;0;0;0;0;0;0;0;0;0;0;0;0;0;0;0;0;0;0;0;0;0;0;0;0;0;0;0;0;0;0;0;0;0;0;0;0;0;0;0;0;2
105;110;116;101;120;116;83;116;101;97;109;85;115;101;114;80;97;115;115;112;104;114;97;115;101;105;110;116;101;120;116;83;116;101;97;109;65;112;112;85;115;101;114;117;115;101;114;110;97;109;101;117;115;101;114;0;0;0;0;0;0;0;0;0;0;0;0;0;0;0;0;0;0;0;0;0;0;0;0;0;0;0;0;2
105;110;117;114;108;114;111;111;116;97;115;112;97;99;115;97;110;111;110;0;0;0;0;0;0;0;0;0;0;0;0;0;0;0;0;0;0;0;0;0;0;0;0;0;0;0;0;0;0;0;0;0;0;0;0;0;0;0;0;0;0;0;0;0;0;0;0;0;0;0;0;0;0;0;0;0;0;0;0;0;0;0;0;2
102;105;108;101;116;121;112;101;99;111;110;102;105;110;117;114;108;112;114;111;102;116;112;100;99;111;110;102;115;97;109;112;108;101;0;0;0;0;0;0;0;0;0;0;0;0;0;0;0;0;0;0;0;0;0;0;0;0;0;0;0;0;0;0;0;0;0;0;0;0;0;0;0;0;0;0;0;0;0;0;0;0;0;2
102;105;108;101;116;121;112;101;108;111;103;117;115;101;114;110;97;109;101;112;117;116;116;121;0;0;0;0;0;0;0;0;0;0;0;0;0;0;0;0;0;0;0;0;0;0;0;0;0;0;0;0;0;0;0;0;0;0;0;0;0;0;0;0;0;0;0;0;0;0;0;0;0;0;0;0;0;0;0;0;0;0;0;2
102;105;108;101;116;121;112;101;114;101;103;114;101;103;105;110;116;101;120;116;105;110;116;101;114;110;101;116;97;99;99;111;117;110;116;109;97;110;97;103;101;114;0;0;0;0;0;0;0;0;0;0;0;0;0;0;0;0;0;0;0;0;0;0;0;0;0;0;0;0;0;0;0;0;0;0;0;0;0;0;0;0;0;2
102;105;108;101;116;121;112;101;114;101;103;114;101;103;72;75;69;89;67;85;82;82;69;78;84;85;83;69;82;117;115;101;114;110;97;109;101;0;0;0;0;0;0;0;0;0;0;0;0;0;0;0;0;0;0;0;0;0;0;0;0;0;0;0;0;0;0;0;0;0;0;0;0;0;0;0;0;0;0;0;0;0;0;2
105;110;116;101;120;116;119;101;98;97;108;105;122;101;114;105;110;116;101;120;116;84;111;116;97;108;85;115;101;114;110;97;109;101;115;105;110;116;101;120;116;85;115;97;103;101;83;116;97;116;105;115;116;105;99;115;102;111;114;0;0;0;0;0;0;0;0;0;0;0;0;0;0;0;0;0;0;0;0;0;0;0;0;2
105;110;117;114;108;112;104;112;105;110;117;114;108;104;108;115;116;97;116;115;105;110;116;101;120;116;83;101;114;118;101;114;85;115;101;114;110;97;109;101;0;0;0;0;0;0;0;0;0;0;0;0;0;0;0;0;0;0;0;0;0;0;0;0;0;0;0;0;0;0;0;0;0;0;0;0;0;0;0;0;0;0;0;2
105;110;100;101;120;111;102;108;99;107;0;0;0;0;0;0;0;0;0;0;0;0;0;0;0;0;0;0;0;0;0;0;0;0;0;0;0;0;0;0;0;0;0;0;0;0;0;0;0;0;0;0;0;0;0;0;0;0;0;0;0;0;0;0;0;0;0;0;0;0;0;0;0;0;0;0;0;0;0;0;0;0;0;2
105;110;100;101;120;111;102;112;101;114;102;111;114;109;105;110;105;0;0;0;0;0;0;0;0;0;0;0;0;0;0;0;0;0;0;0;0;0;0;0;0;0;0;0;0;0;0;0;0;0;0;0;0;0;0;0;0;0;0;0;0;0;0;0;0;0;0;0;0;0;0;0;0;0;0;0;0;0;0;0;0;0;0;2
105;110;117;114;108;97;100;109;105;110;102;105;108;101;116;121;112;101;97;115;112;105;110;117;114;108;117;115;101;114;108;105;115;116;0;0;0;0;0;0;0;0;0;0;0;0;0;0;0;0;0;0;0;0;0;0;0;0;0;0;0;0;0;0;0;0;0;0;0;0;0;0;0;0;0;0;0;0;0;0;0;0;0;2
105;110;117;114;108;97;100;109;105;110;105;110;117;114;108;117;115;101;114;108;105;115;116;0;0;0;0;0;0;0;0;0;0;0;0;0;0;0;0;0;0;0;0;0;0;0;0;0;0;0;0;0;0;0;0;0;0;0;0;0;0;0;0;0;0;0;0;0;0;0;0;0;0;0;0;0;0;0;0;0;0;0;0;2
105;110;116;105;116;108;101;105;110;100;101;120;111;102;98;97;115;104;104;105;115;116;111;114;121;0;0;0;0;0;0;0;0;0;0;0;0;0;0;0;0;0;0;0;0;0;0;0;0;0;0;0;0;0;0;0;0;0;0;0;0;0;0;0;0;0;0;0;0;0;0;0;0;0;0;0;0;0;0;0;0;0;0;2
105;110;116;105;116;108;101;105;110;100;101;120;111;102;115;104;104;105;115;116;111;114;121;0;0;0;0;0;0;0;0;0;0;0;0;0;0;0;0;0;0;0;0;0;0;0;0;0;0;0;0;0;0;0;0;0;0;0;0;0;0;0;0;0;0;0;0;0;0;0;0;0;0;0;0;0;0;0;0;0;0;0;0;2
