105;110;116;105;116;108;101;75;111;100;105;105;110;117;114;108;56;48;56;48;77;117;115;105;99;77;117;115;105;99;0;0;0;0;0;0;0;0;0;0;0;0;0;0;0;0;0;0;0;0;0;0;0;0;0;0;0;0;0;0;0;0;0;0;0;0;0;0;0;0;0;0;0;0;0
105;110;117;114;108;119;112;115;101;99;117;114;105;116;121;97;117;100;105;116;108;111;103;101;120;116;108;111;103;0;0;0;0;0;0;0;0;0;0;0;0;0;0;0;0;0;0;0;0;0;0;0;0;0;0;0;0;0;0;0;0;0;0;0;0;0;0;0;0;0;0;0;0;0;0
105;110;117;114;108;68;105;118;105;67;104;97;110;103;101;108;111;103;116;120;116;68;105;118;105;67;104;97;110;103;101;108;111;103;116;120;116;0;0;0;0;0;0;0;0;0;0;0;0;0;0;0;0;0;0;0;0;0;0;0;0;0;0;0;0;0;0;0;0;0;0;0;0;0;0
81;117;105;99;107;68;105;97;103;98;121;103;51;110;104;99;107;109;110;101;120;116;116;120;116;0;0;0;0;0;0;0;0;0;0;0;0;0;0;0;0;0;0;0;0;0;0;0;0;0;0;0;0;0;0;0;0;0;0;0;0;0;0;0;0;0;0;0;0;0;0;0;0;0;0
101;120;116;116;120;116;101;120;116;99;111;110;102;101;120;116;105;110;99;101;120;116;100;111;99;105;110;116;101;120;116;112;104;112;99;108;97;115;115;74;67;111;110;102;105;103;0;0;0;0;0;0;0;0;0;0;0;0;0;0;0;0;0;0;0;0;0;0;0;0;0;0;0;0;0
105;110;117;114;108;70;105;108;101;76;105;115;116;65;98;115;111;108;117;116;101;101;120;116;116;120;116;0;0;0;0;0;0;0;0;0;0;0;0;0;0;0;0;0;0;0;0;0;0;0;0;0;0;0;0;0;0;0;0;0;0;0;0;0;0;0;0;0;0;0;0;0;0;0;0
79;84;76;108;111;103;102;105;108;101;98;121;79;108;100;84;105;109;101;114;101;120;116;116;120;116;0;0;0;0;0;0;0;0;0;0;0;0;0;0;0;0;0;0;0;0;0;0;0;0;0;0;0;0;0;0;0;0;0;0;0;0;0;0;0;0;0;0;0;0;0;0;0;0;0
102;105;108;101;116;121;112;101;116;112;108;105;110;116;101;120;116;109;121;115;113;108;99;111;110;110;101;99;116;0;0;0;0;0;0;0;0;0;0;0;0;0;0;0;0;0;0;0;0;0;0;0;0;0;0;0;0;0;0;0;0;0;0;0;0;0;0;0;0;0;0;0;0;0;0
101;120;116;97;115;97;120;0;0;0;0;0;0;0;0;0;0;0;0;0;0;0;0;0;0;0;0;0;0;0;0;0;0;0;0;0;0;0;0;0;0;0;0;0;0;0;0;0;0;0;0;0;0;0;0;0;0;0;0;0;0;0;0;0;0;0;0;0;0;0;0;0;0;0;0
105;110;117;114;108;104;103;115;116;111;114;101;102;110;99;97;99;104;101;0;0;0;0;0;0;0;0;0;0;0;0;0;0;0;0;0;0;0;0;0;0;0;0;0;0;0;0;0;0;0;0;0;0;0;0;0;0;0;0;0;0;0;0;0;0;0;0;0;0;0;0;0;0;0;0
101;120;116;118;98;112;114;111;106;0;0;0;0;0;0;0;0;0;0;0;0;0;0;0;0;0;0;0;0;0;0;0;0;0;0;0;0;0;0;0;0;0;0;0;0;0;0;0;0;0;0;0;0;0;0;0;0;0;0;0;0;0;0;0;0;0;0;0;0;0;0;0;0;0;0
101;120;116;99;115;112;114;111;106;0;0;0;0;0;0;0;0;0;0;0;0;0;0;0;0;0;0;0;0;0;0;0;0;0;0;0;0;0;0;0;0;0;0;0;0;0;0;0;0;0;0;0;0;0;0;0;0;0;0;0;0;0;0;0;0;0;0;0;0;0;0;0;0;0;0
105;110;117;114;108;115;99;97;110;114;101;115;117;108;116;102;105;108;101;0;0;0;0;0;0;0;0;0;0;0;0;0;0;0;0;0;0;0;0;0;0;0;0;0;0;0;0;0;0;0;0;0;0;0;0;0;0;0;0;0;0;0;0;0;0;0;0;0;0;0;0;0;0;0;0
105;110;117;114;108;109;97;105;110;116;114;101;112;97;105;114;112;104;112;114;101;112;97;105;114;49;0;0;0;0;0;0;0;0;0;0;0;0;0;0;0;0;0;0;0;0;0;0;0;0;0;0;0;0;0;0;0;0;0;0;0;0;0;0;0;0;0;0;0;0;0;0;0;0;0
105;110;117;114;108;115;101;99;117;114;101;97;116;116;97;99;104;109;101;110;116;102;105;108;101;116;121;112;101;108;111;103;79;82;102;105;108;101;116;121;112;101;116;120;116;0;0;0;0;0;0;0;0;0;0;0;0;0;0;0;0;0;0;0;0;0;0;0;0;0;0;0;0;0;0
101;120;116;108;111;103;105;110;117;114;108;112;103;97;100;109;105;110;0;0;0;0;0;0;0;0;0;0;0;0;0;0;0;0;0;0;0;0;0;0;0;0;0;0;0;0;0;0;0;0;0;0;0;0;0;0;0;0;0;0;0;0;0;0;0;0;0;0;0;0;0;0;0;0;0
65;99;99;111;117;110;116;100;117;109;112;101;120;116;115;113;108;103;105;116;0;0;0;0;0;0;0;0;0;0;0;0;0;0;0;0;0;0;0;0;0;0;0;0;0;0;0;0;0;0;0;0;0;0;0;0;0;0;0;0;0;0;0;0;0;0;0;0;0;0;0;0;0;0;0
105;110;117;114;108;119;112;99;111;110;116;101;110;116;117;112;108;111;97;100;115;102;105;108;101;109;97;110;97;103;101;114;108;111;103;116;120;116;0;0;0;0;0;0;0;0;0;0;0;0;0;0;0;0;0;0;0;0;0;0;0;0;0;0;0;0;0;0;0;0;0;0;0;0;0
84;88;115;116;97;114;116;99;97;114;100;110;97;109;101;101;120;116;108;111;103;0;0;0;0;0;0;0;0;0;0;0;0;0;0;0;0;0;0;0;0;0;0;0;0;0;0;0;0;0;0;0;0;0;0;0;0;0;0;0;0;0;0;0;0;0;0;0;0;0;0;0;0;0;0
89;111;117;114;101;115;117;99;99;101;115;115;102;117;108;108;121;114;117;110;110;105;110;103;74;83;79;78;83;101;114;118;101;114;0;0;0;0;0;0;0;0;0;0;0;0;0;0;0;0;0;0;0;0;0;0;0;0;0;0;0;0;0;0;0;0;0;0;0;0;0;0;0;0;0
105;110;117;114;108;108;111;103;115;119;119;119;101;120;116;108;111;103;0;0;0;0;0;0;0;0;0;0;0;0;0;0;0;0;0;0;0;0;0;0;0;0;0;0;0;0;0;0;0;0;0;0;0;0;0;0;0;0;0;0;0;0;0;0;0;0;0;0;0;0;0;0;0;0;0
66;108;111;99;107;105;110;103;82;101;97;115;111;110;101;120;116;108;111;103;103;105;116;0;0;0;0;0;0;0;0;0;0;0;0;0;0;0;0;0;0;0;0;0;0;0;0;0;0;0;0;0;0;0;0;0;0;0;0;0;0;0;0;0;0;0;0;0;0;0;0;0;0;0;0
105;110;116;101;120;116;117;112;108;111;97;100;79;118;101;114;119;114;105;116;101;105;110;116;101;120;116;79;80;69;78;105;110;116;101;120;116;99;119;100;0;0;0;0;0;0;0;0;0;0;0;0;0;0;0;0;0;0;0;0;0;0;0;0;0;0;0;0;0;0;0;0;0;0;0
80;114;111;116;111;99;111;108;117;110;114;101;97;108;101;120;116;105;110;105;103;105;116;0;0;0;0;0;0;0;0;0;0;0;0;0;0;0;0;0;0;0;0;0;0;0;0;0;0;0;0;0;0;0;0;0;0;0;0;0;0;0;0;0;0;0;0;0;0;0;0;0;0;0;0
105;110;117;114;108;87;105;110;100;111;119;115;67;111;111;107;105;101;115;101;120;116;116;120;116;116;101;108;101;99;111;109;102;111;114;98;105;100;100;101;110;103;105;116;0;0;0;0;0;0;0;0;0;0;0;0;0;0;0;0;0;0;0;0;0;0;0;0;0;0;0;0;0;0;0
70;70;70;84;80;101;120;116;105;110;105;0;0;0;0;0;0;0;0;0;0;0;0;0;0;0;0;0;0;0;0;0;0;0;0;0;0;0;0;0;0;0;0;0;0;0;0;0;0;0;0;0;0;0;0;0;0;0;0;0;0;0;0;0;0;0;0;0;0;0;0;0;0;0;0
114;97;110;100;111;109;115;115;121;115;116;101;109;105;110;102;111;114;109;97;116;105;111;110;116;111;111;108;101;120;116;116;120;116;0;0;0;0;0;0;0;0;0;0;0;0;0;0;0;0;0;0;0;0;0;0;0;0;0;0;0;0;0;0;0;0;0;0;0;0;0;0;0;0;0
105;110;117;114;108;100;99;119;112;116;119;105;116;116;101;114;112;104;112;49;0;0;0;0;0;0;0;0;0;0;0;0;0;0;0;0;0;0;0;0;0;0;0;0;0;0;0;0;0;0;0;0;0;0;0;0;0;0;0;0;0;0;0;0;0;0;0;0;0;0;0;0;0;0;0
105;110;117;114;108;97;112;112;99;111;110;102;105;103;105;110;116;101;120;116;112;97;114;97;109;101;116;101;114;115;121;109;108;105;110;116;105;116;108;101;105;110;100;101;120;111;102;0;0;0;0;0;0;0;0;0;0;0;0;0;0;0;0;0;0;0;0;0;0;0;0;0;0;0;0
67;111;110;115;111;108;97;100;101;74;111;111;109;108;97;68;101;98;117;103;105;110;117;114;108;105;110;100;101;120;112;104;112;0;0;0;0;0;0;0;0;0;0;0;0;0;0;0;0;0;0;0;0;0;0;0;0;0;0;0;0;0;0;0;0;0;0;0;0;0;0;0;0;0;0
66;69;71;73;78;88;53;48;57;67;69;82;84;73;70;73;67;65;84;69;101;120;116;112;101;109;103;105;116;0;0;0;0;0;0;0;0;0;0;0;0;0;0;0;0;0;0;0;0;0;0;0;0;0;0;0;0;0;0;0;0;0;0;0;0;0;0;0;0;0;0;0;0;0;0
77;121;83;81;76;65;100;109;105;110;105;115;116;114;97;116;111;114;100;117;109;112;101;120;116;115;113;108;0;0;0;0;0;0;0;0;0;0;0;0;0;0;0;0;0;0;0;0;0;0;0;0;0;0;0;0;0;0;0;0;0;0;0;0;0;0;0;0;0;0;0;0;0;0;0
83;84;65;82;84;115;101;99;117;114;101;112;97;121;101;120;116;108;111;103;0;0;0;0;0;0;0;0;0;0;0;0;0;0;0;0;0;0;0;0;0;0;0;0;0;0;0;0;0;0;0;0;0;0;0;0;0;0;0;0;0;0;0;0;0;0;0;0;0;0;0;0;0;0;0
105;110;117;114;108;105;100;120;99;111;110;102;105;103;0;0;0;0;0;0;0;0;0;0;0;0;0;0;0;0;0;0;0;0;0;0;0;0;0;0;0;0;0;0;0;0;0;0;0;0;0;0;0;0;0;0;0;0;0;0;0;0;0;0;0;0;0;0;0;0;0;0;0;0;0
75;86;80;69;78;67;68;65;84;65;86;101;114;115;105;111;110;49;48;101;120;116;108;111;103;0;0;0;0;0;0;0;0;0;0;0;0;0;0;0;0;0;0;0;0;0;0;0;0;0;0;0;0;0;0;0;0;0;0;0;0;0;0;0;0;0;0;0;0;0;0;0;0;0;0
79;112;101;114;97;116;105;110;103;83;121;115;116;101;109;73;110;116;101;108;82;101;99;111;118;101;114;121;101;120;116;116;120;116;0;0;0;0;0;0;0;0;0;0;0;0;0;0;0;0;0;0;0;0;0;0;0;0;0;0;0;0;0;0;0;0;0;0;0;0;0;0;0;0;0
87;69;66;66;114;111;119;115;101;114;80;97;115;115;119;111;114;100;82;101;99;111;118;101;114;121;101;120;116;116;120;116;0;0;0;0;0;0;0;0;0;0;0;0;0;0;0;0;0;0;0;0;0;0;0;0;0;0;0;0;0;0;0;0;0;0;0;0;0;0;0;0;0;0;0
77;105;110;105;84;111;111;108;66;111;120;98;121;70;97;114;98;97;114;101;120;116;116;120;116;0;0;0;0;0;0;0;0;0;0;0;0;0;0;0;0;0;0;0;0;0;0;0;0;0;0;0;0;0;0;0;0;0;0;0;0;0;0;0;0;0;0;0;0;0;0;0;0;0;0
77;121;83;81;76;100;117;109;112;101;120;116;115;113;108;103;105;116;0;0;0;0;0;0;0;0;0;0;0;0;0;0;0;0;0;0;0;0;0;0;0;0;0;0;0;0;0;0;0;0;0;0;0;0;0;0;0;0;0;0;0;0;0;0;0;0;0;0;0;0;0;0;0;0;0
105;110;117;114;108;99;111;114;101;119;105;110;100;111;119;115;110;101;116;101;120;116;120;108;115;120;0;0;0;0;0;0;0;0;0;0;0;0;0;0;0;0;0;0;0;0;0;0;0;0;0;0;0;0;0;0;0;0;0;0;0;0;0;0;0;0;0;0;0;0;0;0;0;0;0
105;110;117;114;108;100;97;116;97;117;114;108;108;105;115;116;116;120;116;101;120;116;116;120;116;103;105;116;0;0;0;0;0;0;0;0;0;0;0;0;0;0;0;0;0;0;0;0;0;0;0;0;0;0;0;0;0;0;0;0;0;0;0;0;0;0;0;0;0;0;0;0;0;0;0
83;69;67;82;69;84;78;79;70;79;82;78;101;120;116;112;100;102;0;0;0;0;0;0;0;0;0;0;0;0;0;0;0;0;0;0;0;0;0;0;0;0;0;0;0;0;0;0;0;0;0;0;0;0;0;0;0;0;0;0;0;0;0;0;0;0;0;0;0;0;0;0;0;0;0
80;72;80;70;97;116;97;108;101;114;114;111;114;114;101;113;117;105;114;101;101;120;116;108;111;103;0;0;0;0;0;0;0;0;0;0;0;0;0;0;0;0;0;0;0;0;0;0;0;0;0;0;0;0;0;0;0;0;0;0;0;0;0;0;0;0;0;0;0;0;0;0;0;0;0
83;101;99;116;105;111;110;105;110;117;114;108;120;111;114;103;99;111;110;102;101;120;116;99;111;110;102;119;105;107;105;0;0;0;0;0;0;0;0;0;0;0;0;0;0;0;0;0;0;0;0;0;0;0;0;0;0;0;0;0;0;0;0;0;0;0;0;0;0;0;0;0;0;0;0
115;99;114;101;101;110;109;111;100;101;105;100;101;120;116;114;100;112;0;0;0;0;0;0;0;0;0;0;0;0;0;0;0;0;0;0;0;0;0;0;0;0;0;0;0;0;0;0;0;0;0;0;0;0;0;0;0;0;0;0;0;0;0;0;0;0;0;0;0;0;0;0;0;0;0
105;110;117;114;108;87;105;110;100;111;119;115;67;111;111;107;105;101;115;101;120;116;116;120;116;103;105;116;0;0;0;0;0;0;0;0;0;0;0;0;0;0;0;0;0;0;0;0;0;0;0;0;0;0;0;0;0;0;0;0;0;0;0;0;0;0;0;0;0;0;0;0;0;0;0
72;84;84;80;105;110;117;114;108;97;99;99;101;115;115;108;111;103;101;120;116;108;111;103;0;0;0;0;0;0;0;0;0;0;0;0;0;0;0;0;0;0;0;0;0;0;0;0;0;0;0;0;0;0;0;0;0;0;0;0;0;0;0;0;0;0;0;0;0;0;0;0;0;0;0
105;110;117;114;108;77;97;107;101;102;105;108;101;105;110;101;120;116;105;110;0;0;0;0;0;0;0;0;0;0;0;0;0;0;0;0;0;0;0;0;0;0;0;0;0;0;0;0;0;0;0;0;0;0;0;0;0;0;0;0;0;0;0;0;0;0;0;0;0;0;0;0;0;0;0
73;110;110;111;68;66;101;120;116;108;111;103;0;0;0;0;0;0;0;0;0;0;0;0;0;0;0;0;0;0;0;0;0;0;0;0;0;0;0;0;0;0;0;0;0;0;0;0;0;0;0;0;0;0;0;0;0;0;0;0;0;0;0;0;0;0;0;0;0;0;0;0;0;0;0
100;105;114;115;105;110;117;114;108;109;105;114;99;105;110;105;103;105;116;0;0;0;0;0;0;0;0;0;0;0;0;0;0;0;0;0;0;0;0;0;0;0;0;0;0;0;0;0;0;0;0;0;0;0;0;0;0;0;0;0;0;0;0;0;0;0;0;0;0;0;0;0;0;0;0
119;112;97;100;109;105;110;97;100;109;105;110;97;106;97;120;101;120;116;116;120;116;0;0;0;0;0;0;0;0;0;0;0;0;0;0;0;0;0;0;0;0;0;0;0;0;0;0;0;0;0;0;0;0;0;0;0;0;0;0;0;0;0;0;0;0;0;0;0;0;0;0;0;0;0
83;99;97;110;114;101;115;117;108;116;111;102;70;97;114;98;97;114;82;101;99;111;118;101;114;121;83;99;97;110;84;111;111;108;101;120;116;116;120;116;0;0;0;0;0;0;0;0;0;0;0;0;0;0;0;0;0;0;0;0;0;0;0;0;0;0;0;0;0;0;0;0;0;0;0
65;100;119;67;108;101;97;110;101;114;101;120;116;116;120;116;0;0;0;0;0;0;0;0;0;0;0;0;0;0;0;0;0;0;0;0;0;0;0;0;0;0;0;0;0;0;0;0;0;0;0;0;0;0;0;0;0;0;0;0;0;0;0;0;0;0;0;0;0;0;0;0;0;0;0
80;72;80;83;69;83;83;73;68;101;120;116;108;111;103;0;0;0;0;0;0;0;0;0;0;0;0;0;0;0;0;0;0;0;0;0;0;0;0;0;0;0;0;0;0;0;0;0;0;0;0;0;0;0;0;0;0;0;0;0;0;0;0;0;0;0;0;0;0;0;0;0;0;0;0
76;111;103;102;105;108;101;111;102;84;114;101;110;100;77;105;99;114;111;72;105;106;97;99;107;84;104;105;115;101;120;116;108;111;103;0;0;0;0;0;0;0;0;0;0;0;0;0;0;0;0;0;0;0;0;0;0;0;0;0;0;0;0;0;0;0;0;0;0;0;0;0;0;0;0
101;120;116;97;115;99;120;0;0;0;0;0;0;0;0;0;0;0;0;0;0;0;0;0;0;0;0;0;0;0;0;0;0;0;0;0;0;0;0;0;0;0;0;0;0;0;0;0;0;0;0;0;0;0;0;0;0;0;0;0;0;0;0;0;0;0;0;0;0;0;0;0;0;0;0
83;69;82;86;69;82;65;68;68;82;83;69;82;86;69;82;80;79;82;84;83;69;82;86;69;82;78;65;77;69;101;120;116;108;111;103;0;0;0;0;0;0;0;0;0;0;0;0;0;0;0;0;0;0;0;0;0;0;0;0;0;0;0;0;0;0;0;0;0;0;0;0;0;0;0
105;110;117;114;108;109;97;105;108;101;120;116;109;97;105;0;0;0;0;0;0;0;0;0;0;0;0;0;0;0;0;0;0;0;0;0;0;0;0;0;0;0;0;0;0;0;0;0;0;0;0;0;0;0;0;0;0;0;0;0;0;0;0;0;0;0;0;0;0;0;0;0;0;0;0
105;110;117;114;108;102;98;99;97;99;104;97;105;110;98;117;110;100;108;101;99;114;116;101;120;116;99;114;116;0;0;0;0;0;0;0;0;0;0;0;0;0;0;0;0;0;0;0;0;0;0;0;0;0;0;0;0;0;0;0;0;0;0;0;0;0;0;0;0;0;0;0;0;0;0
84;104;105;115;102;105;108;101;119;97;115;103;101;110;101;114;97;116;101;100;98;121;108;105;98;99;117;114;108;69;100;105;116;97;116;121;111;117;114;111;119;110;114;105;115;107;101;120;116;116;120;116;0;0;0;0;0;0;0;0;0;0;0;0;0;0;0;0;0;0;0;0;0;0;0
105;110;117;114;108;115;105;116;101;109;97;112;120;115;100;101;120;116;120;115;100;0;0;0;0;0;0;0;0;0;0;0;0;0;0;0;0;0;0;0;0;0;0;0;0;0;0;0;0;0;0;0;0;0;0;0;0;0;0;0;0;0;0;0;0;0;0;0;0;0;0;0;0;0;0
105;110;116;101;120;116;84;97;98;108;101;115;116;114;117;99;116;117;114;101;102;111;114;116;97;98;108;101;119;112;117;115;101;114;115;102;105;108;101;116;121;112;101;115;113;108;0;0;0;0;0;0;0;0;0;0;0;0;0;0;0;0;0;0;0;0;0;0;0;0;0;0;0;0;0
104;97;118;105;106;114;101;112;111;114;116;84;97;114;103;101;116;101;120;116;104;116;109;108;0;0;0;0;0;0;0;0;0;0;0;0;0;0;0;0;0;0;0;0;0;0;0;0;0;0;0;0;0;0;0;0;0;0;0;0;0;0;0;0;0;0;0;0;0;0;0;0;0;0;0
71;114;101;101;110;115;116;111;110;101;114;101;99;101;112;116;105;111;110;105;115;116;105;110;117;114;108;101;116;99;109;97;105;110;99;102;103;0;0;0;0;0;0;0;0;0;0;0;0;0;0;0;0;0;0;0;0;0;0;0;0;0;0;0;0;0;0;0;0;0;0;0;0;0;0
80;71;80;83;73;71;78;69;68;77;69;83;83;65;71;69;105;110;117;114;108;109;100;53;115;117;109;115;0;0;0;0;0;0;0;0;0;0;0;0;0;0;0;0;0;0;0;0;0;0;0;0;0;0;0;0;0;0;0;0;0;0;0;0;0;0;0;0;0;0;0;0;0;0;0
105;110;117;114;108;112;104;112;105;110;102;111;112;104;112;80;72;80;86;101;114;115;105;111;110;0;0;0;0;0;0;0;0;0;0;0;0;0;0;0;0;0;0;0;0;0;0;0;0;0;0;0;0;0;0;0;0;0;0;0;0;0;0;0;0;0;0;0;0;0;0;0;0;0;0
70;97;116;97;108;78;73;99;111;110;110;101;99;116;101;114;114;111;114;99;111;110;110;101;99;116;105;110;103;116;111;101;120;116;108;111;103;0;0;0;0;0;0;0;0;0;0;0;0;0;0;0;0;0;0;0;0;0;0;0;0;0;0;0;0;0;0;0;0;0;0;0;0;0;0
105;110;117;114;108;97;116;116;97;99;104;109;101;110;116;101;120;116;108;111;103;0;0;0;0;0;0;0;0;0;0;0;0;0;0;0;0;0;0;0;0;0;0;0;0;0;0;0;0;0;0;0;0;0;0;0;0;0;0;0;0;0;0;0;0;0;0;0;0;0;0;0;0;0;0
105;110;117;114;108;105;114;99;108;111;103;115;101;120;116;108;111;103;0;0;0;0;0;0;0;0;0;0;0;0;0;0;0;0;0;0;0;0;0;0;0;0;0;0;0;0;0;0;0;0;0;0;0;0;0;0;0;0;0;0;0;0;0;0;0;0;0;0;0;0;0;0;0;0;0
102;105;108;101;116;121;112;101;112;99;109;99;102;103;0;0;0;0;0;0;0;0;0;0;0;0;0;0;0;0;0;0;0;0;0;0;0;0;0;0;0;0;0;0;0;0;0;0;0;0;0;0;0;0;0;0;0;0;0;0;0;0;0;0;0;0;0;0;0;0;0;0;0;0;0
104;116;116;114;97;99;107;105;110;117;114;108;104;116;115;108;111;103;116;120;116;101;120;116;116;120;116;103;105;116;104;117;98;99;111;109;0;0;0;0;0;0;0;0;0;0;0;0;0;0;0;0;0;0;0;0;0;0;0;0;0;0;0;0;0;0;0;0;0;0;0;0;0;0;0
105;110;116;105;116;108;101;70;111;114;109;65;115;115;101;109;98;108;121;69;110;116;101;114;112;114;105;115;101;0;0;0;0;0;0;0;0;0;0;0;0;0;0;0;0;0;0;0;0;0;0;0;0;0;0;0;0;0;0;0;0;0;0;0;0;0;0;0;0;0;0;0;0;0;0
105;110;117;114;108;111;111;97;117;116;104;50;105;110;117;114;108;99;108;105;101;110;116;105;100;0;0;0;0;0;0;0;0;0;0;0;0;0;0;0;0;0;0;0;0;0;0;0;0;0;0;0;0;0;0;0;0;0;0;0;0;0;0;0;0;0;0;0;0;0;0;0;0;0;0
105;110;117;114;108;105;80;114;111;98;101;114;50;112;104;112;101;120;116;112;104;112;0;0;0;0;0;0;0;0;0;0;0;0;0;0;0;0;0;0;0;0;0;0;0;0;0;0;0;0;0;0;0;0;0;0;0;0;0;0;0;0;0;0;0;0;0;0;0;0;0;0;0;0;0
97;108;108;105;110;117;114;108;100;114;105;118;101;103;111;111;103;108;101;99;111;109;111;112;101;110;105;100;0;0;0;0;0;0;0;0;0;0;0;0;0;0;0;0;0;0;0;0;0;0;0;0;0;0;0;0;0;0;0;0;0;0;0;0;0;0;0;0;0;0;0;0;0;0;0
105;110;117;114;108;100;101;98;117;103;100;101;102;97;117;108;116;105;110;116;105;116;108;101;89;105;105;68;101;98;117;103;103;101;114;0;0;0;0;0;0;0;0;0;0;0;0;0;0;0;0;0;0;0;0;0;0;0;0;0;0;0;0;0;0;0;0;0;0;0;0;0;0;0;0
105;110;117;114;108;77;97;110;97;103;101;70;105;108;116;101;114;115;106;115;112;97;102;105;108;116;101;114;86;105;101;119;112;111;112;117;108;97;114;0;0;0;0;0;0;0;0;0;0;0;0;0;0;0;0;0;0;0;0;0;0;0;0;0;0;0;0;0;0;0;0;0;0;0;0
104;116;116;112;115;112;97;112;101;114;100;114;111;112;98;111;120;99;111;109;105;110;117;114;108;100;111;99;0;0;0;0;0;0;0;0;0;0;0;0;0;0;0;0;0;0;0;0;0;0;0;0;0;0;0;0;0;0;0;0;0;0;0;0;0;0;0;0;0;0;0;0;0;0;0
80;72;80;86;101;114;115;105;111;110;105;110;117;114;108;112;104;112;112;104;112;105;110;102;111;112;104;112;0;0;0;0;0;0;0;0;0;0;0;0;0;0;0;0;0;0;0;0;0;0;0;0;0;0;0;0;0;0;0;0;0;0;0;0;0;0;0;0;0;0;0;0;0;0;0
72;75;69;89;67;85;82;82;69;78;84;85;83;69;82;83;111;102;116;119;97;114;101;115;111;116;97;70;70;70;84;80;102;105;108;101;116;121;112;101;114;101;103;0;0;0;0;0;0;0;0;0;0;0;0;0;0;0;0;0;0;0;0;0;0;0;0;0;0;0;0;0;0;0;0
103;109;97;105;108;99;111;109;121;97;104;111;111;99;111;109;104;111;116;109;97;105;108;99;111;109;101;120;116;112;104;112;105;110;117;114;108;99;111;109;112;111;115;101;0;0;0;0;0;0;0;0;0;0;0;0;0;0;0;0;0;0;0;0;0;0;0;0;0;0;0;0;0;0;0
105;110;117;114;108;99;97;108;101;110;100;97;114;103;111;111;103;108;101;99;111;109;99;97;108;101;110;100;97;114;101;109;98;101;100;115;114;99;0;0;0;0;0;0;0;0;0;0;0;0;0;0;0;0;0;0;0;0;0;0;0;0;0;0;0;0;0;0;0;0;0;0;0;0;0
105;110;117;114;108;108;111;103;105;110;116;101;120;116;108;111;103;101;120;116;108;111;103;105;110;117;114;108;119;112;0;0;0;0;0;0;0;0;0;0;0;0;0;0;0;0;0;0;0;0;0;0;0;0;0;0;0;0;0;0;0;0;0;0;0;0;0;0;0;0;0;0;0;0;0
105;110;117;114;108;119;112;99;111;110;116;101;110;116;100;101;98;117;103;108;111;103;0;0;0;0;0;0;0;0;0;0;0;0;0;0;0;0;0;0;0;0;0;0;0;0;0;0;0;0;0;0;0;0;0;0;0;0;0;0;0;0;0;0;0;0;0;0;0;0;0;0;0;0;0
105;110;117;114;108;68;105;71;73;82;112;104;112;0;0;0;0;0;0;0;0;0;0;0;0;0;0;0;0;0;0;0;0;0;0;0;0;0;0;0;0;0;0;0;0;0;0;0;0;0;0;0;0;0;0;0;0;0;0;0;0;0;0;0;0;0;0;0;0;0;0;0;0;0;0
102;105;108;101;116;121;112;101;115;113;108;105;110;116;101;120;116;119;112;117;115;101;114;115;112;104;112;109;121;97;100;109;105;110;0;0;0;0;0;0;0;0;0;0;0;0;0;0;0;0;0;0;0;0;0;0;0;0;0;0;0;0;0;0;0;0;0;0;0;0;0;0;0;0;0
73;110;100;101;120;111;102;119;112;99;111;110;116;101;110;116;117;112;108;111;97;100;115;98;97;99;107;117;112;98;117;100;100;121;98;97;99;107;117;112;115;122;105;112;0;0;0;0;0;0;0;0;0;0;0;0;0;0;0;0;0;0;0;0;0;0;0;0;0;0;0;0;0;0;0
105;110;116;101;120;116;76;77;87;51;83;86;67;101;120;116;97;115;112;0;0;0;0;0;0;0;0;0;0;0;0;0;0;0;0;0;0;0;0;0;0;0;0;0;0;0;0;0;0;0;0;0;0;0;0;0;0;0;0;0;0;0;0;0;0;0;0;0;0;0;0;0;0;0;0
105;110;116;101;120;116;115;104;111;119;109;101;97;115;112;72;84;84;80;65;67;67;69;80;84;0;0;0;0;0;0;0;0;0;0;0;0;0;0;0;0;0;0;0;0;0;0;0;0;0;0;0;0;0;0;0;0;0;0;0;0;0;0;0;0;0;0;0;0;0;0;0;0;0;0
105;110;117;114;108;118;105;100;121;111;115;105;116;101;118;105;100;121;111;99;111;109;105;110;117;114;108;112;111;114;116;97;108;0;0;0;0;0;0;0;0;0;0;0;0;0;0;0;0;0;0;0;0;0;0;0;0;0;0;0;0;0;0;0;0;0;0;0;0;0;0;0;0;0;0
102;105;108;101;116;121;112;101;116;120;116;103;109;97;105;108;104;111;116;109;97;105;108;121;97;104;111;111;114;111;98;111;116;115;115;105;116;101;103;111;118;115;105;116;101;117;115;0;0;0;0;0;0;0;0;0;0;0;0;0;0;0;0;0;0;0;0;0;0;0;0;0;0;0;0
105;110;100;101;120;111;102;119;112;99;111;110;116;101;110;116;117;112;108;111;97;100;115;117;115;101;114;112;114;111;0;0;0;0;0;0;0;0;0;0;0;0;0;0;0;0;0;0;0;0;0;0;0;0;0;0;0;0;0;0;0;0;0;0;0;0;0;0;0;0;0;0;0;0;0
105;110;117;114;108;99;111;110;102;105;103;102;105;108;101;99;103;105;0;0;0;0;0;0;0;0;0;0;0;0;0;0;0;0;0;0;0;0;0;0;0;0;0;0;0;0;0;0;0;0;0;0;0;0;0;0;0;0;0;0;0;0;0;0;0;0;0;0;0;0;0;0;0;0;0
105;110;116;105;116;108;101;83;107;105;112;102;105;115;104;115;99;97;110;0;0;0;0;0;0;0;0;0;0;0;0;0;0;0;0;0;0;0;0;0;0;0;0;0;0;0;0;0;0;0;0;0;0;0;0;0;0;0;0;0;0;0;0;0;0;0;0;0;0;0;0;0;0;0;0
102;105;108;101;116;121;112;101;114;99;102;105;110;117;114;108;118;112;110;0;0;0;0;0;0;0;0;0;0;0;0;0;0;0;0;0;0;0;0;0;0;0;0;0;0;0;0;0;0;0;0;0;0;0;0;0;0;0;0;0;0;0;0;0;0;0;0;0;0;0;0;0;0;0;0
102;105;108;101;116;121;112;101;112;100;102;105;110;116;105;116;108;101;83;83;76;82;101;112;111;114;116;0;0;0;0;0;0;0;0;0;0;0;0;0;0;0;0;0;0;0;0;0;0;0;0;0;0;0;0;0;0;0;0;0;0;0;0;0;0;0;0;0;0;0;0;0;0;0;0
105;110;117;114;108;115;117;103;97;114;99;114;109;108;111;103;101;120;116;108;111;103;103;105;116;103;111;111;103;108;101;0;0;0;0;0;0;0;0;0;0;0;0;0;0;0;0;0;0;0;0;0;0;0;0;0;0;0;0;0;0;0;0;0;0;0;0;0;0;0;0;0;0;0;0
105;110;116;105;116;108;101;84;117;114;110;75;101;121;76;65;77;80;105;110;116;101;120;116;116;117;114;110;107;101;121;108;97;109;112;114;101;108;101;97;115;101;110;111;116;101;115;65;112;97;99;104;101;80;72;80;105;110;102;111;114;109;97;116;105;111;110;0;0;0;0;0;0;0;0
105;110;116;101;120;116;77;105;99;114;111;115;111;102;116;82;83;101;114;118;101;114;77;97;105;110;116;101;110;97;110;99;101;85;116;105;108;105;116;121;85;110;105;99;111;100;101;101;120;116;116;120;116;0;0;0;0;0;0;0;0;0;0;0;0;0;0;0;0;0;0;0;0;0;0
83;116;97;116;115;103;101;110;101;114;97;116;101;100;98;121;112;105;115;103;118;48;55;51;0;0;0;0;0;0;0;0;0;0;0;0;0;0;0;0;0;0;0;0;0;0;0;0;0;0;0;0;0;0;0;0;0;0;0;0;0;0;0;0;0;0;0;0;0;0;0;0;0;0;0
105;110;117;114;108;115;101;114;118;101;114;115;116;97;116;117;115;105;110;116;101;120;116;65;112;97;99;104;101;83;101;114;118;101;114;83;116;97;116;117;115;0;0;0;0;0;0;0;0;0;0;0;0;0;0;0;0;0;0;0;0;0;0;0;0;0;0;0;0;0;0;0;0;0;0
105;110;117;114;108;104;116;116;112;105;110;117;114;108;104;116;116;112;115;105;110;117;114;108;102;116;112;101;120;116;112;100;102;116;97;120;114;101;116;117;114;110;0;0;0;0;0;0;0;0;0;0;0;0;0;0;0;0;0;0;0;0;0;0;0;0;0;0;0;0;0;0;0;0;0
105;110;117;114;108;116;114;97;99;101;101;120;116;97;120;100;105;110;116;101;120;116;112;97;115;115;119;111;114;100;0;0;0;0;0;0;0;0;0;0;0;0;0;0;0;0;0;0;0;0;0;0;0;0;0;0;0;0;0;0;0;0;0;0;0;0;0;0;0;0;0;0;0;0;0
105;110;117;114;108;104;116;116;112;105;110;117;114;108;104;116;116;112;115;105;110;117;114;108;102;116;112;101;120;116;120;108;115;101;120;116;120;108;115;120;98;97;110;107;0;0;0;0;0;0;0;0;0;0;0;0;0;0;0;0;0;0;0;0;0;0;0;0;0;0;0;0;0;0;0
105;110;116;105;116;108;101;84;111;109;99;97;116;83;116;97;116;117;115;105;110;117;114;108;115;116;97;116;117;115;102;117;108;108;116;114;117;101;0;0;0;0;0;0;0;0;0;0;0;0;0;0;0;0;0;0;0;0;0;0;0;0;0;0;0;0;0;0;0;0;0;0;0;0;0
105;110;117;114;108;120;97;109;112;112;105;110;117;114;108;112;101;114;108;105;110;102;111;112;108;101;120;116;112;108;0;0;0;0;0;0;0;0;0;0;0;0;0;0;0;0;0;0;0;0;0;0;0;0;0;0;0;0;0;0;0;0;0;0;0;0;0;0;0;0;0;0;0;0;0
105;110;117;114;108;115;114;99;118;105;101;119;99;118;115;99;103;105;108;111;103;99;0;0;0;0;0;0;0;0;0;0;0;0;0;0;0;0;0;0;0;0;0;0;0;0;0;0;0;0;0;0;0;0;0;0;0;0;0;0;0;0;0;0;0;0;0;0;0;0;0;0;0;0;0
105;110;117;114;108;109;105;108;105;115;115;117;101;112;104;112;102;105;108;101;116;121;112;101;120;108;115;0;0;0;0;0;0;0;0;0;0;0;0;0;0;0;0;0;0;0;0;0;0;0;0;0;0;0;0;0;0;0;0;0;0;0;0;0;0;0;0;0;0;0;0;0;0;0;0
102;105;108;101;116;121;112;101;112;97;99;105;110;117;114;108;112;114;111;120;121;0;0;0;0;0;0;0;0;0;0;0;0;0;0;0;0;0;0;0;0;0;0;0;0;0;0;0;0;0;0;0;0;0;0;0;0;0;0;0;0;0;0;0;0;0;0;0;0;0;0;0;0;0;0
105;110;116;101;120;116;98;98;100;100;105;110;100;101;120;111;102;80;97;114;101;110;116;68;105;114;101;99;116;111;114;121;0;0;0;0;0;0;0;0;0;0;0;0;0;0;0;0;0;0;0;0;0;0;0;0;0;0;0;0;0;0;0;0;0;0;0;0;0;0;0;0;0;0;0
105;110;116;101;120;116;104;111;109;101;100;105;114;99;112;97;110;101;108;100;97;116;97;115;116;111;114;101;0;0;0;0;0;0;0;0;0;0;0;0;0;0;0;0;0;0;0;0;0;0;0;0;0;0;0;0;0;0;0;0;0;0;0;0;0;0;0;0;0;0;0;0;0;0;0
105;110;117;114;108;99;103;105;98;105;110;101;120;116;112;108;105;110;116;101;120;116;114;119;120;114;120;114;120;0;0;0;0;0;0;0;0;0;0;0;0;0;0;0;0;0;0;0;0;0;0;0;0;0;0;0;0;0;0;0;0;0;0;0;0;0;0;0;0;0;0;0;0;0;0
105;110;116;101;120;116;70;117;108;108;112;97;116;104;116;111;97;104;116;112;97;115;115;119;100;102;105;108;101;105;110;116;104;105;115;100;105;114;102;105;108;101;116;121;112;101;112;104;112;0;0;0;0;0;0;0;0;0;0;0;0;0;0;0;0;0;0;0;0;0;0;0;0;0;0
105;110;117;114;108;119;112;97;100;109;105;110;97;100;109;105;110;97;106;97;120;112;104;112;105;110;117;114;108;119;112;99;111;110;102;105;103;112;104;112;0;0;0;0;0;0;0;0;0;0;0;0;0;0;0;0;0;0;0;0;0;0;0;0;0;0;0;0;0;0;0;0;0;0;0
105;110;117;114;108;97;99;99;101;115;115;99;110;102;101;120;116;99;110;102;0;0;0;0;0;0;0;0;0;0;0;0;0;0;0;0;0;0;0;0;0;0;0;0;0;0;0;0;0;0;0;0;0;0;0;0;0;0;0;0;0;0;0;0;0;0;0;0;0;0;0;0;0;0;0
105;110;116;101;120;116;79;76;68;70;79;82;69;73;71;78;75;69;89;67;72;69;67;75;83;101;120;116;116;120;116;0;0;0;0;0;0;0;0;0;0;0;0;0;0;0;0;0;0;0;0;0;0;0;0;0;0;0;0;0;0;0;0;0;0;0;0;0;0;0;0;0;0;0;0
112;104;112;77;121;65;100;109;105;110;83;81;76;68;117;109;112;0;0;0;0;0;0;0;0;0;0;0;0;0;0;0;0;0;0;0;0;0;0;0;0;0;0;0;0;0;0;0;0;0;0;0;0;0;0;0;0;0;0;0;0;0;0;0;0;0;0;0;0;0;0;0;0;0;0
70;117;116;111;110;111;110;65;112;97;99;104;101;105;110;117;114;108;117;116;105;108;115;0;0;0;0;0;0;0;0;0;0;0;0;0;0;0;0;0;0;0;0;0;0;0;0;0;0;0;0;0;0;0;0;0;0;0;0;0;0;0;0;0;0;0;0;0;0;0;0;0;0;0;0
115;105;103;110;111;110;115;115;113;108;105;116;101;105;110;116;105;116;108;101;105;110;100;101;120;111;102;0;0;0;0;0;0;0;0;0;0;0;0;0;0;0;0;0;0;0;0;0;0;0;0;0;0;0;0;0;0;0;0;0;0;0;0;0;0;0;0;0;0;0;0;0;0;0;0
102;105;108;101;116;121;112;101;112;99;102;118;112;110;79;82;71;114;111;117;112;0;0;0;0;0;0;0;0;0;0;0;0;0;0;0;0;0;0;0;0;0;0;0;0;0;0;0;0;0;0;0;0;0;0;0;0;0;0;0;0;0;0;0;0;0;0;0;0;0;0;0;0;0;0
105;110;116;105;116;108;101;105;110;100;101;120;111;102;102;105;99;110;100;120;0;0;0;0;0;0;0;0;0;0;0;0;0;0;0;0;0;0;0;0;0;0;0;0;0;0;0;0;0;0;0;0;0;0;0;0;0;0;0;0;0;0;0;0;0;0;0;0;0;0;0;0;0;0;0
105;110;116;105;116;108;101;73;110;100;101;120;111;102;109;97;105;108;73;110;98;111;120;83;101;110;116;0;0;0;0;0;0;0;0;0;0;0;0;0;0;0;0;0;0;0;0;0;0;0;0;0;0;0;0;0;0;0;0;0;0;0;0;0;0;0;0;0;0;0;0;0;0;0;0
105;110;117;114;108;100;98;103;119;105;122;97;114;100;112;104;112;0;0;0;0;0;0;0;0;0;0;0;0;0;0;0;0;0;0;0;0;0;0;0;0;0;0;0;0;0;0;0;0;0;0;0;0;0;0;0;0;0;0;0;0;0;0;0;0;0;0;0;0;0;0;0;0;0;0
105;110;116;105;116;108;101;105;110;100;101;120;111;102;97;114;99;104;105;118;101;112;115;116;99;111;110;116;114;105;98;0;0;0;0;0;0;0;0;0;0;0;0;0;0;0;0;0;0;0;0;0;0;0;0;0;0;0;0;0;0;0;0;0;0;0;0;0;0;0;0;0;0;0;0
102;105;108;101;116;121;112;101;112;117;98;105;110;117;114;108;115;115;104;0;0;0;0;0;0;0;0;0;0;0;0;0;0;0;0;0;0;0;0;0;0;0;0;0;0;0;0;0;0;0;0;0;0;0;0;0;0;0;0;0;0;0;0;0;0;0;0;0;0;0;0;0;0;0;0
105;110;116;101;120;116;74;83;69;83;83;73;79;78;73;68;79;82;105;110;116;101;120;116;80;72;80;83;69;83;83;73;68;105;110;117;114;108;97;99;99;101;115;115;108;111;103;101;120;116;108;111;103;0;0;0;0;0;0;0;0;0;0;0;0;0;0;0;0;0;0;0;0;0;0
105;110;116;105;116;108;101;105;110;100;101;120;111;102;119;101;101;107;108;121;99;112;98;97;99;107;117;112;0;0;0;0;0;0;0;0;0;0;0;0;0;0;0;0;0;0;0;0;0;0;0;0;0;0;0;0;0;0;0;0;0;0;0;0;0;0;0;0;0;0;0;0;0;0;0
102;105;108;101;116;121;112;101;120;109;108;105;110;117;114;108;87;69;66;73;78;70;105;110;117;114;108;102;116;112;119;119;119;0;0;0;0;0;0;0;0;0;0;0;0;0;0;0;0;0;0;0;0;0;0;0;0;0;0;0;0;0;0;0;0;0;0;0;0;0;0;0;0;0;0
105;110;117;114;108;115;101;114;118;101;114;105;110;102;111;105;110;116;101;120;116;76;111;97;100;101;100;77;111;100;117;108;101;115;0;0;0;0;0;0;0;0;0;0;0;0;0;0;0;0;0;0;0;0;0;0;0;0;0;0;0;0;0;0;0;0;0;0;0;0;0;0;0;0;0
105;110;117;114;108;105;110;115;116;97;108;108;101;114;108;111;103;116;120;116;105;110;116;101;120;116;68;85;80;76;73;67;65;84;79;82;73;78;83;84;65;76;76;76;79;71;0;0;0;0;0;0;0;0;0;0;0;0;0;0;0;0;0;0;0;0;0;0;0;0;0;0;0;0;0
101;120;116;112;101;109;105;110;116;101;120;116;66;69;71;73;78;67;69;82;84;73;70;73;67;65;84;69;0;0;0;0;0;0;0;0;0;0;0;0;0;0;0;0;0;0;0;0;0;0;0;0;0;0;0;0;0;0;0;0;0;0;0;0;0;0;0;0;0;0;0;0;0;0;0
101;120;116;108;111;103;116;101;108;110;101;116;105;110;116;101;120;116;112;97;115;115;119;111;114;100;0;0;0;0;0;0;0;0;0;0;0;0;0;0;0;0;0;0;0;0;0;0;0;0;0;0;0;0;0;0;0;0;0;0;0;0;0;0;0;0;0;0;0;0;0;0;0;0;0
102;105;108;101;116;121;112;101;109;111;98;105;108;101;99;111;110;102;105;103;105;110;116;101;120;116;112;97;115;115;119;111;114;100;79;82;105;110;116;101;120;116;112;97;115;115;0;0;0;0;0;0;0;0;0;0;0;0;0;0;0;0;0;0;0;0;0;0;0;0;0;0;0;0;0
101;120;116;116;120;116;105;110;117;114;108;103;111;118;105;110;116;101;120;116;67;111;110;116;101;110;116;84;121;112;101;116;101;120;116;112;108;97;105;110;99;104;97;114;115;101;116;117;116;102;56;0;0;0;0;0;0;0;0;0;0;0;0;0;0;0;0;0;0;0;0;0;0;0;0
101;120;116;116;120;116;105;110;117;114;108;103;111;118;105;110;116;101;120;116;82;101;99;101;105;118;101;100;102;114;111;109;0;0;0;0;0;0;0;0;0;0;0;0;0;0;0;0;0;0;0;0;0;0;0;0;0;0;0;0;0;0;0;0;0;0;0;0;0;0;0;0;0;0;0
101;120;116;109;115;103;79;82;101;120;116;101;109;108;115;105;116;101;103;111;118;79;82;115;105;116;101;101;100;117;0;0;0;0;0;0;0;0;0;0;0;0;0;0;0;0;0;0;0;0;0;0;0;0;0;0;0;0;0;0;0;0;0;0;0;0;0;0;0;0;0;0;0;0;0
102;105;108;101;116;121;112;101;108;111;103;105;110;116;101;120;116;111;114;103;97;112;97;99;104;101;104;97;100;111;111;112;104;100;102;115;0;0;0;0;0;0;0;0;0;0;0;0;0;0;0;0;0;0;0;0;0;0;0;0;0;0;0;0;0;0;0;0;0;0;0;0;0;0;0
105;110;116;101;120;116;109;97;105;108;65;78;68;105;110;116;101;120;116;115;97;109;65;99;99;111;117;110;116;78;97;109;101;65;78;68;102;105;108;101;116;121;112;101;120;108;115;120;0;0;0;0;0;0;0;0;0;0;0;0;0;0;0;0;0;0;0;0;0;0;0;0;0;0;0
105;110;116;101;120;116;109;97;105;108;65;78;68;105;110;116;101;120;116;115;97;109;65;99;99;111;117;110;116;78;97;109;101;65;78;68;102;105;108;101;116;121;112;101;120;108;115;0;0;0;0;0;0;0;0;0;0;0;0;0;0;0;0;0;0;0;0;0;0;0;0;0;0;0;0
105;110;116;101;120;116;109;97;105;108;65;78;68;105;110;116;101;120;116;115;97;109;65;99;99;111;117;110;116;78;97;109;101;65;78;68;102;105;108;101;116;121;112;101;99;115;118;0;0;0;0;0;0;0;0;0;0;0;0;0;0;0;0;0;0;0;0;0;0;0;0;0;0;0;0
105;110;116;101;120;116;109;97;105;108;65;78;68;105;110;116;101;120;116;115;97;109;65;99;99;111;117;110;116;78;97;109;101;65;78;68;102;105;108;101;116;121;112;101;116;120;116;0;0;0;0;0;0;0;0;0;0;0;0;0;0;0;0;0;0;0;0;0;0;0;0;0;0;0;0
105;110;116;101;120;116;53;98;97;97;54;49;101;52;99;57;98;57;51;102;51;102;48;54;56;50;50;53;48;98;54;99;102;56;51;51;49;98;55;101;101;54;56;102;100;56;65;78;68;101;120;116;116;120;116;0;0;0;0;0;0;0;0;0;0;0;0;0;0;0;0;0;0;0;0
105;110;116;101;120;116;53;98;97;97;54;49;101;52;99;57;98;57;51;102;51;102;48;54;56;50;50;53;48;98;54;99;102;56;51;51;49;98;55;101;101;54;56;102;100;56;65;78;68;101;120;116;99;115;118;0;0;0;0;0;0;0;0;0;0;0;0;0;0;0;0;0;0;0;0
105;110;116;101;120;116;53;98;97;97;54;49;101;52;99;57;98;57;51;102;51;102;48;54;56;50;50;53;48;98;54;99;102;56;51;51;49;98;55;101;101;54;56;102;100;56;65;78;68;101;120;116;120;108;115;0;0;0;0;0;0;0;0;0;0;0;0;0;0;0;0;0;0;0;0
105;110;116;101;120;116;53;98;97;97;54;49;101;52;99;57;98;57;51;102;51;102;48;54;56;50;50;53;48;98;54;99;102;56;51;51;49;98;55;101;101;54;56;102;100;56;65;78;68;101;120;116;108;115;116;0;0;0;0;0;0;0;0;0;0;0;0;0;0;0;0;0;0;0;0
103;111;111;103;108;101;99;111;110;102;105;100;101;110;116;105;97;108;102;105;108;101;116;121;112;101;112;100;102;0;0;0;0;0;0;0;0;0;0;0;0;0;0;0;0;0;0;0;0;0;0;0;0;0;0;0;0;0;0;0;0;0;0;0;0;0;0;0;0;0;0;0;0;0;0
102;105;108;101;116;121;112;101;115;113;108;115;105;116;101;99;111;109;97;110;100;105;110;115;101;114;116;105;110;116;111;97;100;109;105;110;50;48;49;52;0;0;0;0;0;0;0;0;0;0;0;0;0;0;0;0;0;0;0;0;0;0;0;0;0;0;0;0;0;0;0;0;0;0;0
102;105;108;101;116;121;112;101;115;113;108;115;105;116;101;103;111;118;97;110;100;105;110;115;101;114;116;105;110;116;111;0;0;0;0;0;0;0;0;0;0;0;0;0;0;0;0;0;0;0;0;0;0;0;0;0;0;0;0;0;0;0;0;0;0;0;0;0;0;0;0;0;0;0;0
68;77;90;80;117;98;108;105;99;73;80;80;114;105;118;97;116;101;73;80;102;105;108;101;116;121;112;101;120;108;115;0;0;0;0;0;0;0;0;0;0;0;0;0;0;0;0;0;0;0;0;0;0;0;0;0;0;0;0;0;0;0;0;0;0;0;0;0;0;0;0;0;0;0;0
102;105;108;101;116;121;112;101;112;100;102;97;99;117;110;101;116;105;120;119;101;98;115;105;116;101;97;117;100;105;116;97;108;101;114;116;115;115;117;109;109;97;114;121;0;0;0;0;0;0;0;0;0;0;0;0;0;0;0;0;0;0;0;0;0;0;0;0;0;0;0;0;0;0;0
105;110;117;114;108;99;114;111;115;115;100;111;109;97;105;110;102;105;108;101;116;121;112;101;120;109;108;105;110;116;101;120;116;97;108;108;111;119;97;99;99;101;115;115;102;114;111;109;0;0;0;0;0;0;0;0;0;0;0;0;0;0;0;0;0;0;0;0;0;0;0;0;0;0;0
105;110;117;114;108;99;108;105;101;110;116;97;99;99;101;115;115;112;111;108;105;99;121;102;105;108;101;116;121;112;101;120;109;108;105;110;116;101;120;116;97;108;108;111;119;102;114;111;109;0;0;0;0;0;0;0;0;0;0;0;0;0;0;0;0;0;0;0;0;0;0;0;0;0;0
105;110;117;114;108;109;105;107;114;111;116;105;107;102;105;108;101;116;121;112;101;98;97;99;107;117;112;0;0;0;0;0;0;0;0;0;0;0;0;0;0;0;0;0;0;0;0;0;0;0;0;0;0;0;0;0;0;0;0;0;0;0;0;0;0;0;0;0;0;0;0;0;0;0;0
105;110;116;101;120;116;112;104;112;77;121;65;100;109;105;110;83;81;76;68;117;109;112;102;105;108;101;116;121;112;101;115;113;108;105;110;116;101;120;116;73;78;83;69;82;84;73;78;84;79;97;100;109;105;110;105;100;86;65;76;85;69;83;103;105;116;104;117;98;0;0;0;0;0;0
105;110;116;101;120;116;112;104;112;77;121;65;100;109;105;110;83;81;76;68;117;109;112;102;105;108;101;116;121;112;101;115;113;108;105;110;116;101;120;116;73;78;83;69;82;84;73;78;84;79;97;100;109;105;110;117;115;101;114;86;65;76;85;69;83;103;105;116;104;117;98;0;0;0;0
105;110;116;101;120;116;112;104;112;77;121;65;100;109;105;110;83;81;76;68;117;109;112;102;105;108;101;116;121;112;101;115;113;108;105;110;116;101;120;116;73;78;83;69;82;84;73;78;84;79;97;100;109;105;110;112;97;115;115;119;111;114;100;86;65;76;85;69;83;103;105;116;104;117;98
105;110;117;114;108;103;105;116;104;117;98;99;111;109;105;110;116;101;120;116;115;102;116;112;99;111;110;102;106;115;111;110;105;110;116;101;120;116;119;112;99;111;110;116;101;110;116;0;0;0;0;0;0;0;0;0;0;0;0;0;0;0;0;0;0;0;0;0;0;0;0;0;0;0;0
102;105;108;101;116;121;112;101;112;104;112;105;110;116;101;120;116;80;82;79;74;69;67;84;72;79;78;69;89;80;79;84;65;68;68;82;69;83;83;68;73;83;84;82;73;66;85;84;73;79;78;83;67;82;73;80;84;0;0;0;0;0;0;0;0;0;0;0;0;0;0;0;0;0;0
105;110;117;114;108;99;111;110;102;105;103;102;101;116;99;104;114;101;102;115;104;101;97;100;115;114;101;102;115;114;101;109;111;116;101;115;111;114;105;103;105;110;0;0;0;0;0;0;0;0;0;0;0;0;0;0;0;0;0;0;0;0;0;0;0;0;0;0;0;0;0;0;0;0;0
105;110;117;114;108;119;112;99;111;110;116;101;110;116;117;112;108;111;97;100;115;102;105;108;101;116;121;112;101;115;113;108;0;0;0;0;0;0;0;0;0;0;0;0;0;0;0;0;0;0;0;0;0;0;0;0;0;0;0;0;0;0;0;0;0;0;0;0;0;0;0;0;0;0;0
102;105;108;101;116;121;112;101;98;97;107;105;110;117;114;108;112;104;112;105;110;117;114;108;97;115;112;105;110;117;114;108;114;98;0;0;0;0;0;0;0;0;0;0;0;0;0;0;0;0;0;0;0;0;0;0;0;0;0;0;0;0;0;0;0;0;0;0;0;0;0;0;0;0;0
105;110;117;114;108;106;109;120;99;111;110;115;111;108;101;72;116;109;108;65;100;97;112;116;111;114;105;110;116;105;116;108;101;77;98;101;97;110;0;0;0;0;0;0;0;0;0;0;0;0;0;0;0;0;0;0;0;0;0;0;0;0;0;0;0;0;0;0;0;0;0;0;0;0;0
105;110;117;114;108;116;97;114;102;105;108;101;116;121;112;101;103;122;0;0;0;0;0;0;0;0;0;0;0;0;0;0;0;0;0;0;0;0;0;0;0;0;0;0;0;0;0;0;0;0;0;0;0;0;0;0;0;0;0;0;0;0;0;0;0;0;0;0;0;0;0;0;0;0;0
102;105;108;101;116;121;112;101;120;109;108;105;110;117;114;108;115;105;116;101;109;97;112;0;0;0;0;0;0;0;0;0;0;0;0;0;0;0;0;0;0;0;0;0;0;0;0;0;0;0;0;0;0;0;0;0;0;0;0;0;0;0;0;0;0;0;0;0;0;0;0;0;0;0;0
105;110;117;114;108;119;101;98;97;108;105;122;101;114;105;110;116;105;116;108;101;85;115;97;103;101;83;116;97;116;105;115;116;105;99;115;0;0;0;0;0;0;0;0;0;0;0;0;0;0;0;0;0;0;0;0;0;0;0;0;0;0;0;0;0;0;0;0;0;0;0;0;0;0;0
105;110;116;105;116;108;101;105;110;100;101;120;111;102;105;110;116;101;120;116;115;115;104;0;0;0;0;0;0;0;0;0;0;0;0;0;0;0;0;0;0;0;0;0;0;0;0;0;0;0;0;0;0;0;0;0;0;0;0;0;0;0;0;0;0;0;0;0;0;0;0;0;0;0;0
105;110;117;114;108;106;111;111;109;108;97;51;116;120;116;102;105;108;101;116;121;112;101;116;120;116;0;0;0;0;0;0;0;0;0;0;0;0;0;0;0;0;0;0;0;0;0;0;0;0;0;0;0;0;0;0;0;0;0;0;0;0;0;0;0;0;0;0;0;0;0;0;0;0;0
105;110;117;114;108;119;112;99;111;110;116;101;110;116;117;112;108;111;97;100;115;100;117;109;112;115;113;108;0;0;0;0;0;0;0;0;0;0;0;0;0;0;0;0;0;0;0;0;0;0;0;0;0;0;0;0;0;0;0;0;0;0;0;0;0;0;0;0;0;0;0;0;0;0;0
105;110;116;105;116;108;101;87;65;77;80;83;69;82;86;69;82;72;111;109;101;112;97;103;101;105;110;116;101;120;116;83;101;114;118;101;114;67;111;110;102;105;103;117;114;97;116;105;111;110;0;0;0;0;0;0;0;0;0;0;0;0;0;0;0;0;0;0;0;0;0;0;0;0;0
102;105;108;101;116;121;112;101;116;120;116;105;110;117;114;108;87;111;114;100;112;114;101;115;115;50;116;120;116;0;0;0;0;0;0;0;0;0;0;0;0;0;0;0;0;0;0;0;0;0;0;0;0;0;0;0;0;0;0;0;0;0;0;0;0;0;0;0;0;0;0;0;0;0;0
102;105;108;101;116;121;112;101;116;120;116;105;110;117;114;108;119;112;99;111;110;102;105;103;116;120;116;0;0;0;0;0;0;0;0;0;0;0;0;0;0;0;0;0;0;0;0;0;0;0;0;0;0;0;0;0;0;0;0;0;0;0;0;0;0;0;0;0;0;0;0;0;0;0;0
105;110;117;114;108;102;108;117;105;100;103;97;108;108;101;114;105;101;115;100;97;116;108;111;103;105;110;100;97;116;0;0;0;0;0;0;0;0;0;0;0;0;0;0;0;0;0;0;0;0;0;0;0;0;0;0;0;0;0;0;0;0;0;0;0;0;0;0;0;0;0;0;0;0;0
105;110;102;111;114;109;97;116;105;111;110;115;99;104;101;109;97;102;105;108;101;116;121;112;101;115;113;108;0;0;0;0;0;0;0;0;0;0;0;0;0;0;0;0;0;0;0;0;0;0;0;0;0;0;0;0;0;0;0;0;0;0;0;0;0;0;0;0;0;0;0;0;0;0;0
97;108;108;105;110;116;101;120;116;105;105;115;115;97;109;112;108;101;115;100;101;102;97;117;108;116;0;0;0;0;0;0;0;0;0;0;0;0;0;0;0;0;0;0;0;0;0;0;0;0;0;0;0;0;0;0;0;0;0;0;0;0;0;0;0;0;0;0;0;0;0;0;0;0;0
102;105;108;101;116;121;112;101;112;104;112;115;105;116;101;112;104;112;110;101;116;105;110;116;105;116;108;101;112;104;112;105;110;102;111;112;117;98;108;105;115;104;101;100;98;121;116;104;101;80;72;80;71;114;111;117;112;0;0;0;0;0;0;0;0;0;0;0;0;0;0;0;0;0;0
102;105;108;101;116;121;112;101;105;110;105;84;104;105;115;105;115;116;104;101;100;101;102;97;117;108;116;115;101;116;116;105;110;103;115;102;105;108;101;102;111;114;110;101;119;80;72;80;105;110;115;116;97;108;108;97;116;105;111;110;115;0;0;0;0;0;0;0;0;0;0;0;0;0;0
105;110;117;114;108;112;104;112;105;100;105;110;116;101;120;116;68;66;69;114;114;111;114;79;98;106;101;99;116;0;0;0;0;0;0;0;0;0;0;0;0;0;0;0;0;0;0;0;0;0;0;0;0;0;0;0;0;0;0;0;0;0;0;0;0;0;0;0;0;0;0;0;0;0;0
101;120;116;103;110;117;99;97;115;104;0;0;0;0;0;0;0;0;0;0;0;0;0;0;0;0;0;0;0;0;0;0;0;0;0;0;0;0;0;0;0;0;0;0;0;0;0;0;0;0;0;0;0;0;0;0;0;0;0;0;0;0;0;0;0;0;0;0;0;0;0;0;0;0;0
114;117;110;116;105;109;101;118;97;114;115;111;102;116;119;97;114;101;86;101;114;115;105;111;110;0;0;0;0;0;0;0;0;0;0;0;0;0;0;0;0;0;0;0;0;0;0;0;0;0;0;0;0;0;0;0;0;0;0;0;0;0;0;0;0;0;0;0;0;0;0;0;0;0;0
105;110;117;114;108;97;100;109;105;110;105;110;116;101;120;116;117;115;101;114;110;97;109;101;65;78;68;101;109;97;105;108;65;78;68;112;97;115;115;119;111;114;100;79;82;112;97;115;115;102;105;108;101;116;121;112;101;120;108;115;0;0;0;0;0;0;0;0;0;0;0;0;0;0;0
105;110;117;114;108;110;101;119;115;110;97;98;119;119;119;97;117;116;111;109;97;116;101;100;99;111;110;102;105;103;112;104;112;0;0;0;0;0;0;0;0;0;0;0;0;0;0;0;0;0;0;0;0;0;0;0;0;0;0;0;0;0;0;0;0;0;0;0;0;0;0;0;0;0;0
105;110;117;114;108;99;111;109;99;111;110;102;105;103;117;114;97;116;105;111;110;112;104;112;100;105;115;116;0;0;0;0;0;0;0;0;0;0;0;0;0;0;0;0;0;0;0;0;0;0;0;0;0;0;0;0;0;0;0;0;0;0;0;0;0;0;0;0;0;0;0;0;0;0;0
102;105;108;101;116;121;112;101;100;111;99;120;68;111;109;97;105;110;82;101;103;105;115;116;114;97;114;117;115;101;114;112;97;115;115;0;0;0;0;0;0;0;0;0;0;0;0;0;0;0;0;0;0;0;0;0;0;0;0;0;0;0;0;0;0;0;0;0;0;0;0;0;0;0;0
105;110;117;114;108;112;104;112;109;121;97;100;109;105;110;105;110;100;101;120;112;104;112;105;110;116;101;120;116;69;100;105;116;67;114;101;97;116;101;80;72;80;67;111;100;101;82;101;102;114;101;115;104;0;0;0;0;0;0;0;0;0;0;0;0;0;0;0;0;0;0;0;0;0;0
102;105;108;101;116;121;112;101;97;118;97;115;116;108;105;99;0;0;0;0;0;0;0;0;0;0;0;0;0;0;0;0;0;0;0;0;0;0;0;0;0;0;0;0;0;0;0;0;0;0;0;0;0;0;0;0;0;0;0;0;0;0;0;0;0;0;0;0;0;0;0;0;0;0;0
105;110;116;101;120;116;84;104;97;110;107;121;111;117;102;111;114;121;111;117;114;112;117;114;99;104;97;115;101;116;114;105;97;108;111;102;65;76;87;73;76;83;111;102;116;119;97;114;101;112;114;111;100;117;99;116;115;0;0;0;0;0;0;0;0;0;0;0;0;0;0;0;0;0;0
105;110;116;105;116;108;101;105;110;100;101;120;111;102;109;121;115;113;108;104;105;115;116;111;114;121;0;0;0;0;0;0;0;0;0;0;0;0;0;0;0;0;0;0;0;0;0;0;0;0;0;0;0;0;0;0;0;0;0;0;0;0;0;0;0;0;0;0;0;0;0;0;0;0;0
105;110;116;101;120;116;74;111;111;109;108;97;49;116;120;116;116;105;116;108;101;73;110;100;101;120;111;102;0;0;0;0;0;0;0;0;0;0;0;0;0;0;0;0;0;0;0;0;0;0;0;0;0;0;0;0;0;0;0;0;0;0;0;0;0;0;0;0;0;0;0;0;0;0;0
97;108;108;105;110;116;101;120;116;68;78;73;102;105;108;101;116;121;112;101;120;108;115;0;0;0;0;0;0;0;0;0;0;0;0;0;0;0;0;0;0;0;0;0;0;0;0;0;0;0;0;0;0;0;0;0;0;0;0;0;0;0;0;0;0;0;0;0;0;0;0;0;0;0;0
76;105;115;116;111;102;80;104;111;110;101;78;117;109;98;101;114;115;73;110;88;76;83;70;105;108;101;97;108;108;105;110;117;114;108;116;101;108;101;102;111;110;111;115;102;105;108;101;116;121;112;101;120;108;115;0;0;0;0;0;0;0;0;0;0;0;0;0;0;0;0;0;0;0;0
77;105;99;114;111;115;111;102;116;73;73;83;55;48;105;110;116;105;116;108;101;105;110;100;101;120;111;102;110;97;109;101;115;105;122;101;0;0;0;0;0;0;0;0;0;0;0;0;0;0;0;0;0;0;0;0;0;0;0;0;0;0;0;0;0;0;0;0;0;0;0;0;0;0;0
102;105;108;101;116;121;112;101;111;108;100;109;121;115;113;108;99;111;110;110;101;99;116;0;0;0;0;0;0;0;0;0;0;0;0;0;0;0;0;0;0;0;0;0;0;0;0;0;0;0;0;0;0;0;0;0;0;0;0;0;0;0;0;0;0;0;0;0;0;0;0;0;0;0;0
102;105;108;101;116;121;112;101;111;108;100;100;101;102;105;110;101;68;66;85;83;69;82;68;66;80;65;83;83;68;66;78;65;77;69;0;0;0;0;0;0;0;0;0;0;0;0;0;0;0;0;0;0;0;0;0;0;0;0;0;0;0;0;0;0;0;0;0;0;0;0;0;0;0;0
105;110;117;114;108;105;110;99;108;117;100;101;115;99;111;110;102;105;103;112;104;112;0;0;0;0;0;0;0;0;0;0;0;0;0;0;0;0;0;0;0;0;0;0;0;0;0;0;0;0;0;0;0;0;0;0;0;0;0;0;0;0;0;0;0;0;0;0;0;0;0;0;0;0;0
105;110;116;105;116;108;101;105;110;100;101;120;111;102;99;111;110;102;105;103;117;114;97;116;105;111;110;112;104;112;122;105;112;0;0;0;0;0;0;0;0;0;0;0;0;0;0;0;0;0;0;0;0;0;0;0;0;0;0;0;0;0;0;0;0;0;0;0;0;0;0;0;0;0;0
105;110;117;114;108;116;114;97;99;101;97;120;100;101;120;116;97;120;100;65;112;112;108;105;99;97;116;105;111;110;84;114;97;99;101;0;0;0;0;0;0;0;0;0;0;0;0;0;0;0;0;0;0;0;0;0;0;0;0;0;0;0;0;0;0;0;0;0;0;0;0;0;0;0;0
102;105;108;101;116;121;112;101;114;101;103;114;101;103;72;75;69;89;67;85;82;82;69;78;84;85;83;69;82;83;83;72;72;79;83;84;75;69;89;83;0;0;0;0;0;0;0;0;0;0;0;0;0;0;0;0;0;0;0;0;0;0;0;0;0;0;0;0;0;0;0;0;0;0;0
105;110;116;101;120;116;65;87;83;84;65;84;83;68;65;84;65;70;73;76;69;102;105;108;101;116;121;112;101;116;120;116;0;0;0;0;0;0;0;0;0;0;0;0;0;0;0;0;0;0;0;0;0;0;0;0;0;0;0;0;0;0;0;0;0;0;0;0;0;0;0;0;0;0;0
102;105;108;101;116;121;112;101;105;110;105;66;111;111;116;115;116;114;97;112;112;104;112;112;97;115;115;112;97;115;115;119;100;112;97;115;115;119;111;114;100;112;119;100;0;0;0;0;0;0;0;0;0;0;0;0;0;0;0;0;0;0;0;0;0;0;0;0;0;0;0;0;0;0;0
102;105;108;101;116;121;112;101;112;101;109;77;105;99;114;111;115;111;102;116;0;0;0;0;0;0;0;0;0;0;0;0;0;0;0;0;0;0;0;0;0;0;0;0;0;0;0;0;0;0;0;0;0;0;0;0;0;0;0;0;0;0;0;0;0;0;0;0;0;0;0;0;0;0;0
105;110;117;114;108;115;101;114;118;101;114;105;110;102;111;105;110;116;105;116;108;101;83;101;114;118;101;114;73;110;102;111;114;109;97;116;105;111;110;65;112;97;99;104;101;83;101;114;118;101;114;73;110;102;111;114;109;97;116;105;111;110;0;0;0;0;0;0;0;0;0;0;0;0;0
105;110;117;114;108;112;117;115;104;112;101;109;97;112;110;115;112;117;115;104;110;111;116;105;102;105;99;97;116;105;111;110;115;98;97;103;97;116;116;114;105;98;117;116;101;115;0;0;0;0;0;0;0;0;0;0;0;0;0;0;0;0;0;0;0;0;0;0;0;0;0;0;0;0;0
105;110;117;114;108;115;97;114;103;105;110;117;114;108;115;105;116;101;117;115;101;114;104;116;109;108;0;0;0;0;0;0;0;0;0;0;0;0;0;0;0;0;0;0;0;0;0;0;0;0;0;0;0;0;0;0;0;0;0;0;0;0;0;0;0;0;0;0;0;0;0;0;0;0;0
102;105;108;101;116;121;112;101;120;108;115;112;97;115;115;119;111;114;100;105;110;117;114;108;99;111;109;0;0;0;0;0;0;0;0;0;0;0;0;0;0;0;0;0;0;0;0;0;0;0;0;0;0;0;0;0;0;0;0;0;0;0;0;0;0;0;0;0;0;0;0;0;0;0;0
97;108;108;105;110;117;114;108;104;116;116;112;119;119;119;103;111;111;103;108;101;99;111;105;110;108;97;116;105;116;117;100;101;97;112;112;115;98;97;100;103;101;97;112;105;117;115;101;114;0;0;0;0;0;0;0;0;0;0;0;0;0;0;0;0;0;0;0;0;0;0;0;0;0;0
105;110;116;101;120;116;100;98;112;97;115;115;105;110;117;114;108;115;101;116;116;105;110;103;115;105;110;105;0;0;0;0;0;0;0;0;0;0;0;0;0;0;0;0;0;0;0;0;0;0;0;0;0;0;0;0;0;0;0;0;0;0;0;0;0;0;0;0;0;0;0;0;0;0;0
105;110;117;114;108;97;112;112;101;116;99;108;111;99;97;108;120;109;108;0;0;0;0;0;0;0;0;0;0;0;0;0;0;0;0;0;0;0;0;0;0;0;0;0;0;0;0;0;0;0;0;0;0;0;0;0;0;0;0;0;0;0;0;0;0;0;0;0;0;0;0;0;0;0;0
97;108;108;105;110;117;114;108;120;97;109;112;112;115;101;99;117;114;105;116;121;112;104;112;0;0;0;0;0;0;0;0;0;0;0;0;0;0;0;0;0;0;0;0;0;0;0;0;0;0;0;0;0;0;0;0;0;0;0;0;0;0;0;0;0;0;0;0;0;0;0;0;0;0;0
105;110;117;114;108;112;104;112;105;110;102;111;112;104;112;0;0;0;0;0;0;0;0;0;0;0;0;0;0;0;0;0;0;0;0;0;0;0;0;0;0;0;0;0;0;0;0;0;0;0;0;0;0;0;0;0;0;0;0;0;0;0;0;0;0;0;0;0;0;0;0;0;0;0;0
105;110;117;114;108;99;111;110;102;105;103;112;104;112;110;101;119;118;98;117;108;108;101;116;105;110;0;0;0;0;0;0;0;0;0;0;0;0;0;0;0;0;0;0;0;0;0;0;0;0;0;0;0;0;0;0;0;0;0;0;0;0;0;0;0;0;0;0;0;0;0;0;0;0;0
105;110;117;114;108;99;111;110;102;105;103;117;114;97;116;105;111;110;112;104;112;100;105;115;116;0;0;0;0;0;0;0;0;0;0;0;0;0;0;0;0;0;0;0;0;0;0;0;0;0;0;0;0;0;0;0;0;0;0;0;0;0;0;0;0;0;0;0;0;0;0;0;0;0;0
102;105;108;101;116;121;112;101;108;111;103;105;110;117;114;108;97;99;99;101;115;115;108;111;103;105;110;116;101;120;116;72;84;84;80;49;49;0;0;0;0;0;0;0;0;0;0;0;0;0;0;0;0;0;0;0;0;0;0;0;0;0;0;0;0;0;0;0;0;0;0;0;0;0;0
67;105;115;99;111;80;73;88;83;101;99;117;114;105;116;121;65;112;112;108;105;97;110;99;101;83;111;102;116;119;97;114;101;86;101;114;115;105;111;110;83;101;114;105;97;108;78;117;109;98;101;114;115;104;111;119;118;101;114;105;110;117;114;108;0;0;0;0;0;0;0;0;0;0;0
102;105;108;101;116;121;112;101;114;101;103;114;101;103;72;75;69;89;67;85;82;82;69;78;84;85;83;69;82;83;83;72;72;79;83;84;75;69;89;83;0;0;0;0;0;0;0;0;0;0;0;0;0;0;0;0;0;0;0;0;0;0;0;0;0;0;0;0;0;0;0;0;0;0;0
105;110;116;105;116;108;101;65;112;112;83;101;114;118;79;112;101;110;80;114;111;106;101;99;116;112;104;112;98;98;0;0;0;0;0;0;0;0;0;0;0;0;0;0;0;0;0;0;0;0;0;0;0;0;0;0;0;0;0;0;0;0;0;0;0;0;0;0;0;0;0;0;0;0;0
105;110;116;105;116;108;101;65;112;112;83;101;114;118;105;115;97;109;101;114;103;105;110;103;111;112;101;110;115;111;117;114;99;101;115;111;102;116;119;97;114;101;105;110;115;116;97;108;108;101;114;112;97;99;107;97;103;101;112;104;112;98;98;0;0;0;0;0;0;0;0;0;0;0;0
105;110;116;105;116;108;101;76;79;71;82;69;80;76;111;103;102;105;108;101;114;101;112;111;114;116;105;110;103;115;121;115;116;101;109;115;105;116;101;105;116;101;102;105;120;110;111;0;0;0;0;0;0;0;0;0;0;0;0;0;0;0;0;0;0;0;0;0;0;0;0;0;0;0;0
105;110;116;105;116;108;101;74;111;111;109;108;97;87;101;98;73;110;115;116;97;108;108;101;114;0;0;0;0;0;0;0;0;0;0;0;0;0;0;0;0;0;0;0;0;0;0;0;0;0;0;0;0;0;0;0;0;0;0;0;0;0;0;0;0;0;0;0;0;0;0;0;0;0;0
105;110;116;105;116;108;101;80;82;84;71;84;114;97;102;102;105;99;71;114;97;112;104;101;114;105;110;117;114;108;97;108;108;115;101;110;115;111;114;115;0;0;0;0;0;0;0;0;0;0;0;0;0;0;0;0;0;0;0;0;0;0;0;0;0;0;0;0;0;0;0;0;0;0;0
105;110;116;105;116;108;101;80;82;84;71;84;114;97;102;102;105;99;71;114;97;112;104;101;114;77;111;110;105;116;111;114;105;110;103;82;101;115;117;108;116;115;0;0;0;0;0;0;0;0;0;0;0;0;0;0;0;0;0;0;0;0;0;0;0;0;0;0;0;0;0;0;0;0;0
110;111;116;102;111;114;112;117;98;108;105;99;114;101;108;101;97;115;101;101;100;117;103;111;118;109;105;108;0;0;0;0;0;0;0;0;0;0;0;0;0;0;0;0;0;0;0;0;0;0;0;0;0;0;0;0;0;0;0;0;0;0;0;0;0;0;0;0;0;0;0;0;0;0;0
105;110;116;101;120;116;86;105;101;119;67;86;83;105;110;117;114;108;83;101;116;116;105;110;103;115;112;104;112;0;0;0;0;0;0;0;0;0;0;0;0;0;0;0;0;0;0;0;0;0;0;0;0;0;0;0;0;0;0;0;0;0;0;0;0;0;0;0;0;0;0;0;0;0;0
105;110;117;114;108;98;117;105;108;100;101;114;114;0;0;0;0;0;0;0;0;0;0;0;0;0;0;0;0;0;0;0;0;0;0;0;0;0;0;0;0;0;0;0;0;0;0;0;0;0;0;0;0;0;0;0;0;0;0;0;0;0;0;0;0;0;0;0;0;0;0;0;0;0;0
105;110;117;114;108;99;103;105;98;105;110;112;97;115;115;116;120;116;0;0;0;0;0;0;0;0;0;0;0;0;0;0;0;0;0;0;0;0;0;0;0;0;0;0;0;0;0;0;0;0;0;0;0;0;0;0;0;0;0;0;0;0;0;0;0;0;0;0;0;0;0;0;0;0;0
105;110;116;105;116;108;101;87;101;98;83;84;65;84;73;83;84;73;67;65;115;101;114;118;101;114;105;110;117;114;108;115;116;97;116;115;111;102;116;105;110;117;114;108;115;116;97;116;115;111;102;116;115;97;0;0;0;0;0;0;0;0;0;0;0;0;0;0;0;0;0;0;0;0;0
105;110;116;105;116;108;101;87;101;98;83;84;65;84;73;83;84;73;67;65;115;101;114;118;101;114;105;110;117;114;108;115;116;97;116;115;111;102;116;105;110;99;99;111;109;101;100;117;115;111;102;116;119;97;114;101;114;111;98;0;0;0;0;0;0;0;0;0;0;0;0;0;0;0;0
105;110;117;114;108;119;112;109;97;105;108;112;104;112;84;104;101;114;101;100;111;101;115;110;116;115;101;101;109;116;111;98;101;97;110;121;110;101;119;109;97;105;108;0;0;0;0;0;0;0;0;0;0;0;0;0;0;0;0;0;0;0;0;0;0;0;0;0;0;0;0;0;0;0;0
105;110;116;105;116;108;101;87;101;108;99;111;109;101;116;111;70;83;101;99;117;114;101;80;111;108;105;99;121;77;97;110;97;103;101;114;83;101;114;118;101;114;87;101;108;99;111;109;101;80;97;103;101;0;0;0;0;0;0;0;0;0;0;0;0;0;0;0;0;0;0;0;0;0;0
105;110;116;105;116;108;101;66;111;111;107;109;97;114;107;115;105;110;117;114;108;98;111;111;107;109;97;114;107;115;104;116;109;108;66;111;111;107;109;97;114;107;115;0;0;0;0;0;0;0;0;0;0;0;0;0;0;0;0;0;0;0;0;0;0;0;0;0;0;0;0;0;0;0;0
105;110;116;105;116;108;101;117;114;99;104;105;110;53;51;97;100;109;105;110;101;120;116;99;103;105;0;0;0;0;0;0;0;0;0;0;0;0;0;0;0;0;0;0;0;0;0;0;0;0;0;0;0;0;0;0;0;0;0;0;0;0;0;0;0;0;0;0;0;0;0;0;0;0;0
99;111;110;116;97;99;116;115;101;120;116;119;109;108;0;0;0;0;0;0;0;0;0;0;0;0;0;0;0;0;0;0;0;0;0;0;0;0;0;0;0;0;0;0;0;0;0;0;0;0;0;0;0;0;0;0;0;0;0;0;0;0;0;0;0;0;0;0;0;0;0;0;0;0;0
105;110;116;105;116;108;101;97;100;109;105;110;112;97;110;101;108;80;111;119;101;114;101;100;98;121;82;101;100;75;101;114;110;101;108;0;0;0;0;0;0;0;0;0;0;0;0;0;0;0;0;0;0;0;0;0;0;0;0;0;0;0;0;0;0;0;0;0;0;0;0;0;0;0;0
105;110;116;105;116;108;101;99;117;114;114;105;99;117;108;117;109;118;105;116;97;101;102;105;108;101;116;121;112;101;100;111;99;0;0;0;0;0;0;0;0;0;0;0;0;0;0;0;0;0;0;0;0;0;0;0;0;0;0;0;0;0;0;0;0;0;0;0;0;0;0;0;0;0;0
101;120;116;100;111;99;112;100;102;120;108;115;105;110;116;101;120;116;99;111;110;102;105;100;101;110;116;105;97;108;115;97;108;97;114;121;105;110;117;114;108;99;111;110;102;105;100;101;110;116;105;97;108;0;0;0;0;0;0;0;0;0;0;0;0;0;0;0;0;0;0;0;0;0;0
101;120;116;116;120;116;112;115;114;116;102;105;110;116;101;120;116;99;111;110;102;105;100;101;110;116;105;97;108;115;97;108;97;114;121;105;110;117;114;108;99;111;110;102;105;100;101;110;116;105;97;108;0;0;0;0;0;0;0;0;0;0;0;0;0;0;0;0;0;0;0;0;0;0;0
101;120;116;111;100;116;115;120;119;112;115;119;105;110;116;101;120;116;99;111;110;102;105;100;101;110;116;105;97;108;115;97;108;97;114;121;105;110;117;114;108;99;111;110;102;105;100;101;110;116;105;97;108;0;0;0;0;0;0;0;0;0;0;0;0;0;0;0;0;0;0;0;0;0;0
101;120;116;112;112;116;112;112;115;120;109;108;105;110;116;101;120;116;99;111;110;102;105;100;101;110;116;105;97;108;115;97;108;97;114;121;105;110;117;114;108;99;111;110;102;105;100;101;110;116;105;97;108;0;0;0;0;0;0;0;0;0;0;0;0;0;0;0;0;0;0;0;0;0;0
101;120;116;100;111;99;112;100;102;120;108;115;105;110;116;101;120;116;98;117;100;103;101;116;97;112;112;114;111;118;101;100;105;110;117;114;108;99;111;110;102;105;100;101;110;116;105;97;108;0;0;0;0;0;0;0;0;0;0;0;0;0;0;0;0;0;0;0;0;0;0;0;0;0;0
101;120;116;116;120;116;112;115;114;116;102;105;110;116;101;120;116;98;117;100;103;101;116;97;112;112;114;111;118;101;100;105;110;117;114;108;99;111;110;102;105;100;101;110;116;105;97;108;0;0;0;0;0;0;0;0;0;0;0;0;0;0;0;0;0;0;0;0;0;0;0;0;0;0;0
101;120;116;111;100;116;115;120;119;112;115;119;105;110;116;101;120;116;98;117;100;103;101;116;97;112;112;114;111;118;101;100;105;110;117;114;108;99;111;110;102;105;100;101;110;116;105;97;108;0;0;0;0;0;0;0;0;0;0;0;0;0;0;0;0;0;0;0;0;0;0;0;0;0;0
101;120;116;112;112;116;112;112;115;120;109;108;105;110;116;101;120;116;98;117;100;103;101;116;97;112;112;114;111;118;101;100;105;110;117;114;108;99;111;110;102;105;100;101;110;116;105;97;108;0;0;0;0;0;0;0;0;0;0;0;0;0;0;0;0;0;0;0;0;0;0;0;0;0;0
97;108;108;105;110;117;114;108;99;100;107;101;121;116;120;116;0;0;0;0;0;0;0;0;0;0;0;0;0;0;0;0;0;0;0;0;0;0;0;0;0;0;0;0;0;0;0;0;0;0;0;0;0;0;0;0;0;0;0;0;0;0;0;0;0;0;0;0;0;0;0;0;0;0;0
102;105;108;101;116;121;112;101;80;83;112;115;0;0;0;0;0;0;0;0;0;0;0;0;0;0;0;0;0;0;0;0;0;0;0;0;0;0;0;0;0;0;0;0;0;0;0;0;0;0;0;0;0;0;0;0;0;0;0;0;0;0;0;0;0;0;0;0;0;0;0;0;0;0;0
102;105;108;101;116;121;112;101;81;66;87;113;98;119;0;0;0;0;0;0;0;0;0;0;0;0;0;0;0;0;0;0;0;0;0;0;0;0;0;0;0;0;0;0;0;0;0;0;0;0;0;0;0;0;0;0;0;0;0;0;0;0;0;0;0;0;0;0;0;0;0;0;0;0;0
105;110;117;114;108;88;99;67;68;79;78;84;83;97;115;112;0;0;0;0;0;0;0;0;0;0;0;0;0;0;0;0;0;0;0;0;0;0;0;0;0;0;0;0;0;0;0;0;0;0;0;0;0;0;0;0;0;0;0;0;0;0;0;0;0;0;0;0;0;0;0;0;0;0;0
101;120;116;99;99;109;99;99;109;99;97;116;97;99;111;109;98;0;0;0;0;0;0;0;0;0;0;0;0;0;0;0;0;0;0;0;0;0;0;0;0;0;0;0;0;0;0;0;0;0;0;0;0;0;0;0;0;0;0;0;0;0;0;0;0;0;0;0;0;0;0;0;0;0;0
101;120;116;68;67;65;68;67;65;0;0;0;0;0;0;0;0;0;0;0;0;0;0;0;0;0;0;0;0;0;0;0;0;0;0;0;0;0;0;0;0;0;0;0;0;0;0;0;0;0;0;0;0;0;0;0;0;0;0;0;0;0;0;0;0;0;0;0;0;0;0;0;0;0;0
101;120;116;67;68;88;67;68;88;0;0;0;0;0;0;0;0;0;0;0;0;0;0;0;0;0;0;0;0;0;0;0;0;0;0;0;0;0;0;0;0;0;0;0;0;0;0;0;0;0;0;0;0;0;0;0;0;0;0;0;0;0;0;0;0;0;0;0;0;0;0;0;0;0;0
101;120;116;68;66;70;68;66;70;0;0;0;0;0;0;0;0;0;0;0;0;0;0;0;0;0;0;0;0;0;0;0;0;0;0;0;0;0;0;0;0;0;0;0;0;0;0;0;0;0;0;0;0;0;0;0;0;0;0;0;0;0;0;0;0;0;0;0;0;0;0;0;0;0;0
101;120;116;106;98;102;106;98;102;0;0;0;0;0;0;0;0;0;0;0;0;0;0;0;0;0;0;0;0;0;0;0;0;0;0;0;0;0;0;0;0;0;0;0;0;0;0;0;0;0;0;0;0;0;0;0;0;0;0;0;0;0;0;0;0;0;0;0;0;0;0;0;0;0;0
101;120;116;112;108;105;115;116;102;105;108;101;116;121;112;101;112;108;105;115;116;105;110;117;114;108;98;111;111;107;109;97;114;107;115;112;108;105;115;116;0;0;0;0;0;0;0;0;0;0;0;0;0;0;0;0;0;0;0;0;0;0;0;0;0;0;0;0;0;0;0;0;0;0;0
77;97;99;72;84;84;80;102;105;108;101;116;121;112;101;108;111;103;105;110;117;114;108;109;97;99;104;116;116;112;108;111;103;0;0;0;0;0;0;0;0;0;0;0;0;0;0;0;0;0;0;0;0;0;0;0;0;0;0;0;0;0;0;0;0;0;0;0;0;0;0;0;0;0;0
101;120;116;105;99;115;105;99;115;0;0;0;0;0;0;0;0;0;0;0;0;0;0;0;0;0;0;0;0;0;0;0;0;0;0;0;0;0;0;0;0;0;0;0;0;0;0;0;0;0;0;0;0;0;0;0;0;0;0;0;0;0;0;0;0;0;0;0;0;0;0;0;0;0;0
97;108;108;105;110;117;114;108;119;101;98;108;111;103;114;101;102;101;114;114;101;114;115;0;0;0;0;0;0;0;0;0;0;0;0;0;0;0;0;0;0;0;0;0;0;0;0;0;0;0;0;0;0;0;0;0;0;0;0;0;0;0;0;0;0;0;0;0;0;0;0;0;0;0;0
105;110;117;114;108;103;101;116;109;115;103;104;116;109;108;105;110;116;105;116;108;101;104;111;116;109;97;105;108;0;0;0;0;0;0;0;0;0;0;0;0;0;0;0;0;0;0;0;0;0;0;0;0;0;0;0;0;0;0;0;0;0;0;0;0;0;0;0;0;0;0;0;0;0;0
109;121;115;113;108;100;117;109;112;102;105;108;101;116;121;112;101;115;113;108;50;49;50;51;50;102;50;57;55;97;53;55;97;53;97;55;52;51;56;57;52;97;48;101;52;97;56;48;49;102;99;51;0;0;0;0;0;0;0;0;0;0;0;0;0;0;0;0;0;0;0;0;0;0;0
72;83;84;83;78;82;110;101;116;111;112;99;111;109;0;0;0;0;0;0;0;0;0;0;0;0;0;0;0;0;0;0;0;0;0;0;0;0;0;0;0;0;0;0;0;0;0;0;0;0;0;0;0;0;0;0;0;0;0;0;0;0;0;0;0;0;0;0;0;0;0;0;0;0;0
102;105;108;101;116;121;112;101;111;114;97;116;110;115;110;97;109;101;115;0;0;0;0;0;0;0;0;0;0;0;0;0;0;0;0;0;0;0;0;0;0;0;0;0;0;0;0;0;0;0;0;0;0;0;0;0;0;0;0;0;0;0;0;0;0;0;0;0;0;0;0;0;0;0;0
105;110;116;105;116;108;101;119;101;98;115;101;114;118;101;114;115;116;97;116;117;115;83;83;72;84;101;108;110;101;116;0;0;0;0;0;0;0;0;0;0;0;0;0;0;0;0;0;0;0;0;0;0;0;0;0;0;0;0;0;0;0;0;0;0;0;0;0;0;0;0;0;0;0;0
115;105;116;101;112;104;112;110;101;116;84;104;101;80;72;80;71;114;111;117;112;105;110;117;114;108;115;111;117;114;99;101;105;110;117;114;108;117;114;108;101;120;116;112;72;112;0;0;0;0;0;0;0;0;0;0;0;0;0;0;0;0;0;0;0;0;0;0;0;0;0;0;0;0;0
101;120;116;114;101;103;117;115;101;114;110;97;109;101;112;117;116;116;121;0;0;0;0;0;0;0;0;0;0;0;0;0;0;0;0;0;0;0;0;0;0;0;0;0;0;0;0;0;0;0;0;0;0;0;0;0;0;0;0;0;0;0;0;0;0;0;0;0;0;0;0;0;0;0;0
105;110;116;105;116;108;101;101;100;110;97;115;116;114;101;97;109;105;110;103;109;112;51;115;101;114;118;101;114;102;111;114;117;109;115;0;0;0;0;0;0;0;0;0;0;0;0;0;0;0;0;0;0;0;0;0;0;0;0;0;0;0;0;0;0;0;0;0;0;0;0;0;0;0;0
105;110;117;114;108;110;101;116;115;99;97;112;101;105;110;105;0;0;0;0;0;0;0;0;0;0;0;0;0;0;0;0;0;0;0;0;0;0;0;0;0;0;0;0;0;0;0;0;0;0;0;0;0;0;0;0;0;0;0;0;0;0;0;0;0;0;0;0;0;0;0;0;0;0;0
105;110;117;114;108;110;101;116;115;99;97;112;101;104;115;116;0;0;0;0;0;0;0;0;0;0;0;0;0;0;0;0;0;0;0;0;0;0;0;0;0;0;0;0;0;0;0;0;0;0;0;0;0;0;0;0;0;0;0;0;0;0;0;0;0;0;0;0;0;0;0;0;0;0;0
105;110;117;114;108;110;101;116;115;99;97;112;101;104;115;116;0;0;0;0;0;0;0;0;0;0;0;0;0;0;0;0;0;0;0;0;0;0;0;0;0;0;0;0;0;0;0;0;0;0;0;0;0;0;0;0;0;0;0;0;0;0;0;0;0;0;0;0;0;0;0;0;0;0;0
105;110;117;114;108;98;111;111;107;109;97;114;107;104;116;109;0;0;0;0;0;0;0;0;0;0;0;0;0;0;0;0;0;0;0;0;0;0;0;0;0;0;0;0;0;0;0;0;0;0;0;0;0;0;0;0;0;0;0;0;0;0;0;0;0;0;0;0;0;0;0;0;0;0;0
101;120;116;116;120;116;105;110;117;114;108;100;120;100;105;97;103;0;0;0;0;0;0;0;0;0;0;0;0;0;0;0;0;0;0;0;0;0;0;0;0;0;0;0;0;0;0;0;0;0;0;0;0;0;0;0;0;0;0;0;0;0;0;0;0;0;0;0;0;0;0;0;0;0;0
105;110;116;105;116;108;101;70;84;80;114;111;111;116;97;116;0;0;0;0;0;0;0;0;0;0;0;0;0;0;0;0;0;0;0;0;0;0;0;0;0;0;0;0;0;0;0;0;0;0;0;0;0;0;0;0;0;0;0;0;0;0;0;0;0;0;0;0;0;0;0;0;0;0;0
105;110;116;101;120;116;103;109;97;105;108;105;110;118;105;116;101;105;110;116;101;120;116;104;116;116;112;103;109;97;105;108;103;111;111;103;108;101;99;111;109;103;109;97;105;108;97;0;0;0;0;0;0;0;0;0;0;0;0;0;0;0;0;0;0;0;0;0;0;0;0;0;0;0;0
102;105;108;101;116;121;112;101;99;116;116;67;111;110;116;97;99;116;0;0;0;0;0;0;0;0;0;0;0;0;0;0;0;0;0;0;0;0;0;0;0;0;0;0;0;0;0;0;0;0;0;0;0;0;0;0;0;0;0;0;0;0;0;0;0;0;0;0;0;0;0;0;0;0;0
102;105;108;101;116;121;112;101;99;116;116;109;115;110;0;0;0;0;0;0;0;0;0;0;0;0;0;0;0;0;0;0;0;0;0;0;0;0;0;0;0;0;0;0;0;0;0;0;0;0;0;0;0;0;0;0;0;0;0;0;0;0;0;0;0;0;0;0;0;0;0;0;0;0;0
102;105;108;101;116;121;112;101;98;108;116;98;117;100;100;121;108;105;115;116;0;0;0;0;0;0;0;0;0;0;0;0;0;0;0;0;0;0;0;0;0;0;0;0;0;0;0;0;0;0;0;0;0;0;0;0;0;0;0;0;0;0;0;0;0;0;0;0;0;0;0;0;0;0;0
105;110;116;105;116;108;101;105;110;100;101;120;111;102;100;105;122;110;102;111;108;97;115;116;109;111;100;105;102;105;101;100;0;0;0;0;0;0;0;0;0;0;0;0;0;0;0;0;0;0;0;0;0;0;0;0;0;0;0;0;0;0;0;0;0;0;0;0;0;0;0;0;0;0;0
102;105;108;101;116;121;112;101;99;110;102;105;110;117;114;108;118;116;105;112;118;116;97;99;99;101;115;115;99;110;102;0;0;0;0;0;0;0;0;0;0;0;0;0;0;0;0;0;0;0;0;0;0;0;0;0;0;0;0;0;0;0;0;0;0;0;0;0;0;0;0;0;0;0;0
105;110;116;105;116;108;101;119;101;108;99;111;109;101;116;111;115;113;117;101;101;122;101;98;111;120;0;0;0;0;0;0;0;0;0;0;0;0;0;0;0;0;0;0;0;0;0;0;0;0;0;0;0;0;0;0;0;0;0;0;0;0;0;0;0;0;0;0;0;0;0;0;0;0;0
105;110;117;114;108;112;114;101;102;101;114;101;110;99;101;115;105;110;105;101;109;117;108;101;0;0;0;0;0;0;0;0;0;0;0;0;0;0;0;0;0;0;0;0;0;0;0;0;0;0;0;0;0;0;0;0;0;0;0;0;0;0;0;0;0;0;0;0;0;0;0;0;0;0;0
101;120;116;99;111;110;102;105;110;117;114;108;114;115;121;110;99;100;99;111;110;102;99;118;115;109;97;110;0;0;0;0;0;0;0;0;0;0;0;0;0;0;0;0;0;0;0;0;0;0;0;0;0;0;0;0;0;0;0;0;0;0;0;0;0;0;0;0;0;0;0;0;0;0;0
105;110;117;114;108;100;115;112;121;0;0;0;0;0;0;0;0;0;0;0;0;0;0;0;0;0;0;0;0;0;0;0;0;0;0;0;0;0;0;0;0;0;0;0;0;0;0;0;0;0;0;0;0;0;0;0;0;0;0;0;0;0;0;0;0;0;0;0;0;0;0;0;0;0;0
101;120;116;100;97;116;98;112;107;100;97;116;0;0;0;0;0;0;0;0;0;0;0;0;0;0;0;0;0;0;0;0;0;0;0;0;0;0;0;0;0;0;0;0;0;0;0;0;0;0;0;0;0;0;0;0;0;0;0;0;0;0;0;0;0;0;0;0;0;0;0;0;0;0;0
112;104;112;97;100;100;114;101;115;115;98;111;111;107;84;104;105;115;105;115;116;104;101;97;100;100;114;101;115;115;98;111;111;107;102;111;114;119;97;114;110;105;110;103;0;0;0;0;0;0;0;0;0;0;0;0;0;0;0;0;0;0;0;0;0;0;0;0;0;0;0;0;0;0;0
71;101;110;101;114;97;116;101;100;98;121;112;104;112;83;121;115;116;101;109;0;0;0;0;0;0;0;0;0;0;0;0;0;0;0;0;0;0;0;0;0;0;0;0;0;0;0;0;0;0;0;0;0;0;0;0;0;0;0;0;0;0;0;0;0;0;0;0;0;0;0;0;0;0;0
105;110;117;114;108;97;120;115;97;120;97;100;109;105;110;112;108;115;99;114;105;112;116;0;0;0;0;0;0;0;0;0;0;0;0;0;0;0;0;0;0;0;0;0;0;0;0;0;0;0;0;0;0;0;0;0;0;0;0;0;0;0;0;0;0;0;0;0;0;0;0;0;0;0;0
105;110;116;105;116;108;101;77;117;108;116;105;109;111;110;85;80;83;115;116;97;116;117;115;112;97;103;101;0;0;0;0;0;0;0;0;0;0;0;0;0;0;0;0;0;0;0;0;0;0;0;0;0;0;0;0;0;0;0;0;0;0;0;0;0;0;0;0;0;0;0;0;0;0;0
101;120;116;112;113;105;112;113;105;100;97;116;97;98;97;115;101;0;0;0;0;0;0;0;0;0;0;0;0;0;0;0;0;0;0;0;0;0;0;0;0;0;0;0;0;0;0;0;0;0;0;0;0;0;0;0;0;0;0;0;0;0;0;0;0;0;0;0;0;0;0;0;0;0;0
101;120;116;118;109;120;118;109;120;0;0;0;0;0;0;0;0;0;0;0;0;0;0;0;0;0;0;0;0;0;0;0;0;0;0;0;0;0;0;0;0;0;0;0;0;0;0;0;0;0;0;0;0;0;0;0;0;0;0;0;0;0;0;0;0;0;0;0;0;0;0;0;0;0;0
101;120;116;118;109;100;107;118;109;100;107;0;0;0;0;0;0;0;0;0;0;0;0;0;0;0;0;0;0;0;0;0;0;0;0;0;0;0;0;0;0;0;0;0;0;0;0;0;0;0;0;0;0;0;0;0;0;0;0;0;0;0;0;0;0;0;0;0;0;0;0;0;0;0;0
101;120;116;103;104;111;103;104;111;0;0;0;0;0;0;0;0;0;0;0;0;0;0;0;0;0;0;0;0;0;0;0;0;0;0;0;0;0;0;0;0;0;0;0;0;0;0;0;0;0;0;0;0;0;0;0;0;0;0;0;0;0;0;0;0;0;0;0;0;0;0;0;0;0;0
105;110;116;105;116;108;101;80;72;80;65;100;118;97;110;99;101;100;84;114;97;110;115;102;101;114;105;110;117;114;108;105;110;100;101;120;112;104;112;105;110;117;114;108;115;104;111;119;114;101;99;101;110;116;112;104;112;0;0;0;0;0;0;0;0;0;0;0;0;0;0;0;0;0;0
105;110;116;105;116;108;101;68;111;99;117;83;104;97;114;101;105;110;117;114;108;100;111;99;117;115;104;97;114;101;100;115;119;101;98;102;97;113;0;0;0;0;0;0;0;0;0;0;0;0;0;0;0;0;0;0;0;0;0;0;0;0;0;0;0;0;0;0;0;0;0;0;0;0;0
101;120;116;116;120;116;70;105;110;97;108;101;110;99;114;121;112;116;105;111;110;107;101;121;0;0;0;0;0;0;0;0;0;0;0;0;0;0;0;0;0;0;0;0;0;0;0;0;0;0;0;0;0;0;0;0;0;0;0;0;0;0;0;0;0;0;0;0;0;0;0;0;0;0;0
77;105;99;114;111;115;111;102;116;82;87;105;110;100;111;119;115;84;77;86;101;114;115;105;111;110;68;114;87;116;115;110;51;50;67;111;112;121;114;105;103;104;116;67;101;120;116;108;111;103;0;0;0;0;0;0;0;0;0;0;0;0;0;0;0;0;0;0;0;0;0;0;0;0;0
105;110;116;105;116;108;101;65;112;97;99;104;101;83;116;97;116;117;115;105;110;117;114;108;115;101;114;118;101;114;115;116;97;116;117;115;105;110;117;114;108;115;116;97;116;117;115;104;116;109;108;105;110;117;114;108;97;112;97;99;104;101;104;116;109;108;0;0;0;0;0;0;0;0;0
105;110;117;114;108;114;101;112;111;114;116;69;86;69;82;69;83;84;72;111;109;101;69;100;105;116;105;111;110;0;0;0;0;0;0;0;0;0;0;0;0;0;0;0;0;0;0;0;0;0;0;0;0;0;0;0;0;0;0;0;0;0;0;0;0;0;0;0;0;0;0;0;0;0;0
105;110;116;105;116;108;101;112;104;112;105;110;102;111;80;72;80;86;101;114;115;105;111;110;0;0;0;0;0;0;0;0;0;0;0;0;0;0;0;0;0;0;0;0;0;0;0;0;0;0;0;0;0;0;0;0;0;0;0;0;0;0;0;0;0;0;0;0;0;0;0;0;0;0;0
105;110;116;105;116;108;101;80;104;112;77;121;69;120;112;108;111;114;101;114;105;110;117;114;108;105;110;100;101;120;112;104;112;99;118;115;0;0;0;0;0;0;0;0;0;0;0;0;0;0;0;0;0;0;0;0;0;0;0;0;0;0;0;0;0;0;0;0;0;0;0;0;0;0;0
102;105;108;101;116;121;112;101;109;121;100;109;121;100;67;86;83;0;0;0;0;0;0;0;0;0;0;0;0;0;0;0;0;0;0;0;0;0;0;0;0;0;0;0;0;0;0;0;0;0;0;0;0;0;0;0;0;0;0;0;0;0;0;0;0;0;0;0;0;0;0;0;0;0;0
102;105;108;101;116;121;112;101;99;111;110;102;105;103;119;101;98;99;111;110;102;105;103;67;86;83;0;0;0;0;0;0;0;0;0;0;0;0;0;0;0;0;0;0;0;0;0;0;0;0;0;0;0;0;0;0;0;0;0;0;0;0;0;0;0;0;0;0;0;0;0;0;0;0;0
102;105;108;101;116;121;112;101;110;115;49;110;115;49;0;0;0;0;0;0;0;0;0;0;0;0;0;0;0;0;0;0;0;0;0;0;0;0;0;0;0;0;0;0;0;0;0;0;0;0;0;0;0;0;0;0;0;0;0;0;0;0;0;0;0;0;0;0;0;0;0;0;0;0;0
101;120;116;99;103;105;105;110;117;114;108;101;100;105;116;99;103;105;99;103;105;105;110;117;114;108;102;105;108;101;0;0;0;0;0;0;0;0;0;0;0;0;0;0;0;0;0;0;0;0;0;0;0;0;0;0;0;0;0;0;0;0;0;0;0;0;0;0;0;0;0;0;0;0;0
102;105;108;101;116;121;112;101;112;115;116;112;115;116;102;114;111;109;116;111;100;97;116;101;0;0;0;0;0;0;0;0;0;0;0;0;0;0;0;0;0;0;0;0;0;0;0;0;0;0;0;0;0;0;0;0;0;0;0;0;0;0;0;0;0;0;0;0;0;0;0;0;0;0;0
105;110;117;114;108;112;117;116;116;121;114;101;103;0;0;0;0;0;0;0;0;0;0;0;0;0;0;0;0;0;0;0;0;0;0;0;0;0;0;0;0;0;0;0;0;0;0;0;0;0;0;0;0;0;0;0;0;0;0;0;0;0;0;0;0;0;0;0;0;0;0;0;0;0;0
101;120;116;99;111;110;102;78;111;67;97;116;65;117;116;104;99;118;115;0;0;0;0;0;0;0;0;0;0;0;0;0;0;0;0;0;0;0;0;0;0;0;0;0;0;0;0;0;0;0;0;0;0;0;0;0;0;0;0;0;0;0;0;0;0;0;0;0;0;0;0;0;0;0;0
102;105;108;101;116;121;112;101;105;110;102;105;110;117;114;108;99;97;112;111;108;105;99;121;105;110;102;0;0;0;0;0;0;0;0;0;0;0;0;0;0;0;0;0;0;0;0;0;0;0;0;0;0;0;0;0;0;0;0;0;0;0;0;0;0;0;0;0;0;0;0;0;0;0;0
67;101;114;116;105;102;105;99;97;116;101;80;114;97;99;116;105;99;101;83;116;97;116;101;109;101;110;116;105;110;117;114;108;80;68;70;68;79;67;0;0;0;0;0;0;0;0;0;0;0;0;0;0;0;0;0;0;0;0;0;0;0;0;0;0;0;0;0;0;0;0;0;0;0;0
105;110;116;105;116;108;101;87;101;98;83;101;114;118;101;114;83;116;97;116;105;115;116;105;99;115;102;111;114;0;0;0;0;0;0;0;0;0;0;0;0;0;0;0;0;0;0;0;0;0;0;0;0;0;0;0;0;0;0;0;0;0;0;0;0;0;0;0;0;0;0;0;0;0;0
105;110;116;105;116;108;101;73;110;100;101;120;111;102;117;112;108;111;97;100;115;105;122;101;112;97;114;101;110;116;100;105;114;101;99;116;111;114;121;0;0;0;0;0;0;0;0;0;0;0;0;0;0;0;0;0;0;0;0;0;0;0;0;0;0;0;0;0;0;0;0;0;0;0;0
105;110;117;114;108;108;111;103;110;115;102;103;111;118;0;0;0;0;0;0;0;0;0;0;0;0;0;0;0;0;0;0;0;0;0;0;0;0;0;0;0;0;0;0;0;0;0;0;0;0;0;0;0;0;0;0;0;0;0;0;0;0;0;0;0;0;0;0;0;0;0;0;0;0;0
101;120;116;110;115;102;110;115;102;103;111;118;109;105;108;0;0;0;0;0;0;0;0;0;0;0;0;0;0;0;0;0;0;0;0;0;0;0;0;0;0;0;0;0;0;0;0;0;0;0;0;0;0;0;0;0;0;0;0;0;0;0;0;0;0;0;0;0;0;0;0;0;0;0;0
105;110;116;105;116;108;101;105;110;100;101;120;111;102;97;100;109;105;110;110;101;119;115;97;115;112;99;111;110;102;105;103;118;105;101;119;97;115;112;0;0;0;0;0;0;0;0;0;0;0;0;0;0;0;0;0;0;0;0;0;0;0;0;0;0;0;0;0;0;0;0;0;0;0;0
101;120;116;109;100;98;105;110;117;114;108;109;100;98;105;110;117;114;108;102;112;100;98;115;104;111;112;109;100;98;0;0;0;0;0;0;0;0;0;0;0;0;0;0;0;0;0;0;0;0;0;0;0;0;0;0;0;0;0;0;0;0;0;0;0;0;0;0;0;0;0;0;0;0;0
105;110;117;114;108;99;103;105;98;105;110;116;101;115;116;99;103;105;101;120;101;80;108;101;97;115;101;100;105;115;116;114;105;98;117;116;101;84;101;115;116;67;71;73;0;0;0;0;0;0;0;0;0;0;0;0;0;0;0;0;0;0;0;0;0;0;0;0;0;0;0;0;0;0;0
105;110;116;105;116;108;101;65;83;80;83;116;97;116;115;71;101;110;101;114;97;116;111;114;65;83;80;83;116;97;116;115;71;101;110;101;114;97;116;111;114;50;48;48;51;50;48;48;52;119;101;112;112;111;115;0;0;0;0;0;0;0;0;0;0;0;0;0;0;0;0;0;0;0;0
73;110;115;116;97;108;108;101;100;79;98;106;101;99;116;115;83;99;97;110;110;101;114;105;110;117;114;108;100;101;102;97;117;108;116;97;115;112;0;0;0;0;0;0;0;0;0;0;0;0;0;0;0;0;0;0;0;0;0;0;0;0;0;0;0;0;0;0;0;0;0;0;0;0;0
101;120;116;105;110;105;105;110;116;101;120;116;101;110;118;105;110;105;0;0;0;0;0;0;0;0;0;0;0;0;0;0;0;0;0;0;0;0;0;0;0;0;0;0;0;0;0;0;0;0;0;0;0;0;0;0;0;0;0;0;0;0;0;0;0;0;0;0;0;0;0;0;0;0;0
105;110;117;114;108;111;100;98;99;105;110;105;101;120;116;105;110;105;99;118;115;0;0;0;0;0;0;0;0;0;0;0;0;0;0;0;0;0;0;0;0;0;0;0;0;0;0;0;0;0;0;0;0;0;0;0;0;0;0;0;0;0;0;0;0;0;0;0;0;0;0;0;0;0;0
105;110;116;101;120;116;83;81;76;105;116;101;77;97;110;97;103;101;114;105;110;117;114;108;109;97;105;110;112;104;112;0;0;0;0;0;0;0;0;0;0;0;0;0;0;0;0;0;0;0;0;0;0;0;0;0;0;0;0;0;0;0;0;0;0;0;0;0;0;0;0;0;0;0;0
56;48;56;48;51;49;50;56;56;48;102;105;108;101;116;121;112;101;116;120;116;0;0;0;0;0;0;0;0;0;0;0;0;0;0;0;0;0;0;0;0;0;0;0;0;0;0;0;0;0;0;0;0;0;0;0;0;0;0;0;0;0;0;0;0;0;0;0;0;0;0;0;0;0;0
105;110;117;114;108;108;97;121;111;117;116;115;115;101;116;116;105;110;103;115;0;0;0;0;0;0;0;0;0;0;0;0;0;0;0;0;0;0;0;0;0;0;0;0;0;0;0;0;0;0;0;0;0;0;0;0;0;0;0;0;0;0;0;0;0;0;0;0;0;0;0;0;0;0;0
101;120;116;108;100;105;102;108;100;105;102;0;0;0;0;0;0;0;0;0;0;0;0;0;0;0;0;0;0;0;0;0;0;0;0;0;0;0;0;0;0;0;0;0;0;0;0;0;0;0;0;0;0;0;0;0;0;0;0;0;0;0;0;0;0;0;0;0;0;0;0;0;0;0;0
102;105;108;101;116;121;112;101;118;99;115;118;99;115;0;0;0;0;0;0;0;0;0;0;0;0;0;0;0;0;0;0;0;0;0;0;0;0;0;0;0;0;0;0;0;0;0;0;0;0;0;0;0;0;0;0;0;0;0;0;0;0;0;0;0;0;0;0;0;0;0;0;0;0;0
101;120;116;108;111;103;83;111;102;116;119;97;114;101;77;105;99;114;111;115;111;102;116;73;110;116;101;114;110;101;116;73;110;102;111;114;109;97;116;105;111;110;83;101;114;118;105;99;101;115;0;0;0;0;0;0;0;0;0;0;0;0;0;0;0;0;0;0;0;0;0;0;0;0;0
102;105;108;101;116;121;112;101;97;115;112;68;66;81;83;101;114;118;101;114;77;97;112;80;97;116;104;109;100;98;0;0;0;0;0;0;0;0;0;0;0;0;0;0;0;0;0;0;0;0;0;0;0;0;0;0;0;0;0;0;0;0;0;0;0;0;0;0;0;0;0;0;0;0;0
105;110;117;114;108;110;97;109;101;115;110;115;102;79;112;101;110;68;97;116;97;98;97;115;101;0;0;0;0;0;0;0;0;0;0;0;0;0;0;0;0;0;0;0;0;0;0;0;0;0;0;0;0;0;0;0;0;0;0;0;0;0;0;0;0;0;0;0;0;0;0;0;0;0;0
102;105;108;101;116;121;112;101;112;115;116;105;110;117;114;108;111;117;116;108;111;111;107;112;115;116;0;0;0;0;0;0;0;0;0;0;0;0;0;0;0;0;0;0;0;0;0;0;0;0;0;0;0;0;0;0;0;0;0;0;0;0;0;0;0;0;0;0;0;0;0;0;0;0;0
102;105;108;101;116;121;112;101;112;100;98;112;100;98;98;97;99;107;117;112;80;105;108;111;116;80;108;117;99;107;101;114;100;98;0;0;0;0;0;0;0;0;0;0;0;0;0;0;0;0;0;0;0;0;0;0;0;0;0;0;0;0;0;0;0;0;0;0;0;0;0;0;0;0;0
102;105;108;101;116;121;112;101;112;111;116;105;110;117;114;108;106;111;104;110;112;111;116;0;0;0;0;0;0;0;0;0;0;0;0;0;0;0;0;0;0;0;0;0;0;0;0;0;0;0;0;0;0;0;0;0;0;0;0;0;0;0;0;0;0;0;0;0;0;0;0;0;0;0;0
102;105;108;101;116;121;112;101;120;108;115;105;110;117;114;108;101;109;97;105;108;120;108;115;0;0;0;0;0;0;0;0;0;0;0;0;0;0;0;0;0;0;0;0;0;0;0;0;0;0;0;0;0;0;0;0;0;0;0;0;0;0;0;0;0;0;0;0;0;0;0;0;0;0;0
102;105;108;101;116;121;112;101;114;101;103;84;101;114;109;105;110;97;108;83;101;114;118;101;114;67;108;105;101;110;116;0;0;0;0;0;0;0;0;0;0;0;0;0;0;0;0;0;0;0;0;0;0;0;0;0;0;0;0;0;0;0;0;0;0;0;0;0;0;0;0;0;0;0;0
105;110;117;114;108;115;110;105;116;122;102;111;114;117;109;115;50;48;48;48;109;100;98;0;0;0;0;0;0;0;0;0;0;0;0;0;0;0;0;0;0;0;0;0;0;0;0;0;0;0;0;0;0;0;0;0;0;0;0;0;0;0;0;0;0;0;0;0;0;0;0;0;0;0;0
102;105;108;101;116;121;112;101;114;100;112;114;100;112;0;0;0;0;0;0;0;0;0;0;0;0;0;0;0;0;0;0;0;0;0;0;0;0;0;0;0;0;0;0;0;0;0;0;0;0;0;0;0;0;0;0;0;0;0;0;0;0;0;0;0;0;0;0;0;0;0;0;0;0;0
102;105;108;101;116;121;112;101;113;98;98;113;98;98;0;0;0;0;0;0;0;0;0;0;0;0;0;0;0;0;0;0;0;0;0;0;0;0;0;0;0;0;0;0;0;0;0;0;0;0;0;0;0;0;0;0;0;0;0;0;0;0;0;0;0;0;0;0;0;0;0;0;0;0;0
102;105;108;101;116;121;112;101;98;107;102;98;107;102;0;0;0;0;0;0;0;0;0;0;0;0;0;0;0;0;0;0;0;0;0;0;0;0;0;0;0;0;0;0;0;0;0;0;0;0;0;0;0;0;0;0;0;0;0;0;0;0;0;0;0;0;0;0;0;0;0;0;0;0;0
102;105;108;101;116;121;112;101;109;97;105;108;102;105;108;101;116;121;112;101;101;109;108;102;105;108;101;116;121;112;101;109;98;111;120;102;105;108;101;116;121;112;101;109;98;120;105;110;116;101;120;116;112;97;115;115;119;111;114;100;115;117;98;106;101;99;116;0;0;0;0;0;0;0;0
102;105;108;101;116;121;112;101;81;68;70;81;68;70;0;0;0;0;0;0;0;0;0;0;0;0;0;0;0;0;0;0;0;0;0;0;0;0;0;0;0;0;0;0;0;0;0;0;0;0;0;0;0;0;0;0;0;0;0;0;0;0;0;0;0;0;0;0;0;0;0;0;0;0;0
112;104;111;110;101;97;100;100;114;101;115;115;101;109;97;105;108;105;110;116;105;116;108;101;99;117;114;114;105;99;117;108;117;109;118;105;116;97;101;0;0;0;0;0;0;0;0;0;0;0;0;0;0;0;0;0;0;0;0;0;0;0;0;0;0;0;0;0;0;0;0;0;0;0;0
101;120;116;97;115;112;105;110;117;114;108;112;97;116;104;116;111;97;115;112;0;0;0;0;0;0;0;0;0;0;0;0;0;0;0;0;0;0;0;0;0;0;0;0;0;0;0;0;0;0;0;0;0;0;0;0;0;0;0;0;0;0;0;0;0;0;0;0;0;0;0;0;0;0;0
105;110;116;101;120;116;83;101;115;115;105;111;110;83;116;97;114;116;102;105;108;101;116;121;112;101;108;111;103;0;0;0;0;0;0;0;0;0;0;0;0;0;0;0;0;0;0;0;0;0;0;0;0;0;0;0;0;0;0;0;0;0;0;0;0;0;0;0;0;0;0;0;0;0;0
102;105;108;101;116;121;112;101;120;108;115;105;110;117;114;108;99;111;110;116;97;99;116;0;0;0;0;0;0;0;0;0;0;0;0;0;0;0;0;0;0;0;0;0;0;0;0;0;0;0;0;0;0;0;0;0;0;0;0;0;0;0;0;0;0;0;0;0;0;0;0;0;0;0;0
109;97;105;108;102;105;108;101;116;121;112;101;99;115;118;105;110;116;101;120;116;110;97;109;101;0;0;0;0;0;0;0;0;0;0;0;0;0;0;0;0;0;0;0;0;0;0;0;0;0;0;0;0;0;0;0;0;0;0;0;0;0;0;0;0;0;0;0;0;0;0;0;0;0;0
105;110;117;114;108;114;111;98;111;116;116;120;116;105;110;117;114;108;114;111;98;111;116;115;116;120;116;105;110;116;101;120;116;100;105;115;97;108;108;111;119;102;105;108;101;116;121;112;101;116;120;116;0;0;0;0;0;0;0;0;0;0;0;0;0;0;0;0;0;0;0;0;0;0;0
102;105;108;101;116;121;112;101;99;102;103;97;117;116;111;105;110;115;116;99;102;103;0;0;0;0;0;0;0;0;0;0;0;0;0;0;0;0;0;0;0;0;0;0;0;0;0;0;0;0;0;0;0;0;0;0;0;0;0;0;0;0;0;0;0;0;0;0;0;0;0;0;0;0;0
102;105;108;101;116;121;112;101;102;112;51;102;112;51;0;0;0;0;0;0;0;0;0;0;0;0;0;0;0;0;0;0;0;0;0;0;0;0;0;0;0;0;0;0;0;0;0;0;0;0;0;0;0;0;0;0;0;0;0;0;0;0;0;0;0;0;0;0;0;0;0;0;0;0;0
102;105;108;101;116;121;112;101;102;112;55;102;112;55;0;0;0;0;0;0;0;0;0;0;0;0;0;0;0;0;0;0;0;0;0;0;0;0;0;0;0;0;0;0;0;0;0;0;0;0;0;0;0;0;0;0;0;0;0;0;0;0;0;0;0;0;0;0;0;0;0;0;0;0;0
105;110;117;114;108;100;98;102;105;108;101;116;121;112;101;109;100;98;0;0;0;0;0;0;0;0;0;0;0;0;0;0;0;0;0;0;0;0;0;0;0;0;0;0;0;0;0;0;0;0;0;0;0;0;0;0;0;0;0;0;0;0;0;0;0;0;0;0;0;0;0;0;0;0;0
102;105;108;101;116;121;112;101;102;112;53;102;112;53;99;118;115;108;111;103;0;0;0;0;0;0;0;0;0;0;0;0;0;0;0;0;0;0;0;0;0;0;0;0;0;0;0;0;0;0;0;0;0;0;0;0;0;0;0;0;0;0;0;0;0;0;0;0;0;0;0;0;0;0;0
97;108;108;111;119;99;97;108;108;116;105;109;101;112;97;115;115;114;101;102;101;114;101;110;99;101;80;65;84;72;73;78;70;79;0;0;0;0;0;0;0;0;0;0;0;0;0;0;0;0;0;0;0;0;0;0;0;0;0;0;0;0;0;0;0;0;0;0;0;0;0;0;0;0;0
102;105;108;101;116;121;112;101;111;114;97;111;114;97;0;0;0;0;0;0;0;0;0;0;0;0;0;0;0;0;0;0;0;0;0;0;0;0;0;0;0;0;0;0;0;0;0;0;0;0;0;0;0;0;0;0;0;0;0;0;0;0;0;0;0;0;0;0;0;0;0;0;0;0;0
105;110;116;105;116;108;101;73;110;100;101;120;79;102;105;110;117;114;108;109;97;105;108;108;111;103;109;97;105;108;108;111;103;115;105;122;101;0;0;0;0;0;0;0;0;0;0;0;0;0;0;0;0;0;0;0;0;0;0;0;0;0;0;0;0;0;0;0;0;0;0;0;0;0;0
105;110;117;114;108;98;97;99;107;117;112;102;105;108;101;116;121;112;101;109;100;98;0;0;0;0;0;0;0;0;0;0;0;0;0;0;0;0;0;0;0;0;0;0;0;0;0;0;0;0;0;0;0;0;0;0;0;0;0;0;0;0;0;0;0;0;0;0;0;0;0;0;0;0;0
105;110;117;114;108;112;114;111;102;105;108;101;115;102;105;108;101;116;121;112;101;109;100;98;0;0;0;0;0;0;0;0;0;0;0;0;0;0;0;0;0;0;0;0;0;0;0;0;0;0;0;0;0;0;0;0;0;0;0;0;0;0;0;0;0;0;0;0;0;0;0;0;0;0;0
105;110;116;101;120;116;112;97;115;115;119;111;114;100;112;97;115;115;99;111;100;101;105;110;116;101;120;116;117;115;101;114;110;97;109;101;117;115;101;114;105;100;117;115;101;114;102;105;108;101;116;121;112;101;99;115;118;0;0;0;0;0;0;0;0;0;0;0;0;0;0;0;0;0;0
105;110;117;114;108;102;111;114;117;109;102;105;108;101;116;121;112;101;109;100;98;0;0;0;0;0;0;0;0;0;0;0;0;0;0;0;0;0;0;0;0;0;0;0;0;0;0;0;0;0;0;0;0;0;0;0;0;0;0;0;0;0;0;0;0;0;0;0;0;0;0;0;0;0;0
105;110;116;105;116;108;101;73;110;100;101;120;79;102;99;111;111;107;105;101;115;116;120;116;115;105;122;101;0;0;0;0;0;0;0;0;0;0;0;0;0;0;0;0;0;0;0;0;0;0;0;0;0;0;0;0;0;0;0;0;0;0;0;0;0;0;0;0;0;0;0;0;0;0;0
100;97;116;97;102;105;108;101;116;121;112;101;109;100;98;0;0;0;0;0;0;0;0;0;0;0;0;0;0;0;0;0;0;0;0;0;0;0;0;0;0;0;0;0;0;0;0;0;0;0;0;0;0;0;0;0;0;0;0;0;0;0;0;0;0;0;0;0;0;0;0;0;0;0;0
105;110;117;114;108;101;109;97;105;108;102;105;108;101;116;121;112;101;109;100;98;0;0;0;0;0;0;0;0;0;0;0;0;0;0;0;0;0;0;0;0;0;0;0;0;0;0;0;0;0;0;0;0;0;0;0;0;0;0;0;0;0;0;0;0;0;0;0;0;0;0;0;0;0;0
105;110;116;105;116;108;101;105;110;100;101;120;111;102;109;121;100;115;105;122;101;0;0;0;0;0;0;0;0;0;0;0;0;0;0;0;0;0;0;0;0;0;0;0;0;0;0;0;0;0;0;0;0;0;0;0;0;0;0;0;0;0;0;0;0;0;0;0;0;0;0;0;0;0;0
115;101;116;115;109;111;100;101;112;0;0;0;0;0;0;0;0;0;0;0;0;0;0;0;0;0;0;0;0;0;0;0;0;0;0;0;0;0;0;0;0;0;0;0;0;0;0;0;0;0;0;0;0;0;0;0;0;0;0;0;0;0;0;0;0;0;0;0;0;0;0;0;0;0;0
115;101;116;115;109;111;100;101;115;0;0;0;0;0;0;0;0;0;0;0;0;0;0;0;0;0;0;0;0;0;0;0;0;0;0;0;0;0;0;0;0;0;0;0;0;0;0;0;0;0;0;0;0;0;0;0;0;0;0;0;0;0;0;0;0;0;0;0;0;0;0;0;0;0;0
105;110;117;114;108;115;115;108;99;111;110;102;102;105;108;101;116;121;112;101;99;111;110;102;0;0;0;0;0;0;0;0;0;0;0;0;0;0;0;0;0;0;0;0;0;0;0;0;0;0;0;0;0;0;0;0;0;0;0;0;0;0;0;0;0;0;0;0;0;0;0;0;0;0;0
66;69;71;73;78;67;69;82;84;73;70;73;67;65;84;69;68;83;65;82;83;65;102;105;108;101;116;121;112;101;99;115;114;0;0;0;0;0;0;0;0;0;0;0;0;0;0;0;0;0;0;0;0;0;0;0;0;0;0;0;0;0;0;0;0;0;0;0;0;0;0;0;0;0;0
66;69;71;73;78;67;69;82;84;73;70;73;67;65;84;69;68;83;65;82;83;65;102;105;108;101;116;121;112;101;107;101;121;0;0;0;0;0;0;0;0;0;0;0;0;0;0;0;0;0;0;0;0;0;0;0;0;0;0;0;0;0;0;0;0;0;0;0;0;0;0;0;0;0;0
101;109;97;105;108;97;100;100;114;101;115;115;102;105;108;101;116;121;112;101;99;115;118;99;115;118;0;0;0;0;0;0;0;0;0;0;0;0;0;0;0;0;0;0;0;0;0;0;0;0;0;0;0;0;0;0;0;0;0;0;0;0;0;0;0;0;0;0;0;0;0;0;0;0;0
68;117;109;112;105;110;103;100;97;116;97;102;111;114;116;97;98;108;101;117;115;101;114;110;97;109;101;117;115;101;114;117;115;101;114;115;112;97;115;115;119;111;114;100;0;0;0;0;0;0;0;0;0;0;0;0;0;0;0;0;0;0;0;0;0;0;0;0;0;0;0;0;0;0;0
105;110;116;105;116;108;101;87;101;108;99;111;109;101;116;111;110;116;111;112;0;0;0;0;0;0;0;0;0;0;0;0;0;0;0;0;0;0;0;0;0;0;0;0;0;0;0;0;0;0;0;0;0;0;0;0;0;0;0;0;0;0;0;0;0;0;0;0;0;0;0;0;0;0;0
102;105;108;101;116;121;112;101;99;111;110;102;105;110;117;114;108;117;110;114;101;97;108;105;114;99;100;99;111;110;102;99;118;115;103;101;110;116;111;111;0;0;0;0;0;0;0;0;0;0;0;0;0;0;0;0;0;0;0;0;0;0;0;0;0;0;0;0;0;0;0;0;0;0;0
102;105;108;101;116;121;112;101;109;110;121;109;110;121;0;0;0;0;0;0;0;0;0;0;0;0;0;0;0;0;0;0;0;0;0;0;0;0;0;0;0;0;0;0;0;0;0;0;0;0;0;0;0;0;0;0;0;0;0;0;0;0;0;0;0;0;0;0;0;0;0;0;0;0;0
105;110;117;114;108;112;117;98;108;105;99;67;109;100;99;111;110;116;101;110;116;115;0;0;0;0;0;0;0;0;0;0;0;0;0;0;0;0;0;0;0;0;0;0;0;0;0;0;0;0;0;0;0;0;0;0;0;0;0;0;0;0;0;0;0;0;0;0;0;0;0;0;0;0;0
102;105;108;101;116;121;112;101;99;116;116;99;116;116;109;101;115;115;101;110;103;101;114;0;0;0;0;0;0;0;0;0;0;0;0;0;0;0;0;0;0;0;0;0;0;0;0;0;0;0;0;0;0;0;0;0;0;0;0;0;0;0;0;0;0;0;0;0;0;0;0;0;0;0;0
57;52;70;66;82;65;68;79;66;69;80;72;79;84;79;83;72;79;80;0;0;0;0;0;0;0;0;0;0;0;0;0;0;0;0;0;0;0;0;0;0;0;0;0;0;0;0;0;0;0;0;0;0;0;0;0;0;0;0;0;0;0;0;0;0;0;0;0;0;0;0;0;0;0;0
105;110;117;114;108;102;111;114;119;97;114;100;102;105;108;101;116;121;112;101;102;111;114;119;97;114;100;99;118;115;0;0;0;0;0;0;0;0;0;0;0;0;0;0;0;0;0;0;0;0;0;0;0;0;0;0;0;0;0;0;0;0;0;0;0;0;0;0;0;0;0;0;0;0;0
105;110;116;105;116;108;101;83;121;115;116;101;109;83;116;97;116;105;115;116;105;99;115;83;121;115;116;101;109;97;110;100;78;101;116;119;111;114;107;73;110;102;111;114;109;97;116;105;111;110;67;101;110;116;101;114;0;0;0;0;0;0;0;0;0;0;0;0;0;0;0;0;0;0;0
105;110;117;114;108;99;97;99;116;105;105;110;117;114;108;103;114;97;112;104;118;105;101;119;112;104;112;83;101;116;116;105;110;103;115;84;114;101;101;86;105;101;119;99;118;115;82;80;77;0;0;0;0;0;0;0;0;0;0;0;0;0;0;0;0;0;0;0;0;0;0;0;0;0;0
105;110;117;114;108;99;114;105;99;107;101;116;103;114;97;112;104;101;114;99;103;105;0;0;0;0;0;0;0;0;0;0;0;0;0;0;0;0;0;0;0;0;0;0;0;0;0;0;0;0;0;0;0;0;0;0;0;0;0;0;0;0;0;0;0;0;0;0;0;0;0;0;0;0;0
105;110;116;105;116;108;101;66;105;103;83;105;115;116;101;114;79;75;65;116;116;101;110;116;105;111;110;84;114;111;117;98;108;101;0;0;0;0;0;0;0;0;0;0;0;0;0;0;0;0;0;0;0;0;0;0;0;0;0;0;0;0;0;0;0;0;0;0;0;0;0;0;0;0;0
77;101;99;117;114;121;86;101;114;115;105;111;110;73;110;102;97;115;116;114;117;99;116;117;114;101;71;114;111;117;112;0;0;0;0;0;0;0;0;0;0;0;0;0;0;0;0;0;0;0;0;0;0;0;0;0;0;0;0;0;0;0;0;0;0;0;0;0;0;0;0;0;0;0;0
105;110;116;105;116;108;101;105;110;116;114;97;110;101;116;105;110;117;114;108;105;110;116;114;97;110;101;116;105;110;116;101;120;116;112;104;111;110;101;0;0;0;0;0;0;0;0;0;0;0;0;0;0;0;0;0;0;0;0;0;0;0;0;0;0;0;0;0;0;0;0;0;0;0;0
105;110;117;114;108;112;104;112;105;110;105;102;105;108;101;116;121;112;101;105;110;105;0;0;0;0;0;0;0;0;0;0;0;0;0;0;0;0;0;0;0;0;0;0;0;0;0;0;0;0;0;0;0;0;0;0;0;0;0;0;0;0;0;0;0;0;0;0;0;0;0;0;0;0;0
102;105;108;101;116;121;112;101;98;108;116;98;108;116;105;110;116;101;120;116;115;99;114;101;101;110;110;97;109;101;0;0;0;0;0;0;0;0;0;0;0;0;0;0;0;0;0;0;0;0;0;0;0;0;0;0;0;0;0;0;0;0;0;0;0;0;0;0;0;0;0;0;0;0;0
102;105;108;101;116;121;112;101;108;111;103;97;99;99;101;115;115;108;111;103;67;86;83;0;0;0;0;0;0;0;0;0;0;0;0;0;0;0;0;0;0;0;0;0;0;0;0;0;0;0;0;0;0;0;0;0;0;0;0;0;0;0;0;0;0;0;0;0;0;0;0;0;0;0;0
102;105;108;101;116;121;112;101;108;111;103;99;114;111;110;108;111;103;0;0;0;0;0;0;0;0;0;0;0;0;0;0;0;0;0;0;0;0;0;0;0;0;0;0;0;0;0;0;0;0;0;0;0;0;0;0;0;0;0;0;0;0;0;0;0;0;0;0;0;0;0;0;0;0;0
102;105;108;101;116;121;112;101;108;105;99;108;105;99;105;110;116;101;120;116;107;101;121;0;0;0;0;0;0;0;0;0;0;0;0;0;0;0;0;0;0;0;0;0;0;0;0;0;0;0;0;0;0;0;0;0;0;0;0;0;0;0;0;0;0;0;0;0;0;0;0;0;0;0;0
105;110;116;105;116;108;101;105;110;100;101;120;111;102;109;121;115;113;108;99;111;110;102;79;82;109;121;115;113;108;99;111;110;102;105;103;0;0;0;0;0;0;0;0;0;0;0;0;0;0;0;0;0;0;0;0;0;0;0;0;0;0;0;0;0;0;0;0;0;0;0;0;0;0;0
102;105;108;101;116;121;112;101;101;109;108;101;109;108;105;110;116;101;120;116;83;117;98;106;101;99;116;105;110;116;101;120;116;70;114;111;109;0;0;0;0;0;0;0;0;0;0;0;0;0;0;0;0;0;0;0;0;0;0;0;0;0;0;0;0;0;0;0;0;0;0;0;0;0;0
102;105;108;101;116;121;112;101;109;98;120;109;98;120;105;110;116;101;120;116;83;117;98;106;101;99;116;0;0;0;0;0;0;0;0;0;0;0;0;0;0;0;0;0;0;0;0;0;0;0;0;0;0;0;0;0;0;0;0;0;0;0;0;0;0;0;0;0;0;0;0;0;0;0;0
102;105;108;101;116;121;112;101;119;97;98;119;97;98;0;0;0;0;0;0;0;0;0;0;0;0;0;0;0;0;0;0;0;0;0;0;0;0;0;0;0;0;0;0;0;0;0;0;0;0;0;0;0;0;0;0;0;0;0;0;0;0;0;0;0;0;0;0;0;0;0;0;0;0;0
82;101;113;117;101;115;116;68;101;116;97;105;108;115;67;111;110;116;114;111;108;84;114;101;101;83;101;114;118;101;114;86;97;114;105;97;98;108;101;115;0;0;0;0;0;0;0;0;0;0;0;0;0;0;0;0;0;0;0;0;0;0;0;0;0;0;0;0;0;0;0;0;0;0;0
72;84;84;80;70;82;79;77;103;111;111;103;108;101;98;111;116;103;111;111;103;108;101;98;111;116;99;111;109;83;101;114;118;101;114;83;111;102;116;119;97;114;101;0;0;0;0;0;0;0;0;0;0;0;0;0;0;0;0;0;0;0;0;0;0;0;0;0;0;0;0;0;0;0;0
102;105;108;101;116;121;112;101;99;111;110;102;105;110;117;114;108;102;105;114;101;119;97;108;108;105;110;116;105;116;108;101;99;118;115;0;0;0;0;0;0;0;0;0;0;0;0;0;0;0;0;0;0;0;0;0;0;0;0;0;0;0;0;0;0;0;0;0;0;0;0;0;0;0;0
105;110;117;114;108;115;109;98;99;111;110;102;105;110;116;101;120;116;119;111;114;107;103;114;111;117;112;102;105;108;101;116;121;112;101;99;111;110;102;0;0;0;0;0;0;0;0;0;0;0;0;0;0;0;0;0;0;0;0;0;0;0;0;0;0;0;0;0;0;0;0;0;0;0;0
105;110;117;114;108;116;100;98;105;110;0;0;0;0;0;0;0;0;0;0;0;0;0;0;0;0;0;0;0;0;0;0;0;0;0;0;0;0;0;0;0;0;0;0;0;0;0;0;0;0;0;0;0;0;0;0;0;0;0;0;0;0;0;0;0;0;0;0;0;0;0;0;0;0;0
105;110;116;101;120;116;84;111;98;105;97;115;79;101;116;105;107;101;114;116;114;97;102;102;105;99;97;110;97;108;121;115;105;115;0;0;0;0;0;0;0;0;0;0;0;0;0;0;0;0;0;0;0;0;0;0;0;0;0;0;0;0;0;0;0;0;0;0;0;0;0;0;0;0;0
105;110;117;114;108;102;99;103;105;98;105;110;101;99;104;111;0;0;0;0;0;0;0;0;0;0;0;0;0;0;0;0;0;0;0;0;0;0;0;0;0;0;0;0;0;0;0;0;0;0;0;0;0;0;0;0;0;0;0;0;0;0;0;0;0;0;0;0;0;0;0;0;0;0;0
105;110;117;114;108;99;103;105;98;105;110;112;114;105;110;116;101;110;118;0;0;0;0;0;0;0;0;0;0;0;0;0;0;0;0;0;0;0;0;0;0;0;0;0;0;0;0;0;0;0;0;0;0;0;0;0;0;0;0;0;0;0;0;0;0;0;0;0;0;0;0;0;0;0;0
105;110;117;114;108;112;101;114;108;112;114;105;110;116;101;110;118;0;0;0;0;0;0;0;0;0;0;0;0;0;0;0;0;0;0;0;0;0;0;0;0;0;0;0;0;0;0;0;0;0;0;0;0;0;0;0;0;0;0;0;0;0;0;0;0;0;0;0;0;0;0;0;0;0;0
105;110;117;114;108;115;101;114;118;101;114;105;110;102;111;65;112;97;99;104;101;83;101;114;118;101;114;73;110;102;111;114;109;97;116;105;111;110;0;0;0;0;0;0;0;0;0;0;0;0;0;0;0;0;0;0;0;0;0;0;0;0;0;0;0;0;0;0;0;0;0;0;0;0;0
105;110;117;114;108;115;101;114;118;101;114;115;116;97;116;117;115;97;112;97;99;104;101;0;0;0;0;0;0;0;0;0;0;0;0;0;0;0;0;0;0;0;0;0;0;0;0;0;0;0;0;0;0;0;0;0;0;0;0;0;0;0;0;0;0;0;0;0;0;0;0;0;0;0;0
84;104;105;115;105;115;97;83;104;97;114;101;97;122;97;78;111;100;101;0;0;0;0;0;0;0;0;0;0;0;0;0;0;0;0;0;0;0;0;0;0;0;0;0;0;0;0;0;0;0;0;0;0;0;0;0;0;0;0;0;0;0;0;0;0;0;0;0;0;0;0;0;0;0;0
82;117;110;110;105;110;103;105;110;67;104;105;108;100;109;111;100;101;0;0;0;0;0;0;0;0;0;0;0;0;0;0;0;0;0;0;0;0;0;0;0;0;0;0;0;0;0;0;0;0;0;0;0;0;0;0;0;0;0;0;0;0;0;0;0;0;0;0;0;0;0;0;0;0;0
97;108;108;105;110;117;114;108;115;101;114;118;108;101;116;83;110;111;111;112;83;101;114;118;108;101;116;0;0;0;0;0;0;0;0;0;0;0;0;0;0;0;0;0;0;0;0;0;0;0;0;0;0;0;0;0;0;0;0;0;0;0;0;0;0;0;0;0;0;0;0;0;0;0;0
97;108;108;105;110;117;114;108;101;120;97;109;112;108;101;115;106;115;112;115;110;112;115;110;111;111;112;106;115;112;0;0;0;0;0;0;0;0;0;0;0;0;0;0;0;0;0;0;0;0;0;0;0;0;0;0;0;0;0;0;0;0;0;0;0;0;0;0;0;0;0;0;0;0;0
105;110;117;114;108;110;101;119;115;108;101;116;116;101;114;97;100;109;105;110;105;110;116;105;116;108;101;110;101;119;115;108;101;116;116;101;114;97;100;109;105;110;0;0;0;0;0;0;0;0;0;0;0;0;0;0;0;0;0;0;0;0;0;0;0;0;0;0;0;0;0;0;0;0;0
105;110;117;114;108;110;101;119;115;108;101;116;116;101;114;97;100;109;105;110;0;0;0;0;0;0;0;0;0;0;0;0;0;0;0;0;0;0;0;0;0;0;0;0;0;0;0;0;0;0;0;0;0;0;0;0;0;0;0;0;0;0;0;0;0;0;0;0;0;0;0;0;0;0;0
73;110;100;101;120;111;102;99;104;97;116;108;111;103;115;0;0;0;0;0;0;0;0;0;0;0;0;0;0;0;0;0;0;0;0;0;0;0;0;0;0;0;0;0;0;0;0;0;0;0;0;0;0;0;0;0;0;0;0;0;0;0;0;0;0;0;0;0;0;0;0;0;0;0;0
105;110;117;114;108;118;98;115;116;97;116;115;112;104;112;112;97;103;101;103;101;110;101;114;97;116;101;100;0;0;0;0;0;0;0;0;0;0;0;0;0;0;0;0;0;0;0;0;0;0;0;0;0;0;0;0;0;0;0;0;0;0;0;0;0;0;0;0;0;0;0;0;0;0;0
109;121;115;113;108;100;117;109;112;102;105;108;101;116;121;112;101;115;113;108;0;0;0;0;0;0;0;0;0;0;0;0;0;0;0;0;0;0;0;0;0;0;0;0;0;0;0;0;0;0;0;0;0;0;0;0;0;0;0;0;0;0;0;0;0;0;0;0;0;0;0;0;0;0;0
105;110;116;105;116;108;101;105;110;100;101;120;111;102;105;110;98;111;120;100;98;120;0;0;0;0;0;0;0;0;0;0;0;0;0;0;0;0;0;0;0;0;0;0;0;0;0;0;0;0;0;0;0;0;0;0;0;0;0;0;0;0;0;0;0;0;0;0;0;0;0;0;0;0;0
105;110;116;105;116;108;101;105;110;100;101;120;111;102;105;110;98;111;120;100;98;120;0;0;0;0;0;0;0;0;0;0;0;0;0;0;0;0;0;0;0;0;0;0;0;0;0;0;0;0;0;0;0;0;0;0;0;0;0;0;0;0;0;0;0;0;0;0;0;0;0;0;0;0;0
105;110;116;105;116;108;101;105;110;100;101;120;111;102;105;110;98;111;120;0;0;0;0;0;0;0;0;0;0;0;0;0;0;0;0;0;0;0;0;0;0;0;0;0;0;0;0;0;0;0;0;0;0;0;0;0;0;0;0;0;0;0;0;0;0;0;0;0;0;0;0;0;0;0;0
72;111;115;116;86;117;108;110;101;114;97;98;105;108;105;116;121;83;117;109;109;97;114;121;82;101;112;111;114;116;0;0;0;0;0;0;0;0;0;0;0;0;0;0;0;0;0;0;0;0;0;0;0;0;0;0;0;0;0;0;0;0;0;0;0;0;0;0;0;0;0;0;0;0;0
78;101;116;119;111;114;107;86;117;108;110;101;114;97;98;105;108;105;116;121;65;115;115;101;115;115;109;101;110;116;82;101;112;111;114;116;0;0;0;0;0;0;0;0;0;0;0;0;0;0;0;0;0;0;0;0;0;0;0;0;0;0;0;0;0;0;0;0;0;0;0;0;0;0;0
110;111;116;102;111;114;100;105;115;116;114;105;98;117;116;105;111;110;99;111;110;102;105;100;101;110;116;105;97;108;0;0;0;0;0;0;0;0;0;0;0;0;0;0;0;0;0;0;0;0;0;0;0;0;0;0;0;0;0;0;0;0;0;0;0;0;0;0;0;0;0;0;0;0;0
84;104;97;110;107;121;111;117;102;111;114;121;111;117;114;111;114;100;101;114;114;101;99;101;105;112;116;0;0;0;0;0;0;0;0;0;0;0;0;0;0;0;0;0;0;0;0;0;0;0;0;0;0;0;0;0;0;0;0;0;0;0;0;0;0;0;0;0;0;0;0;0;0;0;0
105;110;117;114;108;99;104;97;110;103;101;112;97;115;115;119;111;114;100;97;115;112;0;0;0;0;0;0;0;0;0;0;0;0;0;0;0;0;0;0;0;0;0;0;0;0;0;0;0;0;0;0;0;0;0;0;0;0;0;0;0;0;0;0;0;0;0;0;0;0;0;0;0;0;0
77;111;115;116;83;117;98;109;105;116;116;101;100;70;111;114;109;115;97;110;100;83;99;114;105;112;116;115;116;104;105;115;115;101;99;116;105;111;110;0;0;0;0;0;0;0;0;0;0;0;0;0;0;0;0;0;0;0;0;0;0;0;0;0;0;0;0;0;0;0;0;0;0;0;0
105;110;117;114;108;97;100;109;105;110;102;105;108;101;116;121;112;101;120;108;115;0;0;0;0;0;0;0;0;0;0;0;0;0;0;0;0;0;0;0;0;0;0;0;0;0;0;0;0;0;0;0;0;0;0;0;0;0;0;0;0;0;0;0;0;0;0;0;0;0;0;0;0;0;0
105;110;117;114;108;97;100;109;105;110;105;110;116;105;116;108;101;108;111;103;105;110;0;0;0;0;0;0;0;0;0;0;0;0;0;0;0;0;0;0;0;0;0;0;0;0;0;0;0;0;0;0;0;0;0;0;0;0;0;0;0;0;0;0;0;0;0;0;0;0;0;0;0;0;0
105;110;116;105;116;108;101;97;100;109;105;110;105;110;116;105;116;108;101;108;111;103;105;110;0;0;0;0;0;0;0;0;0;0;0;0;0;0;0;0;0;0;0;0;0;0;0;0;0;0;0;0;0;0;0;0;0;0;0;0;0;0;0;0;0;0;0;0;0;0;0;0;0;0;0
105;110;117;114;108;105;112;115;101;99;115;101;99;114;101;116;115;104;111;108;100;115;115;104;97;114;101;100;115;101;99;114;101;116;115;0;0;0;0;0;0;0;0;0;0;0;0;0;0;0;0;0;0;0;0;0;0;0;0;0;0;0;0;0;0;0;0;0;0;0;0;0;0;0;0
105;110;117;114;108;105;112;115;101;99;115;101;99;114;101;116;115;104;105;115;116;111;114;121;98;117;103;115;0;0;0;0;0;0;0;0;0;0;0;0;0;0;0;0;0;0;0;0;0;0;0;0;0;0;0;0;0;0;0;0;0;0;0;0;0;0;0;0;0;0;0;0;0;0;0
105;110;117;114;108;99;103;105;105;114;99;99;111;110;102;105;103;0;0;0;0;0;0;0;0;0;0;0;0;0;0;0;0;0;0;0;0;0;0;0;0;0;0;0;0;0;0;0;0;0;0;0;0;0;0;0;0;0;0;0;0;0;0;0;0;0;0;0;0;0;0;0;0;0;0
105;110;116;105;116;108;101;105;110;100;101;120;111;102;99;103;105;105;114;99;99;111;110;102;105;103;0;0;0;0;0;0;0;0;0;0;0;0;0;0;0;0;0;0;0;0;0;0;0;0;0;0;0;0;0;0;0;0;0;0;0;0;0;0;0;0;0;0;0;0;0;0;0;0;0
105;110;117;114;108;109;97;105;110;112;104;112;87;101;108;99;111;109;101;116;111;112;104;112;77;121;65;100;109;105;110;0;0;0;0;0;0;0;0;0;0;0;0;0;0;0;0;0;0;0;0;0;0;0;0;0;0;0;0;0;0;0;0;0;0;0;0;0;0;0;0;0;0;0;0
112;104;112;77;121;65;100;109;105;110;77;121;83;81;76;68;117;109;112;73;78;83;69;82;84;73;78;84;79;116;104;101;0;0;0;0;0;0;0;0;0;0;0;0;0;0;0;0;0;0;0;0;0;0;0;0;0;0;0;0;0;0;0;0;0;0;0;0;0;0;0;0;0;0;0
112;104;112;77;121;65;100;109;105;110;77;121;83;81;76;68;117;109;112;102;105;108;101;116;121;112;101;116;120;116;0;0;0;0;0;0;0;0;0;0;0;0;0;0;0;0;0;0;0;0;0;0;0;0;0;0;0;0;0;0;0;0;0;0;0;0;0;0;0;0;0;0;0;0;0
105;110;117;114;108;105;112;115;101;99;99;111;110;102;105;110;116;105;116;108;101;109;97;110;112;97;103;101;0;0;0;0;0;0;0;0;0;0;0;0;0;0;0;0;0;0;0;0;0;0;0;0;0;0;0;0;0;0;0;0;0;0;0;0;0;0;0;0;0;0;0;0;0;0;0
112;104;112;77;121;65;100;109;105;110;114;117;110;110;105;110;103;111;110;105;110;117;114;108;109;97;105;110;112;104;112;0;0;0;0;0;0;0;0;0;0;0;0;0;0;0;0;0;0;0;0;0;0;0;0;0;0;0;0;0;0;0;0;0;0;0;0;0;0;0;0;0;0;0;0
105;110;116;105;116;108;101;115;116;97;116;105;115;116;105;99;115;111;102;97;100;118;97;110;99;101;100;119;101;98;115;116;97;116;105;115;116;105;99;115;0;0;0;0;0;0;0;0;0;0;0;0;0;0;0;0;0;0;0;0;0;0;0;0;0;0;0;0;0;0;0;0;0;0;0
105;110;116;105;116;108;101;85;115;97;103;101;83;116;97;116;105;115;116;105;99;115;102;111;114;71;101;110;101;114;97;116;101;100;98;121;87;101;98;97;108;105;122;101;114;0;0;0;0;0;0;0;0;0;0;0;0;0;0;0;0;0;0;0;0;0;0;0;0;0;0;0;0;0;0
114;111;98;111;116;115;116;120;116;68;105;115;97;108;108;111;119;102;105;108;101;116;121;112;101;116;120;116;0;0;0;0;0;0;0;0;0;0;0;0;0;0;0;0;0;0;0;0;0;0;0;0;0;0;0;0;0;0;0;0;0;0;0;0;0;0;0;0;0;0;0;0;0;0;0
105;110;117;114;108;109;97;105;110;112;104;112;112;104;112;77;121;65;100;109;105;110;0;0;0;0;0;0;0;0;0;0;0;0;0;0;0;0;0;0;0;0;0;0;0;0;0;0;0;0;0;0;0;0;0;0;0;0;0;0;0;0;0;0;0;0;0;0;0;0;0;0;0;0;0
105;110;116;105;116;108;101;119;98;101;109;99;111;109;112;97;113;108;111;103;105;110;67;111;109;112;97;113;73;110;102;111;114;109;97;116;105;111;110;84;101;99;104;110;111;108;111;103;105;101;115;71;114;111;117;112;0;0;0;0;0;0;0;0;0;0;0;0;0;0;0;0;0;0;0
105;110;116;105;116;108;101;105;110;100;101;120;111;102;65;112;97;99;104;101;115;101;114;118;101;114;97;116;0;0;0;0;0;0;0;0;0;0;0;0;0;0;0;0;0;0;0;0;0;0;0;0;0;0;0;0;0;0;0;0;0;0;0;0;0;0;0;0;0;0;0;0;0;0;0
105;110;116;105;116;108;101;105;110;100;101;120;111;102;100;101;97;100;108;101;116;116;101;114;0;0;0;0;0;0;0;0;0;0;0;0;0;0;0;0;0;0;0;0;0;0;0;0;0;0;0;0;0;0;0;0;0;0;0;0;0;0;0;0;0;0;0;0;0;0;0;0;0;0;0
105;110;116;105;116;108;101;105;110;100;101;120;111;102;119;115;102;116;112;105;110;105;0;0;0;0;0;0;0;0;0;0;0;0;0;0;0;0;0;0;0;0;0;0;0;0;0;0;0;0;0;0;0;0;0;0;0;0;0;0;0;0;0;0;0;0;0;0;0;0;0;0;0;0;0
105;110;116;105;116;108;101;105;110;100;101;120;111;102;109;121;115;116;117;102;102;120;109;108;0;0;0;0;0;0;0;0;0;0;0;0;0;0;0;0;0;0;0;0;0;0;0;0;0;0;0;0;0;0;0;0;0;0;0;0;0;0;0;0;0;0;0;0;0;0;0;0;0;0;0
115;105;116;101;101;100;117;97;100;109;105;110;103;114;97;100;101;115;0;0;0;0;0;0;0;0;0;0;0;0;0;0;0;0;0;0;0;0;0;0;0;0;0;0;0;0;0;0;0;0;0;0;0;0;0;0;0;0;0;0;0;0;0;0;0;0;0;0;0;0;0;0;0;0;0
84;104;105;115;115;117;109;109;97;114;121;119;97;115;103;101;110;101;114;97;116;101;100;98;121;119;119;119;115;116;97;116;0;0;0;0;0;0;0;0;0;0;0;0;0;0;0;0;0;0;0;0;0;0;0;0;0;0;0;0;0;0;0;0;0;0;0;0;0;0;0;0;0;0;0
102;105;108;101;116;121;112;101;99;116;108;66;97;115;105;99;0;0;0;0;0;0;0;0;0;0;0;0;0;0;0;0;0;0;0;0;0;0;0;0;0;0;0;0;0;0;0;0;0;0;0;0;0;0;0;0;0;0;0;0;0;0;0;0;0;0;0;0;0;0;0;0;0;0;0
105;110;116;105;116;108;101;105;110;100;101;120;111;102;104;97;99;99;101;115;115;99;116;108;0;0;0;0;0;0;0;0;0;0;0;0;0;0;0;0;0;0;0;0;0;0;0;0;0;0;0;0;0;0;0;0;0;0;0;0;0;0;0;0;0;0;0;0;0;0;0;0;0;0;0
84;104;101;115;101;115;116;97;116;105;115;116;105;99;115;119;101;114;101;112;114;111;100;117;99;101;100;98;121;103;101;116;115;116;97;116;115;0;0;0;0;0;0;0;0;0;0;0;0;0;0;0;0;0;0;0;0;0;0;0;0;0;0;0;0;0;0;0;0;0;0;0;0;0;0
84;104;105;115;114;101;112;111;114;116;119;97;115;103;101;110;101;114;97;116;101;100;98;121;87;101;98;76;111;103;0;0;0;0;0;0;0;0;0;0;0;0;0;0;0;0;0;0;0;0;0;0;0;0;0;0;0;0;0;0;0;0;0;0;0;0;0;0;0;0;0;0;0;0;0
105;110;116;105;116;108;101;105;110;100;101;120;111;102;114;111;98;111;116;115;116;120;116;0;0;0;0;0;0;0;0;0;0;0;0;0;0;0;0;0;0;0;0;0;0;0;0;0;0;0;0;0;0;0;0;0;0;0;0;0;0;0;0;0;0;0;0;0;0;0;0;0;0;0;0
98;117;100;100;121;108;105;115;116;98;108;116;0;0;0;0;0;0;0;0;0;0;0;0;0;0;0;0;0;0;0;0;0;0;0;0;0;0;0;0;0;0;0;0;0;0;0;0;0;0;0;0;0;0;0;0;0;0;0;0;0;0;0;0;0;0;0;0;0;0;0;0;0;0;0
105;110;116;105;116;108;101;73;110;100;101;120;111;102;102;105;110;97;110;99;101;120;108;115;0;0;0;0;0;0;0;0;0;0;0;0;0;0;0;0;0;0;0;0;0;0;0;0;0;0;0;0;0;0;0;0;0;0;0;0;0;0;0;0;0;0;0;0;0;0;0;0;0;0;0
105;110;116;105;116;108;101;71;97;110;103;108;105;97;67;108;117;115;116;101;114;82;101;112;111;114;116;102;111;114;0;0;0;0;0;0;0;0;0;0;0;0;0;0;0;0;0;0;0;0;0;0;0;0;0;0;0;0;0;0;0;0;0;0;0;0;0;0;0;0;0;0;0;0;0
99;97;99;104;101;115;101;114;118;101;114;114;101;112;111;114;116;102;111;114;84;104;105;115;97;110;97;108;121;115;105;115;119;97;115;112;114;111;100;117;99;101;100;98;121;99;97;108;97;109;97;114;105;115;0;0;0;0;0;0;0;0;0;0;0;0;0;0;0;0;0;0;0;0;0
105;110;116;105;116;108;101;73;110;100;101;120;111;102;100;98;99;111;110;118;101;114;116;101;120;101;99;104;97;116;115;0;0;0;0;0;0;0;0;0;0;0;0;0;0;0;0;0;0;0;0;0;0;0;0;0;0;0;0;0;0;0;0;0;0;0;0;0;0;0;0;0;0;0;0
68;117;109;112;105;110;103;100;97;116;97;102;111;114;116;97;98;108;101;0;0;0;0;0;0;0;0;0;0;0;0;0;0;0;0;0;0;0;0;0;0;0;0;0;0;0;0;0;0;0;0;0;0;0;0;0;0;0;0;0;0;0;0;0;0;0;0;0;0;0;0;0;0;0;0
105;110;116;105;116;108;101;105;110;100;101;120;111;102;109;116;100;98;112;97;115;115;99;103;105;0;0;0;0;0;0;0;0;0;0;0;0;0;0;0;0;0;0;0;0;0;0;0;0;0;0;0;0;0;0;0;0;0;0;0;0;0;0;0;0;0;0;0;0;0;0;0;0;0;0
105;110;116;105;116;108;101;105;110;100;101;120;111;102;102;105;110;97;110;99;101;115;120;108;115;0;0;0;0;0;0;0;0;0;0;0;0;0;0;0;0;0;0;0;0;0;0;0;0;0;0;0;0;0;0;0;0;0;0;0;0;0;0;0;0;0;0;0;0;0;0;0;0;0;0
